timestamp,Actual,Forecast
2018-10-02 00:00:00+00:00,44899.0,45695.59
2018-10-02 01:00:00+00:00,45550.0,45111.17
2018-10-02 02:00:00+00:00,47150.0,47055.05
2018-10-02 03:00:00+00:00,51794.0,51308.316
2018-10-02 04:00:00+00:00,59531.0,61377.23
2018-10-02 05:00:00+00:00,64753.0,64685.324
2018-10-02 06:00:00+00:00,66960.0,67244.96
2018-10-02 07:00:00+00:00,67635.0,67790.81
2018-10-02 08:00:00+00:00,68350.0,69051.61
2018-10-02 09:00:00+00:00,70225.0,69322.25
2018-10-02 10:00:00+00:00,70294.0,69996.586
2018-10-02 11:00:00+00:00,69599.0,69800.17
2018-10-02 12:00:00+00:00,69011.0,68508.16
2018-10-02 13:00:00+00:00,67694.0,67935.086
2018-10-02 14:00:00+00:00,66139.0,66233.625
2018-10-02 15:00:00+00:00,64971.0,66036.96
2018-10-02 16:00:00+00:00,65365.0,66156.984
2018-10-02 17:00:00+00:00,66939.0,67600.46
2018-10-02 18:00:00+00:00,63690.0,65639.66
2018-10-02 19:00:00+00:00,59465.0,60337.07
2018-10-02 20:00:00+00:00,55575.0,55946.715
2018-10-02 21:00:00+00:00,51957.0,51308.617
2018-10-02 22:00:00+00:00,49025.0,48971.914
2018-10-02 23:00:00+00:00,47282.0,47337.02
2018-10-03 00:00:00+00:00,46233.0,46700.152
2018-10-03 01:00:00+00:00,45604.0,46493.34
2018-10-03 02:00:00+00:00,45375.0,46053.555
2018-10-03 03:00:00+00:00,45138.0,46550.914
2018-10-03 04:00:00+00:00,44680.0,46018.254
2018-10-03 05:00:00+00:00,46324.0,46172.914
2018-10-03 06:00:00+00:00,49490.0,49403.613
2018-10-03 07:00:00+00:00,52637.0,52640.22
2018-10-03 08:00:00+00:00,54592.0,54701.125
2018-10-03 09:00:00+00:00,55999.0,55979.605
2018-10-03 10:00:00+00:00,55412.0,55729.664
2018-10-03 11:00:00+00:00,52956.0,53823.055
2018-10-03 12:00:00+00:00,51705.0,51262.68
2018-10-03 13:00:00+00:00,50661.0,51012.4
2018-10-03 14:00:00+00:00,50013.0,50385.746
2018-10-03 15:00:00+00:00,51084.0,51097.11
2018-10-03 16:00:00+00:00,53401.0,54967.207
2018-10-03 17:00:00+00:00,55972.0,55404.01
2018-10-03 18:00:00+00:00,54307.0,53885.727
2018-10-03 19:00:00+00:00,52005.0,52325.496
2018-10-03 20:00:00+00:00,50631.0,51714.867
2018-10-03 21:00:00+00:00,47114.0,47616.734
2018-10-03 22:00:00+00:00,44492.0,43935.98
2018-10-03 23:00:00+00:00,42965.0,42110.117
2018-10-04 00:00:00+00:00,42109.0,41509.37
2018-10-04 01:00:00+00:00,42915.0,41969.285
2018-10-04 02:00:00+00:00,44760.0,43907.727
2018-10-04 03:00:00+00:00,49195.0,47473.19
2018-10-04 04:00:00+00:00,57543.0,58123.008
2018-10-04 05:00:00+00:00,62741.0,63314.867
2018-10-04 06:00:00+00:00,64518.0,65601.336
2018-10-04 07:00:00+00:00,65518.0,65486.11
2018-10-04 08:00:00+00:00,66458.0,66937.96
2018-10-04 09:00:00+00:00,67167.0,67677.08
2018-10-04 10:00:00+00:00,66313.0,66831.79
2018-10-04 11:00:00+00:00,65331.0,65766.69
2018-10-04 12:00:00+00:00,63064.0,64204.773
2018-10-04 13:00:00+00:00,62004.0,62024.203
2018-10-04 14:00:00+00:00,61168.0,60919.156
2018-10-04 15:00:00+00:00,61428.0,61367.395
2018-10-04 16:00:00+00:00,62252.0,62509.73
2018-10-04 17:00:00+00:00,64750.0,62947.637
2018-10-04 18:00:00+00:00,62436.0,62583.883
2018-10-04 19:00:00+00:00,58301.0,58808.176
2018-10-04 20:00:00+00:00,54446.0,54333.258
2018-10-04 21:00:00+00:00,50599.0,50224.727
2018-10-04 22:00:00+00:00,47752.0,47543.36
2018-10-04 23:00:00+00:00,45723.0,46012.605
2018-10-05 00:00:00+00:00,45191.0,44830.9
2018-10-05 01:00:00+00:00,45652.0,45715.945
2018-10-05 02:00:00+00:00,47058.0,47176.812
2018-10-05 03:00:00+00:00,50606.0,50426.492
2018-10-05 04:00:00+00:00,58044.0,58436.082
2018-10-05 05:00:00+00:00,63245.0,63246.047
2018-10-05 06:00:00+00:00,65318.0,65889.14
2018-10-05 07:00:00+00:00,65471.0,66226.96
2018-10-05 08:00:00+00:00,65784.0,66820.62
2018-10-05 09:00:00+00:00,66170.0,66708.59
2018-10-05 10:00:00+00:00,64865.0,65574.87
2018-10-05 11:00:00+00:00,64503.0,64081.16
2018-10-05 12:00:00+00:00,62102.0,63510.113
2018-10-05 13:00:00+00:00,61673.0,61132.07
2018-10-05 14:00:00+00:00,60173.0,60766.023
2018-10-05 15:00:00+00:00,59746.0,59984.543
2018-10-05 16:00:00+00:00,60369.0,59926.387
2018-10-05 17:00:00+00:00,62610.0,62224.383
2018-10-05 18:00:00+00:00,60078.0,60408.28
2018-10-05 19:00:00+00:00,56670.0,56484.67
2018-10-05 20:00:00+00:00,53141.0,53426.613
2018-10-05 21:00:00+00:00,49521.0,48992.086
2018-10-05 22:00:00+00:00,46110.0,46288.43
2018-10-05 23:00:00+00:00,44212.0,43992.05
2018-10-06 00:00:00+00:00,42981.0,43254.39
2018-10-06 01:00:00+00:00,42551.0,42950.188
2018-10-06 02:00:00+00:00,42981.0,42807.508
2018-10-06 03:00:00+00:00,43768.0,43667.73
2018-10-06 04:00:00+00:00,46129.0,46146.348
2018-10-06 05:00:00+00:00,48732.0,49914.566
2018-10-06 06:00:00+00:00,52215.0,52309.51
2018-10-06 07:00:00+00:00,54157.0,55108.516
2018-10-06 08:00:00+00:00,55594.0,55672.574
2018-10-06 09:00:00+00:00,56375.0,56704.645
2018-10-06 10:00:00+00:00,55411.0,55843.36
2018-10-06 11:00:00+00:00,53256.0,53883.24
2018-10-06 12:00:00+00:00,51522.0,51751.895
2018-10-06 13:00:00+00:00,51030.0,50750.445
2018-10-06 14:00:00+00:00,51053.0,50761.816
2018-10-06 15:00:00+00:00,52014.0,51914.223
2018-10-06 16:00:00+00:00,53125.0,53019.055
2018-10-06 17:00:00+00:00,55389.0,53139.69
2018-10-06 18:00:00+00:00,52716.0,53264.71
2018-10-06 19:00:00+00:00,50040.0,50111.68
2018-10-06 20:00:00+00:00,47791.0,48006.457
2018-10-06 21:00:00+00:00,44414.0,44244.11
2018-10-06 22:00:00+00:00,41100.0,41327.383
2018-10-06 23:00:00+00:00,39449.0,39057.64
2018-10-07 00:00:00+00:00,38352.0,38501.69
2018-10-07 01:00:00+00:00,37482.0,38200.67
2018-10-07 02:00:00+00:00,37413.0,37043.8
2018-10-07 03:00:00+00:00,38307.0,36606.71
2018-10-07 04:00:00+00:00,39134.0,39934.137
2018-10-07 05:00:00+00:00,41768.0,41276.93
2018-10-07 06:00:00+00:00,45156.0,45625.434
2018-10-07 07:00:00+00:00,47907.0,48388.387
2018-10-07 08:00:00+00:00,49759.0,50179.848
2018-10-07 09:00:00+00:00,52341.0,51470.152
2018-10-07 10:00:00+00:00,51602.0,52258.266
2018-10-07 11:00:00+00:00,49362.0,49586.6
2018-10-07 12:00:00+00:00,47771.0,47678.496
2018-10-07 13:00:00+00:00,46909.0,46965.977
2018-10-07 14:00:00+00:00,46810.0,46805.25
2018-10-07 15:00:00+00:00,48271.0,48232.004
2018-10-07 16:00:00+00:00,50837.0,50192.137
2018-10-07 17:00:00+00:00,52944.0,52426.855
2018-10-07 18:00:00+00:00,50983.0,51824.703
2018-10-07 19:00:00+00:00,48746.0,49278.684
2018-10-07 20:00:00+00:00,47912.0,47861.83
2018-10-07 21:00:00+00:00,45199.0,44589.465
2018-10-07 22:00:00+00:00,43553.0,42351.457
2018-10-07 23:00:00+00:00,42250.0,41996.844
2018-10-08 00:00:00+00:00,41840.0,41552.938
2018-10-08 01:00:00+00:00,42316.0,42246.418
2018-10-08 02:00:00+00:00,44578.0,44125.93
2018-10-08 03:00:00+00:00,48840.0,49089.1
2018-10-08 04:00:00+00:00,57738.0,57543.414
2018-10-08 05:00:00+00:00,64107.0,63654.43
2018-10-08 06:00:00+00:00,66436.0,66695.34
2018-10-08 07:00:00+00:00,67239.0,67346.35
2018-10-08 08:00:00+00:00,67955.0,68649.2
2018-10-08 09:00:00+00:00,68363.0,69032.23
2018-10-08 10:00:00+00:00,67005.0,67875.59
2018-10-08 11:00:00+00:00,65461.0,66571.445
2018-10-08 12:00:00+00:00,64693.0,64405.637
2018-10-08 13:00:00+00:00,63817.0,63620.746
2018-10-08 14:00:00+00:00,62257.0,62709.76
2018-10-08 15:00:00+00:00,62476.0,62520.19
2018-10-08 16:00:00+00:00,63828.0,64954.12
2018-10-08 17:00:00+00:00,66299.0,65559.81
2018-10-08 18:00:00+00:00,62616.0,63127.805
2018-10-08 19:00:00+00:00,58828.0,58786.26
2018-10-08 20:00:00+00:00,54645.0,55762.184
2018-10-08 21:00:00+00:00,50325.0,50231.688
2018-10-08 22:00:00+00:00,47589.0,47205.312
2018-10-08 23:00:00+00:00,45820.0,45933.34
2018-10-09 00:00:00+00:00,44933.0,45043.094
2018-10-09 01:00:00+00:00,45461.0,45373.91
2018-10-09 02:00:00+00:00,46792.0,46938.125
2018-10-09 03:00:00+00:00,51106.0,50337.605
2018-10-09 04:00:00+00:00,59209.0,60069.5
2018-10-09 05:00:00+00:00,64183.0,64677.434
2018-10-09 06:00:00+00:00,66350.0,66486.05
2018-10-09 07:00:00+00:00,66777.0,67190.24
2018-10-09 08:00:00+00:00,67374.0,68251.69
2018-10-09 09:00:00+00:00,68288.0,68236.82
2018-10-09 10:00:00+00:00,67400.0,67869.9
2018-10-09 11:00:00+00:00,66873.0,66781.72
2018-10-09 12:00:00+00:00,65542.0,65828.55
2018-10-09 13:00:00+00:00,64583.0,64569.203
2018-10-09 14:00:00+00:00,63100.0,63420.24
2018-10-09 15:00:00+00:00,63309.0,62921.43
2018-10-09 16:00:00+00:00,64131.0,64617.83
2018-10-09 17:00:00+00:00,66596.0,65510.38
2018-10-09 18:00:00+00:00,63316.0,64190.605
2018-10-09 19:00:00+00:00,59295.0,59218.594
2018-10-09 20:00:00+00:00,55090.0,55836.117
2018-10-09 21:00:00+00:00,50941.0,50712.13
2018-10-09 22:00:00+00:00,47537.0,47773.24
2018-10-09 23:00:00+00:00,45766.0,45732.47
2018-10-10 00:00:00+00:00,44970.0,45087.27
2018-10-10 01:00:00+00:00,45353.0,45416.023
2018-10-10 02:00:00+00:00,46724.0,46795.023
2018-10-10 03:00:00+00:00,50188.0,50488.63
2018-10-10 04:00:00+00:00,58211.0,57921.156
2018-10-10 05:00:00+00:00,63905.0,64137.152
2018-10-10 06:00:00+00:00,65618.0,66468.67
2018-10-10 07:00:00+00:00,65670.0,66386.96
2018-10-10 08:00:00+00:00,66622.0,66989.945
2018-10-10 09:00:00+00:00,66883.0,67801.375
2018-10-10 10:00:00+00:00,66237.0,66255.125
2018-10-10 11:00:00+00:00,65764.0,65642.836
2018-10-10 12:00:00+00:00,64345.0,64655.766
2018-10-10 13:00:00+00:00,63698.0,63363.453
2018-10-10 14:00:00+00:00,62459.0,62510.934
2018-10-10 15:00:00+00:00,62806.0,62239.645
2018-10-10 16:00:00+00:00,63985.0,64015.375
2018-10-10 17:00:00+00:00,67135.0,65430.93
2018-10-10 18:00:00+00:00,64604.0,64129.418
2018-10-10 19:00:00+00:00,60506.0,60365.902
2018-10-10 20:00:00+00:00,56220.0,56947.93
2018-10-10 21:00:00+00:00,51630.0,51824.63
2018-10-10 22:00:00+00:00,48247.0,48175.082
2018-10-10 23:00:00+00:00,46561.0,46424.54
2018-10-11 00:00:00+00:00,45700.0,45785.51
2018-10-11 01:00:00+00:00,45769.0,46266.582
2018-10-11 02:00:00+00:00,47560.0,47047.605
2018-10-11 03:00:00+00:00,51751.0,51889.277
2018-10-11 04:00:00+00:00,60575.0,60348.33
2018-10-11 05:00:00+00:00,66106.0,66204.01
2018-10-11 06:00:00+00:00,68125.0,68434.45
2018-10-11 07:00:00+00:00,67844.0,68835.16
2018-10-11 08:00:00+00:00,68087.0,69039.984
2018-10-11 09:00:00+00:00,68148.0,69144.4
2018-10-11 10:00:00+00:00,67595.0,67778.08
2018-10-11 11:00:00+00:00,66719.0,67232.65
2018-10-11 12:00:00+00:00,66380.0,65718.97
2018-10-11 13:00:00+00:00,65499.0,65484.605
2018-10-11 14:00:00+00:00,63994.0,64182.594
2018-10-11 15:00:00+00:00,63969.0,63696.043
2018-10-11 16:00:00+00:00,65429.0,65039.668
2018-10-11 17:00:00+00:00,67531.0,66657.46
2018-10-11 18:00:00+00:00,64322.0,64840.37
2018-10-11 19:00:00+00:00,60580.0,60456.03
2018-10-11 20:00:00+00:00,56481.0,57022.04
2018-10-11 21:00:00+00:00,52005.0,51942.145
2018-10-11 22:00:00+00:00,49453.0,48650.14
2018-10-11 23:00:00+00:00,47394.0,47864.145
2018-10-12 00:00:00+00:00,46301.0,46619.504
2018-10-12 01:00:00+00:00,46613.0,46713.746
2018-10-12 02:00:00+00:00,47881.0,47827.867
2018-10-12 03:00:00+00:00,52036.0,51459.035
2018-10-12 04:00:00+00:00,59928.0,60658.977
2018-10-12 05:00:00+00:00,65376.0,65545.53
2018-10-12 06:00:00+00:00,66788.0,67930.95
2018-10-12 07:00:00+00:00,66463.0,67523.02
2018-10-12 08:00:00+00:00,67321.0,67753.22
2018-10-12 09:00:00+00:00,67322.0,68470.12
2018-10-12 10:00:00+00:00,66286.0,66766.8
2018-10-12 11:00:00+00:00,64621.0,65798.49
2018-10-12 12:00:00+00:00,62873.0,63484.07
2018-10-12 13:00:00+00:00,61772.0,62121.223
2018-10-12 14:00:00+00:00,60642.0,60876.1
2018-10-12 15:00:00+00:00,60948.0,60760.246
2018-10-12 16:00:00+00:00,62702.0,62367.36
2018-10-12 17:00:00+00:00,64852.0,63996.918
2018-10-12 18:00:00+00:00,61494.0,61729.715
2018-10-12 19:00:00+00:00,57609.0,57689.215
2018-10-12 20:00:00+00:00,54183.0,54667.633
2018-10-12 21:00:00+00:00,49802.0,50066.984
2018-10-12 22:00:00+00:00,46216.0,46207.58
2018-10-12 23:00:00+00:00,43961.0,44123.28
2018-10-13 00:00:00+00:00,42552.0,42951.777
2018-10-13 01:00:00+00:00,42103.0,42566.89
2018-10-13 02:00:00+00:00,42729.0,42167.27
2018-10-13 03:00:00+00:00,43334.0,43186.94
2018-10-13 04:00:00+00:00,45660.0,45204.24
2018-10-13 05:00:00+00:00,48976.0,49758.363
2018-10-13 06:00:00+00:00,52342.0,52817.04
2018-10-13 07:00:00+00:00,54681.0,55261.746
2018-10-13 08:00:00+00:00,55997.0,56264.88
2018-10-13 09:00:00+00:00,56434.0,57022.633
2018-10-13 10:00:00+00:00,55579.0,55858.676
2018-10-13 11:00:00+00:00,53537.0,54096.76
2018-10-13 12:00:00+00:00,52030.0,51945.383
2018-10-13 13:00:00+00:00,51018.0,51218.95
2018-10-13 14:00:00+00:00,50447.0,50751.023
2018-10-13 15:00:00+00:00,51438.0,51282.836
2018-10-13 16:00:00+00:00,53370.0,53041.71
2018-10-13 17:00:00+00:00,55412.0,54942.62
2018-10-13 18:00:00+00:00,52669.0,52932.387
2018-10-13 19:00:00+00:00,49656.0,49945.867
2018-10-13 20:00:00+00:00,47636.0,47816.695
2018-10-13 21:00:00+00:00,44355.0,44159.445
2018-10-13 22:00:00+00:00,41557.0,41147.58
2018-10-13 23:00:00+00:00,39536.0,39426.152
2018-10-14 00:00:00+00:00,38223.0,38427.89
2018-10-14 01:00:00+00:00,38512.0,37916.633
2018-10-14 02:00:00+00:00,38496.0,38779.7
2018-10-14 03:00:00+00:00,38945.0,38019.86
2018-10-14 04:00:00+00:00,39819.0,39585.098
2018-10-14 05:00:00+00:00,42035.0,42310.535
2018-10-14 06:00:00+00:00,44937.0,45661.098
2018-10-14 07:00:00+00:00,47083.0,48108.613
2018-10-14 08:00:00+00:00,48630.0,49255.35
2018-10-14 09:00:00+00:00,50708.0,50425.74
2018-10-14 10:00:00+00:00,50700.0,50786.71
2018-10-14 11:00:00+00:00,48865.0,48944.867
2018-10-14 12:00:00+00:00,47549.0,47190.555
2018-10-14 13:00:00+00:00,46977.0,46729.684
2018-10-14 14:00:00+00:00,47097.0,47089.848
2018-10-14 15:00:00+00:00,48113.0,48743.297
2018-10-14 16:00:00+00:00,51225.0,50090.523
2018-10-14 17:00:00+00:00,53695.0,53030.824
2018-10-14 18:00:00+00:00,52030.0,52345.645
2018-10-14 19:00:00+00:00,49631.0,50192.52
2018-10-14 20:00:00+00:00,48040.0,48647.31
2018-10-14 21:00:00+00:00,45347.0,44729.746
2018-10-14 22:00:00+00:00,42886.0,42598.48
2018-10-14 23:00:00+00:00,41661.0,41195.4
2018-10-15 00:00:00+00:00,40952.0,41185.11
2018-10-15 01:00:00+00:00,41405.0,41392.56
2018-10-15 02:00:00+00:00,42867.0,43236.05
2018-10-15 03:00:00+00:00,47423.0,46017.887
2018-10-15 04:00:00+00:00,56249.0,57147.285
2018-10-15 05:00:00+00:00,62750.0,62640.16
2018-10-15 06:00:00+00:00,65443.0,65598.24
2018-10-15 07:00:00+00:00,65263.0,66509.11
2018-10-15 08:00:00+00:00,65638.0,66541.625
2018-10-15 09:00:00+00:00,66628.0,67076.48
2018-10-15 10:00:00+00:00,65541.0,66296.09
2018-10-15 11:00:00+00:00,64633.0,65046.727
2018-10-15 12:00:00+00:00,63591.0,63635.594
2018-10-15 13:00:00+00:00,62795.0,62636.26
2018-10-15 14:00:00+00:00,62005.0,61697.88
2018-10-15 15:00:00+00:00,61941.0,62327.754
2018-10-15 16:00:00+00:00,63957.0,62762.406
2018-10-15 17:00:00+00:00,65905.0,66042.88
2018-10-15 18:00:00+00:00,61932.0,62453.906
2018-10-15 19:00:00+00:00,57673.0,58120.895
2018-10-15 20:00:00+00:00,53965.0,54487.875
2018-10-15 21:00:00+00:00,50272.0,49595.562
2018-10-15 22:00:00+00:00,47327.0,47129.273
2018-10-15 23:00:00+00:00,45647.0,45456.3
2018-10-16 00:00:00+00:00,44782.0,44826.066
2018-10-16 01:00:00+00:00,44971.0,45049.562
2018-10-16 02:00:00+00:00,46225.0,46189.94
2018-10-16 03:00:00+00:00,49912.0,49560.07
2018-10-16 04:00:00+00:00,57768.0,57751.062
2018-10-16 05:00:00+00:00,64077.0,63634.9
2018-10-16 06:00:00+00:00,65646.0,66708.16
2018-10-16 07:00:00+00:00,65571.0,66344.36
2018-10-16 08:00:00+00:00,66004.0,66862.71
2018-10-16 09:00:00+00:00,67141.0,67123.87
2018-10-16 10:00:00+00:00,65733.0,66655.14
2018-10-16 11:00:00+00:00,65129.0,65038.66
2018-10-16 12:00:00+00:00,64292.0,64156.96
2018-10-16 13:00:00+00:00,63358.0,63401.637
2018-10-16 14:00:00+00:00,62224.0,62179.207
2018-10-16 15:00:00+00:00,62653.0,62177.945
2018-10-16 16:00:00+00:00,64696.0,64100.414
2018-10-16 17:00:00+00:00,66100.0,65821.445
2018-10-16 18:00:00+00:00,62653.0,62632.613
2018-10-16 19:00:00+00:00,58332.0,58819.562
2018-10-16 20:00:00+00:00,54423.0,55128.027
2018-10-16 21:00:00+00:00,50462.0,50113.27
2018-10-16 22:00:00+00:00,47663.0,47168.543
2018-10-16 23:00:00+00:00,45858.0,45849.94
2018-10-17 00:00:00+00:00,44862.0,45043.652
2018-10-17 01:00:00+00:00,45367.0,45176.355
2018-10-17 02:00:00+00:00,46807.0,46847.11
2018-10-17 03:00:00+00:00,50299.0,50681.406
2018-10-17 04:00:00+00:00,57405.0,57733.27
2018-10-17 05:00:00+00:00,63804.0,63119.965
2018-10-17 06:00:00+00:00,65528.0,66530.67
2018-10-17 07:00:00+00:00,65523.0,66283.766
2018-10-17 08:00:00+00:00,65762.0,66767.87
2018-10-17 09:00:00+00:00,67451.0,66840.05
2018-10-17 10:00:00+00:00,66646.0,67081.625
2018-10-17 11:00:00+00:00,65843.0,65881.9
2018-10-17 12:00:00+00:00,64672.0,64831.848
2018-10-17 13:00:00+00:00,63629.0,63769.848
2018-10-17 14:00:00+00:00,62050.0,62479.152
2018-10-17 15:00:00+00:00,62116.0,62004.38
2018-10-17 16:00:00+00:00,64587.0,64133.867
2018-10-17 17:00:00+00:00,65993.0,66693.305
2018-10-17 18:00:00+00:00,62300.0,62527.766
2018-10-17 19:00:00+00:00,58105.0,58662.07
2018-10-17 20:00:00+00:00,54056.0,55057.965
2018-10-17 21:00:00+00:00,50326.0,49750.625
2018-10-17 22:00:00+00:00,47512.0,47057.69
2018-10-17 23:00:00+00:00,46399.0,45610.613
2018-10-18 00:00:00+00:00,45420.0,45755.176
2018-10-18 01:00:00+00:00,45869.0,45777.92
2018-10-18 02:00:00+00:00,47246.0,47441.01
2018-10-18 03:00:00+00:00,51025.0,51150.098
2018-10-18 04:00:00+00:00,58485.0,58704.05
2018-10-18 05:00:00+00:00,64346.0,63765.156
2018-10-18 06:00:00+00:00,66355.0,66733.17
2018-10-18 07:00:00+00:00,66703.0,67137.11
2018-10-18 08:00:00+00:00,67716.0,68088.555
2018-10-18 09:00:00+00:00,68939.0,68607.13
2018-10-18 10:00:00+00:00,68389.0,68421.164
2018-10-18 11:00:00+00:00,67374.0,67760.36
2018-10-18 12:00:00+00:00,65716.0,66317.33
2018-10-18 13:00:00+00:00,64650.0,64808.234
2018-10-18 14:00:00+00:00,63161.0,63584.87
2018-10-18 15:00:00+00:00,63433.0,63101.61
2018-10-18 16:00:00+00:00,65628.0,65321.387
2018-10-18 17:00:00+00:00,66525.0,66989.57
2018-10-18 18:00:00+00:00,62975.0,63156.574
2018-10-18 19:00:00+00:00,58683.0,59288.742
2018-10-18 20:00:00+00:00,54962.0,55612.305
2018-10-18 21:00:00+00:00,51146.0,50714.73
2018-10-18 22:00:00+00:00,48034.0,47891.723
2018-10-18 23:00:00+00:00,46641.0,46133.9
2018-10-19 00:00:00+00:00,45729.0,45960.035
2018-10-19 01:00:00+00:00,46157.0,46096.89
2018-10-19 02:00:00+00:00,47549.0,47566.633
2018-10-19 03:00:00+00:00,50991.0,51108.773
2018-10-19 04:00:00+00:00,58476.0,58459.715
2018-10-19 05:00:00+00:00,64675.0,64019.83
2018-10-19 06:00:00+00:00,66431.0,67213.71
2018-10-19 07:00:00+00:00,66261.0,67162.01
2018-10-19 08:00:00+00:00,66558.0,67576.38
2018-10-19 09:00:00+00:00,67104.0,67452.02
2018-10-19 10:00:00+00:00,65837.0,66495.39
2018-10-19 11:00:00+00:00,63620.0,65082.312
2018-10-19 12:00:00+00:00,61919.0,62584.12
2018-10-19 13:00:00+00:00,61115.0,61290.1
2018-10-19 14:00:00+00:00,60590.0,60392.426
2018-10-19 15:00:00+00:00,60942.0,60886.02
2018-10-19 16:00:00+00:00,62804.0,62233.527
2018-10-19 17:00:00+00:00,63449.0,64009.543
2018-10-19 18:00:00+00:00,59800.0,59967.29
2018-10-19 19:00:00+00:00,55612.0,56270.168
2018-10-19 20:00:00+00:00,52903.0,52870.13
2018-10-19 21:00:00+00:00,49661.0,49095.87
2018-10-19 22:00:00+00:00,46881.0,46331.434
2018-10-19 23:00:00+00:00,45114.0,44750.625
2018-10-20 00:00:00+00:00,44484.0,44130.984
2018-10-20 01:00:00+00:00,44288.0,44697.39
2018-10-20 02:00:00+00:00,44296.0,44772.934
2018-10-20 03:00:00+00:00,44946.0,44236.844
2018-10-20 04:00:00+00:00,46652.0,46853.598
2018-10-20 05:00:00+00:00,50117.0,49958.633
2018-10-20 06:00:00+00:00,53120.0,53706.473
2018-10-20 07:00:00+00:00,55656.0,55522.06
2018-10-20 08:00:00+00:00,56343.0,57207.754
2018-10-20 09:00:00+00:00,56627.0,56316.54
2018-10-20 10:00:00+00:00,56830.0,55586.547
2018-10-20 11:00:00+00:00,55128.0,55626.03
2018-10-20 12:00:00+00:00,52898.0,53751.723
2018-10-20 13:00:00+00:00,52526.0,51942.727
2018-10-20 14:00:00+00:00,52163.0,52837.64
2018-10-20 15:00:00+00:00,53288.0,53299.832
2018-10-20 16:00:00+00:00,55830.0,55312.59
2018-10-20 17:00:00+00:00,56264.0,56170.664
2018-10-20 18:00:00+00:00,52978.0,53562.832
2018-10-20 19:00:00+00:00,50114.0,50954.316
2018-10-20 20:00:00+00:00,48452.0,48759.01
2018-10-20 21:00:00+00:00,45318.0,44924.996
2018-10-20 22:00:00+00:00,42762.0,42101.77
2018-10-20 23:00:00+00:00,40902.0,40464.215
2018-10-21 00:00:00+00:00,40032.0,39742.4
2018-10-21 01:00:00+00:00,40046.0,39896.734
2018-10-21 02:00:00+00:00,40192.0,40198.836
2018-10-21 03:00:00+00:00,40466.0,39800.715
2018-10-21 04:00:00+00:00,41145.0,40918.703
2018-10-21 05:00:00+00:00,43072.0,43825.625
2018-10-21 06:00:00+00:00,46233.0,46468.2
2018-10-21 07:00:00+00:00,48682.0,49329.426
2018-10-21 08:00:00+00:00,50799.0,50815.92
2018-10-21 09:00:00+00:00,53256.0,52692.15
2018-10-21 10:00:00+00:00,52490.0,53050.215
2018-10-21 11:00:00+00:00,49747.0,50546.336
2018-10-21 12:00:00+00:00,48446.0,48013.89
2018-10-21 13:00:00+00:00,47740.0,47976.016
2018-10-21 14:00:00+00:00,48148.0,48027.72
2018-10-21 15:00:00+00:00,50367.0,50680.21
2018-10-21 16:00:00+00:00,53935.0,53548.62
2018-10-21 17:00:00+00:00,55486.0,54843.535
2018-10-21 18:00:00+00:00,53305.0,53031.492
2018-10-21 19:00:00+00:00,51472.0,51387.832
2018-10-21 20:00:00+00:00,50443.0,50947.21
2018-10-21 21:00:00+00:00,47735.0,47057.06
2018-10-21 22:00:00+00:00,44861.0,44948.42
2018-10-21 23:00:00+00:00,43841.0,43277.562
2018-10-22 00:00:00+00:00,43202.0,43537.42
2018-10-22 01:00:00+00:00,43777.0,43844.176
2018-10-22 02:00:00+00:00,45762.0,45731.39
2018-10-22 03:00:00+00:00,50257.0,49778.707
2018-10-22 04:00:00+00:00,59665.0,59965.805
2018-10-22 05:00:00+00:00,66542.0,65847.37
2018-10-22 06:00:00+00:00,68384.0,68878.24
2018-10-22 07:00:00+00:00,68842.0,69059.695
2018-10-22 08:00:00+00:00,69591.0,70071.31
2018-10-22 09:00:00+00:00,70599.0,70630.305
2018-10-22 10:00:00+00:00,69855.0,70233.516
2018-10-22 11:00:00+00:00,69223.0,69736.39
2018-10-22 12:00:00+00:00,67593.0,68389.01
2018-10-22 13:00:00+00:00,67160.0,66788.1
2018-10-22 14:00:00+00:00,65558.0,66155.36
2018-10-22 15:00:00+00:00,66009.0,66057.6
2018-10-22 16:00:00+00:00,68136.0,68878.24
2018-10-22 17:00:00+00:00,68225.0,68957.8
2018-10-22 18:00:00+00:00,64682.0,64412.08
2018-10-22 19:00:00+00:00,61097.0,61355.46
2018-10-22 20:00:00+00:00,57499.0,57961.066
2018-10-22 21:00:00+00:00,53403.0,52934.316
2018-10-22 22:00:00+00:00,50522.0,50111.164
2018-10-22 23:00:00+00:00,48820.0,48743.2
2018-10-23 00:00:00+00:00,48024.0,48093.953
2018-10-23 01:00:00+00:00,48787.0,48496.086
2018-10-23 02:00:00+00:00,50490.0,50369.168
2018-10-23 03:00:00+00:00,54049.0,54438.6
2018-10-23 04:00:00+00:00,62451.0,61552.273
2018-10-23 05:00:00+00:00,69524.0,68116.46
2018-10-23 06:00:00+00:00,71032.0,71628.92
2018-10-23 07:00:00+00:00,71659.0,71453.63
2018-10-23 08:00:00+00:00,72486.0,72883.56
2018-10-23 09:00:00+00:00,73650.0,73204.69
2018-10-23 10:00:00+00:00,73190.0,73129.21
2018-10-23 11:00:00+00:00,71786.0,72924.66
2018-10-23 12:00:00+00:00,71130.0,70826.375
2018-10-23 13:00:00+00:00,69820.0,70447.07
2018-10-23 14:00:00+00:00,68478.0,68898.96
2018-10-23 15:00:00+00:00,69151.0,69234.49
2018-10-23 16:00:00+00:00,71747.0,70965.54
2018-10-23 17:00:00+00:00,71260.0,71196.586
2018-10-23 18:00:00+00:00,66393.0,67322.04
2018-10-23 19:00:00+00:00,62892.0,62762.66
2018-10-23 20:00:00+00:00,59823.0,60208.184
2018-10-23 21:00:00+00:00,55336.0,55499.883
2018-10-23 22:00:00+00:00,50888.0,51888.996
2018-10-23 23:00:00+00:00,49363.0,48818.47
2018-10-24 00:00:00+00:00,48129.0,48822.664
2018-10-24 01:00:00+00:00,48529.0,48438.656
2018-10-24 02:00:00+00:00,50448.0,49909.59
2018-10-24 03:00:00+00:00,54167.0,54449.69
2018-10-24 04:00:00+00:00,62305.0,62724.066
2018-10-24 05:00:00+00:00,68679.0,68350.83
2018-10-24 06:00:00+00:00,70791.0,71118.336
2018-10-24 07:00:00+00:00,70442.0,71352.945
2018-10-24 08:00:00+00:00,71072.0,71532.99
2018-10-24 09:00:00+00:00,72730.0,72035.29
2018-10-24 10:00:00+00:00,72389.0,72437.82
2018-10-24 11:00:00+00:00,71256.0,72129.125
2018-10-24 12:00:00+00:00,70019.0,70344.79
2018-10-24 13:00:00+00:00,68269.0,69429.664
2018-10-24 14:00:00+00:00,66959.0,67558.125
2018-10-24 15:00:00+00:00,66636.0,69265.72
2018-10-24 16:00:00+00:00,68966.0,69292.45
2018-10-24 17:00:00+00:00,68502.0,69880.234
2018-10-24 18:00:00+00:00,64778.0,65171.875
2018-10-24 19:00:00+00:00,61415.0,61640.188
2018-10-24 20:00:00+00:00,57761.0,58500.61
2018-10-24 21:00:00+00:00,53718.0,53373.336
2018-10-24 22:00:00+00:00,50360.0,50390.66
2018-10-24 23:00:00+00:00,48378.0,48390.05
2018-10-25 00:00:00+00:00,47517.0,47635.492
2018-10-25 01:00:00+00:00,48368.0,47904.613
2018-10-25 02:00:00+00:00,49511.0,50018.086
2018-10-25 03:00:00+00:00,53273.0,52933.242
2018-10-25 04:00:00+00:00,61303.0,61459.42
2018-10-25 05:00:00+00:00,67782.0,67142.336
2018-10-25 06:00:00+00:00,70084.0,70095.664
2018-10-25 07:00:00+00:00,70390.0,70680.39
2018-10-25 08:00:00+00:00,71153.0,71667.72
2018-10-25 09:00:00+00:00,72392.0,72060.62
2018-10-25 10:00:00+00:00,71302.0,71950.945
2018-10-25 11:00:00+00:00,70758.0,70899.54
2018-10-25 12:00:00+00:00,69459.0,69809.98
2018-10-25 13:00:00+00:00,68116.0,68702.98
2018-10-25 14:00:00+00:00,66493.0,67100.484
2018-10-25 15:00:00+00:00,66884.0,67537.18
2018-10-25 16:00:00+00:00,68474.0,69431.25
2018-10-25 17:00:00+00:00,68845.0,68933.53
2018-10-25 18:00:00+00:00,64685.0,65743.27
2018-10-25 19:00:00+00:00,60181.0,61195.39
2018-10-25 20:00:00+00:00,56655.0,57157.48
2018-10-25 21:00:00+00:00,52593.0,52521.6
2018-10-25 22:00:00+00:00,49246.0,49310.68
2018-10-25 23:00:00+00:00,47347.0,47407.504
2018-10-26 00:00:00+00:00,46322.0,46632.543
2018-10-26 01:00:00+00:00,46985.0,46590.88
2018-10-26 02:00:00+00:00,48308.0,48414.605
2018-10-26 03:00:00+00:00,52194.0,51716.98
2018-10-26 04:00:00+00:00,59883.0,60634.8
2018-10-26 05:00:00+00:00,65960.0,65782.56
2018-10-26 06:00:00+00:00,68209.0,68354.41
2018-10-26 07:00:00+00:00,68738.0,68893.94
2018-10-26 08:00:00+00:00,69255.0,70043.79
2018-10-26 09:00:00+00:00,69576.0,70172.25
2018-10-26 10:00:00+00:00,69273.0,69122.76
2018-10-26 11:00:00+00:00,68348.0,68805.18
2018-10-26 12:00:00+00:00,66470.0,67345.234
2018-10-26 13:00:00+00:00,65360.0,65601.97
2018-10-26 14:00:00+00:00,64132.0,64578.27
2018-10-26 15:00:00+00:00,64728.0,65367.062
2018-10-26 16:00:00+00:00,66953.0,67479.37
2018-10-26 17:00:00+00:00,66460.0,67812.4
2018-10-26 18:00:00+00:00,62663.0,63049.715
2018-10-26 19:00:00+00:00,58935.0,59504.24
2018-10-26 20:00:00+00:00,54992.0,56027.184
2018-10-26 21:00:00+00:00,50986.0,50607.902
2018-10-26 22:00:00+00:00,48153.0,47738.934
2018-10-26 23:00:00+00:00,46243.0,46322.96
2018-10-27 00:00:00+00:00,44732.0,45456.746
2018-10-27 01:00:00+00:00,45028.0,44743.656
2018-10-27 02:00:00+00:00,45880.0,45972.355
2018-10-27 03:00:00+00:00,45419.0,48252.363
2018-10-27 04:00:00+00:00,47842.0,46576.16
2018-10-27 05:00:00+00:00,51204.0,52123.508
2018-10-27 06:00:00+00:00,55038.0,54881.03
2018-10-27 07:00:00+00:00,57681.0,57602.914
2018-10-27 08:00:00+00:00,58752.0,59191.164
2018-10-27 09:00:00+00:00,59334.0,59331.207
2018-10-27 10:00:00+00:00,58955.0,58580.395
2018-10-27 11:00:00+00:00,57084.0,57592.023
2018-10-27 12:00:00+00:00,55035.0,55656.473
2018-10-27 13:00:00+00:00,53800.0,54148.445
2018-10-27 14:00:00+00:00,53389.0,53784.777
2018-10-27 15:00:00+00:00,54659.0,54970.83
2018-10-27 16:00:00+00:00,57755.0,57914.027
2018-10-27 17:00:00+00:00,56999.0,58562.27
2018-10-27 18:00:00+00:00,53951.0,53780.934
2018-10-27 19:00:00+00:00,51673.0,51719.875
2018-10-27 20:00:00+00:00,50015.0,50433.37
2018-10-27 21:00:00+00:00,46988.0,46660.723
2018-10-27 22:00:00+00:00,43239.0,43656.63
2018-10-27 23:00:00+00:00,41258.0,40649.23
2018-10-28 00:00:00+00:00,39384.0,39944.5
2018-10-28 01:00:00+00:00,39071.0,39027.26
2018-10-28 02:00:00+00:00,39189.0,38885.777
2018-10-28 03:00:00+00:00,39431.0,38736.566
2018-10-28 04:00:00+00:00,40141.0,39397.117
2018-10-28 05:00:00+00:00,41064.0,42781.844
2018-10-28 06:00:00+00:00,43765.0,44217.465
2018-10-28 07:00:00+00:00,47501.0,47327.12
2018-10-28 08:00:00+00:00,50252.0,50307.22
2018-10-28 09:00:00+00:00,51865.0,52492.832
2018-10-28 10:00:00+00:00,54257.0,52559.242
2018-10-28 11:00:00+00:00,53770.0,53173.69
2018-10-28 12:00:00+00:00,52174.0,52111.504
2018-10-28 13:00:00+00:00,51253.0,51086.133
2018-10-28 14:00:00+00:00,51153.0,51498.902
2018-10-28 15:00:00+00:00,52167.0,53438.82
2018-10-28 16:00:00+00:00,56896.0,54285.74
2018-10-28 17:00:00+00:00,58350.0,58604.016
2018-10-28 18:00:00+00:00,56355.0,56638.305
2018-10-28 19:00:00+00:00,53138.0,53903.945
2018-10-28 20:00:00+00:00,51180.0,51654.094
2018-10-28 21:00:00+00:00,51008.0,50021.156
2018-10-28 22:00:00+00:00,48055.0,47880.367
2018-10-28 23:00:00+00:00,45456.0,45154.74
2018-10-29 00:00:00+00:00,45138.0,43656.25
2018-10-29 01:00:00+00:00,44047.0,44878.957
2018-10-29 02:00:00+00:00,44689.0,44461.504
2018-10-29 03:00:00+00:00,46223.0,46491.14
2018-10-29 04:00:00+00:00,51080.0,50137.64
2018-10-29 05:00:00+00:00,60906.0,59619.61
2018-10-29 06:00:00+00:00,67014.0,67802.695
2018-10-29 07:00:00+00:00,69739.0,69023.445
2018-10-29 08:00:00+00:00,70303.0,70805.56
2018-10-29 09:00:00+00:00,70951.0,71554.64
2018-10-29 10:00:00+00:00,72527.0,71761.56
2018-10-29 11:00:00+00:00,71810.0,72260.664
2018-10-29 12:00:00+00:00,71155.0,71615.875
2018-10-29 13:00:00+00:00,70177.0,70579.68
2018-10-29 14:00:00+00:00,69617.0,69767.266
2018-10-29 15:00:00+00:00,68898.0,70049.59
2018-10-29 16:00:00+00:00,71380.0,71924.414
2018-10-29 17:00:00+00:00,71663.0,71927.18
2018-10-29 18:00:00+00:00,70027.0,70189.5
2018-10-29 19:00:00+00:00,65932.0,66356.54
2018-10-29 20:00:00+00:00,61036.0,62829.387
2018-10-29 21:00:00+00:00,57853.0,57991.926
2018-10-29 22:00:00+00:00,53395.0,53748.945
2018-10-29 23:00:00+00:00,51345.0,50155.035
2018-10-30 00:00:00+00:00,49718.0,50000.69
2018-10-30 01:00:00+00:00,48665.0,49101.56
2018-10-30 02:00:00+00:00,49548.0,49034.14
2018-10-30 03:00:00+00:00,51457.0,51036.836
2018-10-30 04:00:00+00:00,54419.0,55582.504
2018-10-30 05:00:00+00:00,61629.0,61225.113
2018-10-30 06:00:00+00:00,67043.0,67430.01
2018-10-30 07:00:00+00:00,69210.0,69059.06
2018-10-30 08:00:00+00:00,69226.0,69913.89
2018-10-30 09:00:00+00:00,70075.0,70294.69
2018-10-30 10:00:00+00:00,71133.0,70778.95
2018-10-30 11:00:00+00:00,70590.0,70745.08
2018-10-30 12:00:00+00:00,69916.0,70051.25
2018-10-30 13:00:00+00:00,68387.0,69061.484
2018-10-30 14:00:00+00:00,68366.0,67687.66
2018-10-30 15:00:00+00:00,68435.0,69134.12
2018-10-30 16:00:00+00:00,71576.0,71409.305
2018-10-30 17:00:00+00:00,71451.0,71603.664
2018-10-30 18:00:00+00:00,69188.0,69716.13
2018-10-30 19:00:00+00:00,64650.0,65667.73
2018-10-30 20:00:00+00:00,60634.0,61508.652
2018-10-30 21:00:00+00:00,57204.0,58132.008
2018-10-30 22:00:00+00:00,53733.0,53129.746
2018-10-30 23:00:00+00:00,51913.0,50955.207
2018-10-31 00:00:00+00:00,49923.0,50488.375
2018-10-31 01:00:00+00:00,48841.0,49356.457
2018-10-31 02:00:00+00:00,48725.0,49001.836
2018-10-31 03:00:00+00:00,49881.0,49298.88
2018-10-31 04:00:00+00:00,52256.0,52700.27
2018-10-31 05:00:00+00:00,57816.0,58047.8
2018-10-31 06:00:00+00:00,61957.0,63392.613
2018-10-31 07:00:00+00:00,64414.0,64479.777
2018-10-31 08:00:00+00:00,64428.0,65633.945
2018-10-31 09:00:00+00:00,64730.0,65388.164
2018-10-31 10:00:00+00:00,65888.0,65306.016
2018-10-31 11:00:00+00:00,65040.0,65647.05
2018-10-31 12:00:00+00:00,63669.0,64076.324
2018-10-31 13:00:00+00:00,62259.0,62659.754
2018-10-31 14:00:00+00:00,61511.0,61741.152
2018-10-31 15:00:00+00:00,61852.0,62991.426
2018-10-31 16:00:00+00:00,64752.0,65334.73
2018-10-31 17:00:00+00:00,64666.0,66374.695
2018-10-31 18:00:00+00:00,63070.0,63646.426
2018-10-31 19:00:00+00:00,59672.0,60150.11
2018-10-31 20:00:00+00:00,56635.0,57186.56
2018-10-31 21:00:00+00:00,53311.0,54611.117
2018-10-31 22:00:00+00:00,49765.0,49462.504
2018-10-31 23:00:00+00:00,46561.0,46900.586
2018-11-01 00:00:00+00:00,44567.0,44616.43
2018-11-01 01:00:00+00:00,43684.0,43827.543
2018-11-01 02:00:00+00:00,44006.0,43602.33
2018-11-01 03:00:00+00:00,44911.0,44885.414
2018-11-01 04:00:00+00:00,46420.0,46265.72
2018-11-01 05:00:00+00:00,49536.0,50028.83
2018-11-01 06:00:00+00:00,52507.0,54014.44
2018-11-01 07:00:00+00:00,54190.0,55707.605
2018-11-01 08:00:00+00:00,56545.0,56042.35
2018-11-01 09:00:00+00:00,57143.0,58485.133
2018-11-01 10:00:00+00:00,58716.0,57688.008
2018-11-01 11:00:00+00:00,59096.0,58377.43
2018-11-01 12:00:00+00:00,57327.0,57886.332
2018-11-01 13:00:00+00:00,55933.0,55830.77
2018-11-01 14:00:00+00:00,56323.0,55317.02
2018-11-01 15:00:00+00:00,56924.0,57734.945
2018-11-01 16:00:00+00:00,60306.0,59370.31
2018-11-01 17:00:00+00:00,61968.0,60737.773
2018-11-01 18:00:00+00:00,60641.0,60443.223
2018-11-01 19:00:00+00:00,57090.0,57004.188
2018-11-01 20:00:00+00:00,54404.0,54658.543
2018-11-01 21:00:00+00:00,51873.0,52745.227
2018-11-01 22:00:00+00:00,48135.0,48001.652
2018-11-01 23:00:00+00:00,44991.0,45022.332
2018-11-02 00:00:00+00:00,43451.0,42936.688
2018-11-02 01:00:00+00:00,42612.0,42666.188
2018-11-02 02:00:00+00:00,43349.0,42831.176
2018-11-02 03:00:00+00:00,45307.0,44392.918
2018-11-02 04:00:00+00:00,48911.0,48518.797
2018-11-02 05:00:00+00:00,55983.0,55645.12
2018-11-02 06:00:00+00:00,60817.0,61659.316
2018-11-02 07:00:00+00:00,63009.0,63319.62
2018-11-02 08:00:00+00:00,63871.0,63904.04
2018-11-02 09:00:00+00:00,64603.0,65143.184
2018-11-02 10:00:00+00:00,64600.0,65704.695
2018-11-02 11:00:00+00:00,64479.0,64296.176
2018-11-02 12:00:00+00:00,62891.0,63951.805
2018-11-02 13:00:00+00:00,61395.0,61764.277
2018-11-02 14:00:00+00:00,60349.0,60699.273
2018-11-02 15:00:00+00:00,60512.0,60968.53
2018-11-02 16:00:00+00:00,64248.0,61002.71
2018-11-02 17:00:00+00:00,64255.0,64779.73
2018-11-02 18:00:00+00:00,62318.0,62308.96
2018-11-02 19:00:00+00:00,58527.0,59472.168
2018-11-02 20:00:00+00:00,55160.0,55575.562
2018-11-02 21:00:00+00:00,52701.0,51997.477
2018-11-02 22:00:00+00:00,49006.0,48729.984
2018-11-02 23:00:00+00:00,46599.0,46003.84
2018-11-03 00:00:00+00:00,44825.0,44848.977
2018-11-03 01:00:00+00:00,43776.0,43958.844
2018-11-03 02:00:00+00:00,43777.0,43872.652
2018-11-03 03:00:00+00:00,44401.0,44281.355
2018-11-03 04:00:00+00:00,45036.0,45252.973
2018-11-03 05:00:00+00:00,46470.0,46887.43
2018-11-03 06:00:00+00:00,48970.0,49754.89
2018-11-03 07:00:00+00:00,52177.0,52333.227
2018-11-03 08:00:00+00:00,54689.0,54782.58
2018-11-03 09:00:00+00:00,55959.0,56629.363
2018-11-03 10:00:00+00:00,56668.0,56750.305
2018-11-03 11:00:00+00:00,55935.0,55798.066
2018-11-03 12:00:00+00:00,54040.0,54361.7
2018-11-03 13:00:00+00:00,53078.0,52704.527
2018-11-03 14:00:00+00:00,52575.0,52910.99
2018-11-03 15:00:00+00:00,53711.0,53918.215
2018-11-03 16:00:00+00:00,57764.0,56465.008
2018-11-03 17:00:00+00:00,58638.0,59102.605
2018-11-03 18:00:00+00:00,56622.0,56027.637
2018-11-03 19:00:00+00:00,53031.0,54247.574
2018-11-03 20:00:00+00:00,50636.0,51474.58
2018-11-03 21:00:00+00:00,49031.0,48347.164
2018-11-03 22:00:00+00:00,45916.0,45798.58
2018-11-03 23:00:00+00:00,42615.0,43079.594
2018-11-04 00:00:00+00:00,40797.0,40836.215
2018-11-04 01:00:00+00:00,39710.0,40032.05
2018-11-04 02:00:00+00:00,39653.0,39550.992
2018-11-04 03:00:00+00:00,39940.0,39414.754
2018-11-04 04:00:00+00:00,40150.0,39763.316
2018-11-04 05:00:00+00:00,40118.0,41240.27
2018-11-04 06:00:00+00:00,42527.0,42490.723
2018-11-04 07:00:00+00:00,45692.0,46112.59
2018-11-04 08:00:00+00:00,48850.0,49093.72
2018-11-04 09:00:00+00:00,51154.0,51112.477
2018-11-04 10:00:00+00:00,52989.0,53349.45
2018-11-04 11:00:00+00:00,52251.0,52749.26
2018-11-04 12:00:00+00:00,50179.0,50313.57
2018-11-04 13:00:00+00:00,48755.0,48736.168
2018-11-04 14:00:00+00:00,48304.0,48464.277
2018-11-04 15:00:00+00:00,49500.0,49603.465
2018-11-04 16:00:00+00:00,53629.0,53380.223
2018-11-04 17:00:00+00:00,54771.0,55969.414
2018-11-04 18:00:00+00:00,53541.0,53923.25
2018-11-04 19:00:00+00:00,51031.0,51667.375
2018-11-04 20:00:00+00:00,49191.0,49770.008
2018-11-04 21:00:00+00:00,48901.0,47976.58
2018-11-04 22:00:00+00:00,45818.0,45923.258
2018-11-04 23:00:00+00:00,43482.0,42934.312
2018-11-05 00:00:00+00:00,42073.0,41964.105
2018-11-05 01:00:00+00:00,41762.0,41689.953
2018-11-05 02:00:00+00:00,42418.0,42470.004
2018-11-05 03:00:00+00:00,44304.0,44418.305
2018-11-05 04:00:00+00:00,49079.0,48400.117
2018-11-05 05:00:00+00:00,58551.0,59038.297
2018-11-05 06:00:00+00:00,64034.0,64934.12
2018-11-05 07:00:00+00:00,66862.0,66045.41
2018-11-05 08:00:00+00:00,67900.0,68005.02
2018-11-05 09:00:00+00:00,68605.0,69320.97
2018-11-05 10:00:00+00:00,68732.0,69514.51
2018-11-05 11:00:00+00:00,67640.0,68399.56
2018-11-05 12:00:00+00:00,67655.0,67303.68
2018-11-05 13:00:00+00:00,66426.0,66965.89
2018-11-05 14:00:00+00:00,65622.0,65848.73
2018-11-05 15:00:00+00:00,65503.0,66016.61
2018-11-05 16:00:00+00:00,69159.0,69277.37
2018-11-05 17:00:00+00:00,69023.0,69807.805
2018-11-05 18:00:00+00:00,67743.0,67372.97
2018-11-05 19:00:00+00:00,64174.0,64360.285
2018-11-05 20:00:00+00:00,60677.0,61257.37
2018-11-05 21:00:00+00:00,56763.0,57621.734
2018-11-05 22:00:00+00:00,52315.0,52400.184
2018-11-05 23:00:00+00:00,50162.0,49365.848
2018-11-06 00:00:00+00:00,47907.0,48789.45
2018-11-06 01:00:00+00:00,47481.0,47144.668
2018-11-06 02:00:00+00:00,47903.0,48162.51
2018-11-06 03:00:00+00:00,49637.0,49328.08
2018-11-06 04:00:00+00:00,53217.0,53584.727
2018-11-06 05:00:00+00:00,60870.0,60885.562
2018-11-06 06:00:00+00:00,65218.0,66785.28
2018-11-06 07:00:00+00:00,67020.0,67203.23
2018-11-06 08:00:00+00:00,67262.0,67841.16
2018-11-06 09:00:00+00:00,67538.0,68598.86
2018-11-06 10:00:00+00:00,68368.0,68208.44
2018-11-06 11:00:00+00:00,67134.0,68020.18
2018-11-06 12:00:00+00:00,66681.0,66361.22
2018-11-06 13:00:00+00:00,66296.0,65713.63
2018-11-06 14:00:00+00:00,65639.0,65466.9
2018-11-06 15:00:00+00:00,65385.0,65652.766
2018-11-06 16:00:00+00:00,69143.0,67753.25
2018-11-06 17:00:00+00:00,69664.0,70263.586
2018-11-06 18:00:00+00:00,68174.0,67299.086
2018-11-06 19:00:00+00:00,64927.0,64875.16
2018-11-06 20:00:00+00:00,61276.0,61757.84
2018-11-06 21:00:00+00:00,57891.0,58467.508
2018-11-06 22:00:00+00:00,53534.0,53920.46
2018-11-06 23:00:00+00:00,50408.0,50479.848
2018-11-07 00:00:00+00:00,48271.0,48797.094
2018-11-07 01:00:00+00:00,46648.0,47620.11
2018-11-07 02:00:00+00:00,47138.0,46708.906
2018-11-07 03:00:00+00:00,49102.0,48274.84
2018-11-07 04:00:00+00:00,53684.0,53070.887
2018-11-07 05:00:00+00:00,62642.0,63596.695
2018-11-07 06:00:00+00:00,67641.0,68972.84
2018-11-07 07:00:00+00:00,69282.0,69677.766
2018-11-07 08:00:00+00:00,68706.0,69970.125
2018-11-07 09:00:00+00:00,68566.0,69998.664
2018-11-07 10:00:00+00:00,68747.0,69456.75
2018-11-07 11:00:00+00:00,68284.0,68626.02
2018-11-07 12:00:00+00:00,67460.0,67942.336
2018-11-07 13:00:00+00:00,66805.0,66502.375
2018-11-07 14:00:00+00:00,66637.0,66112.76
2018-11-07 15:00:00+00:00,67400.0,66593.805
2018-11-07 16:00:00+00:00,71054.0,69940.95
2018-11-07 17:00:00+00:00,71215.0,70842.52
2018-11-07 18:00:00+00:00,69421.0,68472.61
2018-11-07 19:00:00+00:00,65577.0,65997.14
2018-11-07 20:00:00+00:00,61932.0,62342.0
2018-11-07 21:00:00+00:00,57952.0,58710.918
2018-11-07 22:00:00+00:00,53487.0,53450.61
2018-11-07 23:00:00+00:00,50127.0,50298.08
2018-11-08 00:00:00+00:00,48271.0,48415.43
2018-11-08 01:00:00+00:00,47313.0,47768.277
2018-11-08 02:00:00+00:00,47859.0,47774.54
2018-11-08 03:00:00+00:00,49676.0,49417.85
2018-11-08 04:00:00+00:00,53405.0,53670.105
2018-11-08 05:00:00+00:00,61627.0,61677.836
2018-11-08 06:00:00+00:00,66399.0,68102.18
2018-11-08 07:00:00+00:00,68173.0,68327.805
2018-11-08 08:00:00+00:00,68118.0,68839.945
2018-11-08 09:00:00+00:00,68504.0,69321.07
2018-11-08 10:00:00+00:00,69238.0,69318.18
2018-11-08 11:00:00+00:00,68601.0,68944.52
2018-11-08 12:00:00+00:00,68174.0,68047.63
2018-11-08 13:00:00+00:00,67144.0,67273.08
2018-11-08 14:00:00+00:00,66524.0,66443.82
2018-11-08 15:00:00+00:00,66426.0,67036.47
2018-11-08 16:00:00+00:00,69220.0,69695.9
2018-11-08 17:00:00+00:00,69307.0,70099.01
2018-11-08 18:00:00+00:00,67976.0,67991.68
2018-11-08 19:00:00+00:00,64111.0,64788.33
2018-11-08 20:00:00+00:00,60630.0,60880.81
2018-11-08 21:00:00+00:00,57081.0,57686.27
2018-11-08 22:00:00+00:00,52972.0,52771.094
2018-11-08 23:00:00+00:00,49767.0,49900.355
2018-11-09 00:00:00+00:00,47956.0,48039.465
2018-11-09 01:00:00+00:00,47139.0,47417.08
2018-11-09 02:00:00+00:00,47921.0,47542.227
2018-11-09 03:00:00+00:00,49676.0,49596.137
2018-11-09 04:00:00+00:00,53732.0,53773.617
2018-11-09 05:00:00+00:00,61041.0,61622.31
2018-11-09 06:00:00+00:00,66269.0,66839.086
2018-11-09 07:00:00+00:00,68369.0,68307.79
2018-11-09 08:00:00+00:00,68941.0,69114.19
2018-11-09 09:00:00+00:00,69577.0,70272.695
2018-11-09 10:00:00+00:00,69522.0,70301.67
2018-11-09 11:00:00+00:00,68344.0,69094.03
2018-11-09 12:00:00+00:00,67211.0,67720.62
2018-11-09 13:00:00+00:00,65829.0,66271.63
2018-11-09 14:00:00+00:00,65051.0,65043.555
2018-11-09 15:00:00+00:00,65385.0,65212.09
2018-11-09 16:00:00+00:00,68027.0,68081.97
2018-11-09 17:00:00+00:00,67732.0,68625.805
2018-11-09 18:00:00+00:00,65849.0,65798.65
2018-11-09 19:00:00+00:00,62211.0,62803.08
2018-11-09 20:00:00+00:00,59496.0,59215.07
2018-11-09 21:00:00+00:00,56709.0,56772.902
2018-11-09 22:00:00+00:00,52335.0,52493.965
2018-11-09 23:00:00+00:00,48881.0,49134.48
2018-11-10 00:00:00+00:00,46319.0,47063.848
2018-11-10 01:00:00+00:00,45037.0,45445.17
2018-11-10 02:00:00+00:00,44823.0,45027.41
2018-11-10 03:00:00+00:00,45011.0,45134.316
2018-11-10 04:00:00+00:00,45934.0,44843.703
2018-11-10 05:00:00+00:00,47942.0,49095.5
2018-11-10 06:00:00+00:00,51084.0,52374.1
2018-11-10 07:00:00+00:00,55260.0,54927.273
2018-11-10 08:00:00+00:00,58665.0,58085.758
2018-11-10 09:00:00+00:00,60572.0,60378.484
2018-11-10 10:00:00+00:00,60770.0,61608.703
2018-11-10 11:00:00+00:00,59669.0,60341.01
2018-11-10 12:00:00+00:00,58008.0,58247.73
2018-11-10 13:00:00+00:00,56021.0,56714.12
2018-11-10 14:00:00+00:00,55611.0,55416.332
2018-11-10 15:00:00+00:00,57064.0,56757.73
2018-11-10 16:00:00+00:00,61257.0,60039.848
2018-11-10 17:00:00+00:00,61225.0,61182.465
2018-11-10 18:00:00+00:00,58962.0,58640.65
2018-11-10 19:00:00+00:00,55050.0,55528.07
2018-11-10 20:00:00+00:00,51815.0,52551.69
2018-11-10 21:00:00+00:00,50154.0,50596.266
2018-11-10 22:00:00+00:00,46300.0,46637.3
2018-11-10 23:00:00+00:00,42849.0,42992.215
2018-11-11 00:00:00+00:00,40319.0,40671.133
2018-11-11 01:00:00+00:00,39206.0,39214.82
2018-11-11 02:00:00+00:00,39281.0,38872.797
2018-11-11 03:00:00+00:00,39743.0,39128.574
2018-11-11 04:00:00+00:00,40054.0,39730.605
2018-11-11 05:00:00+00:00,40708.0,40590.383
2018-11-11 06:00:00+00:00,42570.0,43544.69
2018-11-11 07:00:00+00:00,45704.0,45893.54
2018-11-11 08:00:00+00:00,49018.0,49244.523
2018-11-11 09:00:00+00:00,52018.0,51371.01
2018-11-11 10:00:00+00:00,54658.0,54431.027
2018-11-11 11:00:00+00:00,53869.0,54811.53
2018-11-11 12:00:00+00:00,51398.0,51892.71
2018-11-11 13:00:00+00:00,50067.0,49713.504
2018-11-11 14:00:00+00:00,50147.0,50004.36
2018-11-11 15:00:00+00:00,51927.0,51976.98
2018-11-11 16:00:00+00:00,57232.0,55520.645
2018-11-11 17:00:00+00:00,57989.0,57692.387
2018-11-11 18:00:00+00:00,56549.0,56295.082
2018-11-11 19:00:00+00:00,53801.0,54028.516
2018-11-11 20:00:00+00:00,52033.0,52163.164
2018-11-11 21:00:00+00:00,51697.0,50817.812
2018-11-11 22:00:00+00:00,47982.0,48375.418
2018-11-11 23:00:00+00:00,44839.0,44973.35
2018-11-12 00:00:00+00:00,43536.0,43276.55
2018-11-12 01:00:00+00:00,42696.0,43269.504
2018-11-12 02:00:00+00:00,43107.0,43353.65
2018-11-12 03:00:00+00:00,44599.0,44907.555
2018-11-12 04:00:00+00:00,49383.0,48026.934
2018-11-12 05:00:00+00:00,58705.0,60071.49
2018-11-12 06:00:00+00:00,64576.0,65855.46
2018-11-12 07:00:00+00:00,66912.0,66886.55
2018-11-12 08:00:00+00:00,67305.0,67915.29
2018-11-12 09:00:00+00:00,68158.0,68665.445
2018-11-12 10:00:00+00:00,68895.0,69394.67
2018-11-12 11:00:00+00:00,68851.0,68818.914
2018-11-12 12:00:00+00:00,68239.0,68818.52
2018-11-12 13:00:00+00:00,67412.0,67566.14
2018-11-12 14:00:00+00:00,67179.0,67016.586
2018-11-12 15:00:00+00:00,67398.0,68160.47
2018-11-12 16:00:00+00:00,70262.0,71125.51
2018-11-12 17:00:00+00:00,69957.0,70105.58
2018-11-12 18:00:00+00:00,68564.0,69200.875
2018-11-12 19:00:00+00:00,65195.0,65290.594
2018-11-12 20:00:00+00:00,61519.0,62223.527
2018-11-12 21:00:00+00:00,57905.0,58097.44
2018-11-12 22:00:00+00:00,53153.0,53452.38
2018-11-12 23:00:00+00:00,49500.0,49953.945
2018-11-13 00:00:00+00:00,47318.0,47754.645
2018-11-13 01:00:00+00:00,46224.0,46563.4
2018-11-13 02:00:00+00:00,46764.0,46651.86
2018-11-13 03:00:00+00:00,48507.0,48209.07
2018-11-13 04:00:00+00:00,52645.0,52599.74
2018-11-13 05:00:00+00:00,61160.0,61891.406
2018-11-13 06:00:00+00:00,66658.0,67669.17
2018-11-13 07:00:00+00:00,69015.0,68892.445
2018-11-13 08:00:00+00:00,69537.0,69668.81
2018-11-13 09:00:00+00:00,70789.0,70760.61
2018-11-13 10:00:00+00:00,71818.0,71714.57
2018-11-13 11:00:00+00:00,70375.0,71489.68
2018-11-13 12:00:00+00:00,70088.0,69878.35
2018-11-13 13:00:00+00:00,69452.0,69159.83
2018-11-13 14:00:00+00:00,68963.0,68794.03
2018-11-13 15:00:00+00:00,68842.0,69018.016
2018-11-13 16:00:00+00:00,72222.0,71239.77
2018-11-13 17:00:00+00:00,72188.0,72363.664
2018-11-13 18:00:00+00:00,70126.0,70252.414
2018-11-13 19:00:00+00:00,66254.0,66597.49
2018-11-13 20:00:00+00:00,62149.0,62913.4
2018-11-13 21:00:00+00:00,58785.0,58926.15
2018-11-13 22:00:00+00:00,54295.0,54493.96
2018-11-13 23:00:00+00:00,50373.0,51089.027
2018-11-14 00:00:00+00:00,49052.0,48615.81
2018-11-14 01:00:00+00:00,48685.0,48654.71
2018-11-14 02:00:00+00:00,48884.0,49424.324
2018-11-14 03:00:00+00:00,50754.0,50367.934
2018-11-14 04:00:00+00:00,54093.0,55020.176
2018-11-14 05:00:00+00:00,62081.0,61915.645
2018-11-14 06:00:00+00:00,67849.0,68423.836
2018-11-14 07:00:00+00:00,69484.0,69865.76
2018-11-14 08:00:00+00:00,69269.0,70002.69
2018-11-14 09:00:00+00:00,69321.0,70370.58
2018-11-14 10:00:00+00:00,69876.0,70035.11
2018-11-14 11:00:00+00:00,69362.0,69501.734
2018-11-14 12:00:00+00:00,68747.0,68887.56
2018-11-14 13:00:00+00:00,67886.0,67897.14
2018-11-14 14:00:00+00:00,67876.0,67274.805
2018-11-14 15:00:00+00:00,68404.0,68949.66
2018-11-14 16:00:00+00:00,71452.0,71314.94
2018-11-14 17:00:00+00:00,71353.0,71225.25
2018-11-14 18:00:00+00:00,69462.0,69588.17
2018-11-14 19:00:00+00:00,65564.0,65962.98
2018-11-14 20:00:00+00:00,61870.0,62438.492
2018-11-14 21:00:00+00:00,58613.0,58998.168
2018-11-14 22:00:00+00:00,54439.0,54434.44
2018-11-14 23:00:00+00:00,50954.0,51355.99
2018-11-15 00:00:00+00:00,49314.0,49142.895
2018-11-15 01:00:00+00:00,48396.0,48752.56
2018-11-15 02:00:00+00:00,48835.0,48740.67
2018-11-15 03:00:00+00:00,50436.0,50210.95
2018-11-15 04:00:00+00:00,53993.0,54193.38
2018-11-15 05:00:00+00:00,61742.0,62109.848
2018-11-15 06:00:00+00:00,67484.0,68098.15
2018-11-15 07:00:00+00:00,69158.0,69543.914
2018-11-15 08:00:00+00:00,69519.0,69708.92
2018-11-15 09:00:00+00:00,70417.0,70741.69
2018-11-15 10:00:00+00:00,70936.0,71277.08
2018-11-15 11:00:00+00:00,70490.0,70544.67
2018-11-15 12:00:00+00:00,69412.0,70079.7
2018-11-15 13:00:00+00:00,68111.0,68510.79
2018-11-15 14:00:00+00:00,68038.0,67504.91
2018-11-15 15:00:00+00:00,68755.0,68795.25
2018-11-15 16:00:00+00:00,71797.0,71532.62
2018-11-15 17:00:00+00:00,71741.0,71131.664
2018-11-15 18:00:00+00:00,69996.0,69694.766
2018-11-15 19:00:00+00:00,66595.0,66456.984
2018-11-15 20:00:00+00:00,62988.0,63525.223
2018-11-15 21:00:00+00:00,59895.0,60145.355
2018-11-15 22:00:00+00:00,55374.0,55801.555
2018-11-15 23:00:00+00:00,52335.0,52094.242
2018-11-16 00:00:00+00:00,50659.0,50646.066
2018-11-16 01:00:00+00:00,49963.0,50055.8
2018-11-16 02:00:00+00:00,50736.0,50520.062
2018-11-16 03:00:00+00:00,52431.0,52384.926
2018-11-16 04:00:00+00:00,55846.0,56578.344
2018-11-16 05:00:00+00:00,62995.0,63655.33
2018-11-16 06:00:00+00:00,68763.0,68887.0
2018-11-16 07:00:00+00:00,70542.0,70764.31
2018-11-16 08:00:00+00:00,70648.0,71082.84
2018-11-16 09:00:00+00:00,70659.0,71759.73
2018-11-16 10:00:00+00:00,70564.0,71245.87
2018-11-16 11:00:00+00:00,69343.0,70113.57
2018-11-16 12:00:00+00:00,68346.0,68783.1
2018-11-16 13:00:00+00:00,66822.0,67481.24
2018-11-16 14:00:00+00:00,66324.0,66114.0
2018-11-16 15:00:00+00:00,67222.0,66970.62
2018-11-16 16:00:00+00:00,70794.0,70261.19
2018-11-16 17:00:00+00:00,70684.0,70640.46
2018-11-16 18:00:00+00:00,68809.0,68142.664
2018-11-16 19:00:00+00:00,65402.0,65383.625
2018-11-16 20:00:00+00:00,61522.0,62580.4
2018-11-16 21:00:00+00:00,58567.0,58861.055
2018-11-16 22:00:00+00:00,54363.0,54806.914
2018-11-16 23:00:00+00:00,50406.0,51328.746
2018-11-17 00:00:00+00:00,47947.0,48517.27
2018-11-17 01:00:00+00:00,47582.0,47148.83
2018-11-17 02:00:00+00:00,47195.0,47919.133
2018-11-17 03:00:00+00:00,47366.0,47788.25
2018-11-17 04:00:00+00:00,47074.0,47938.207
2018-11-17 05:00:00+00:00,48805.0,48450.777
2018-11-17 06:00:00+00:00,53545.0,53681.438
2018-11-17 07:00:00+00:00,59827.0,57661.58
2018-11-17 08:00:00+00:00,61239.0,62832.008
2018-11-17 09:00:00+00:00,61556.0,61935.203
2018-11-17 10:00:00+00:00,62443.0,62210.156
2018-11-17 11:00:00+00:00,60816.0,62175.293
2018-11-17 12:00:00+00:00,59272.0,59399.492
2018-11-17 13:00:00+00:00,58266.0,58325.51
2018-11-17 14:00:00+00:00,58688.0,57924.4
2018-11-17 15:00:00+00:00,60022.0,60023.516
2018-11-17 16:00:00+00:00,64309.0,62006.0
2018-11-17 17:00:00+00:00,64136.0,63865.145
2018-11-17 18:00:00+00:00,62003.0,61152.57
2018-11-17 19:00:00+00:00,58492.0,58419.875
2018-11-17 20:00:00+00:00,56091.0,55941.69
2018-11-17 21:00:00+00:00,54268.0,54806.066
2018-11-17 22:00:00+00:00,50757.0,50774.992
2018-11-17 23:00:00+00:00,46373.0,47778.56
2018-11-18 00:00:00+00:00,43824.0,44394.58
2018-11-18 01:00:00+00:00,42447.0,42684.633
2018-11-18 02:00:00+00:00,42875.0,41983.875
2018-11-18 03:00:00+00:00,42688.0,43491.05
2018-11-18 04:00:00+00:00,42784.0,42401.06
2018-11-18 05:00:00+00:00,42964.0,44156.992
2018-11-18 06:00:00+00:00,44415.0,46013.258
2018-11-18 07:00:00+00:00,47696.0,47593.055
2018-11-18 08:00:00+00:00,51036.0,51392.438
2018-11-18 09:00:00+00:00,53061.0,53520.035
2018-11-18 10:00:00+00:00,55162.0,55072.04
2018-11-18 11:00:00+00:00,54762.0,55842.758
2018-11-18 12:00:00+00:00,52253.0,53288.76
2018-11-18 13:00:00+00:00,51191.0,50490.438
2018-11-18 14:00:00+00:00,51185.0,51175.473
2018-11-18 15:00:00+00:00,53716.0,52930.7
2018-11-18 16:00:00+00:00,57830.0,57360.65
2018-11-18 17:00:00+00:00,58565.0,57628.33
2018-11-18 18:00:00+00:00,57264.0,57005.086
2018-11-18 19:00:00+00:00,54088.0,54670.19
2018-11-18 20:00:00+00:00,52081.0,52225.71
2018-11-18 21:00:00+00:00,52195.0,51042.62
2018-11-18 22:00:00+00:00,49006.0,49184.312
2018-11-18 23:00:00+00:00,46732.0,46242.04
2018-11-19 00:00:00+00:00,45385.0,45353.8
2018-11-19 01:00:00+00:00,45080.0,45110.965
2018-11-19 02:00:00+00:00,46064.0,45769.016
2018-11-19 03:00:00+00:00,48081.0,48204.848
2018-11-19 04:00:00+00:00,52403.0,53050.68
2018-11-19 05:00:00+00:00,61883.0,60452.293
2018-11-19 06:00:00+00:00,69200.0,68484.84
2018-11-19 07:00:00+00:00,71380.0,71307.66
2018-11-19 08:00:00+00:00,70715.0,72162.87
2018-11-19 09:00:00+00:00,71718.0,71617.63
2018-11-19 10:00:00+00:00,72970.0,72549.11
2018-11-19 11:00:00+00:00,73644.0,72700.96
2018-11-19 12:00:00+00:00,73811.0,73573.23
2018-11-19 13:00:00+00:00,73243.0,73356.36
2018-11-19 14:00:00+00:00,73195.0,72884.76
2018-11-19 15:00:00+00:00,73389.0,73620.91
2018-11-19 16:00:00+00:00,75281.0,76235.99
2018-11-19 17:00:00+00:00,74152.0,74433.88
2018-11-19 18:00:00+00:00,72882.0,72904.08
2018-11-19 19:00:00+00:00,68358.0,69145.51
2018-11-19 20:00:00+00:00,64267.0,64948.81
2018-11-19 21:00:00+00:00,61025.0,61443.707
2018-11-19 22:00:00+00:00,56683.0,56804.14
2018-11-19 23:00:00+00:00,53152.0,53201.926
2018-11-20 00:00:00+00:00,51363.0,51318.008
2018-11-20 01:00:00+00:00,50820.0,50660.668
2018-11-20 02:00:00+00:00,51467.0,51323.793
2018-11-20 03:00:00+00:00,53159.0,53001.766
2018-11-20 04:00:00+00:00,56553.0,57212.863
2018-11-20 05:00:00+00:00,64250.0,64155.09
2018-11-20 06:00:00+00:00,71698.0,70573.875
2018-11-20 07:00:00+00:00,73870.0,73956.38
2018-11-20 08:00:00+00:00,74033.0,74202.33
2018-11-20 09:00:00+00:00,74766.0,75029.99
2018-11-20 10:00:00+00:00,75520.0,75480.71
2018-11-20 11:00:00+00:00,74552.0,75205.65
2018-11-20 12:00:00+00:00,73878.0,74243.36
2018-11-20 13:00:00+00:00,73130.0,73253.42
2018-11-20 14:00:00+00:00,72795.0,72862.82
2018-11-20 15:00:00+00:00,73146.0,73830.21
2018-11-20 16:00:00+00:00,74948.0,75541.336
2018-11-20 17:00:00+00:00,73510.0,74222.586
2018-11-20 18:00:00+00:00,72078.0,72267.45
2018-11-20 19:00:00+00:00,67596.0,68693.0
2018-11-20 20:00:00+00:00,64408.0,64176.543
2018-11-20 21:00:00+00:00,61145.0,61824.793
2018-11-20 22:00:00+00:00,56111.0,56881.676
2018-11-20 23:00:00+00:00,53261.0,52843.754
2018-11-21 00:00:00+00:00,51693.0,51670.746
2018-11-21 01:00:00+00:00,50891.0,51143.984
2018-11-21 02:00:00+00:00,51107.0,51443.473
2018-11-21 03:00:00+00:00,52449.0,52369.066
2018-11-21 04:00:00+00:00,55430.0,55915.76
2018-11-21 05:00:00+00:00,62929.0,63075.023
2018-11-21 06:00:00+00:00,69048.0,69609.24
2018-11-21 07:00:00+00:00,70733.0,71272.19
2018-11-21 08:00:00+00:00,70945.0,71269.01
2018-11-21 09:00:00+00:00,72164.0,72124.47
2018-11-21 10:00:00+00:00,73631.0,73066.875
2018-11-21 11:00:00+00:00,73817.0,73336.484
2018-11-21 12:00:00+00:00,73365.0,73564.11
2018-11-21 13:00:00+00:00,72501.0,72644.5
2018-11-21 14:00:00+00:00,72073.0,72209.94
2018-11-21 15:00:00+00:00,72479.0,73420.81
2018-11-21 16:00:00+00:00,74499.0,74983.43
2018-11-21 17:00:00+00:00,73585.0,73878.6
2018-11-21 18:00:00+00:00,71889.0,72412.34
2018-11-21 19:00:00+00:00,68056.0,68588.99
2018-11-21 20:00:00+00:00,64699.0,64918.73
2018-11-21 21:00:00+00:00,61879.0,62174.18
2018-11-21 22:00:00+00:00,57782.0,57893.25
2018-11-21 23:00:00+00:00,54748.0,54607.242
2018-11-22 00:00:00+00:00,53048.0,52895.2
2018-11-22 01:00:00+00:00,52036.0,52315.223
2018-11-22 02:00:00+00:00,52664.0,52274.816
2018-11-22 03:00:00+00:00,53823.0,53976.73
2018-11-22 04:00:00+00:00,56950.0,57142.805
2018-11-22 05:00:00+00:00,64487.0,64298.348
2018-11-22 06:00:00+00:00,70532.0,70782.414
2018-11-22 07:00:00+00:00,72188.0,72621.33
2018-11-22 08:00:00+00:00,72161.0,72697.59
2018-11-22 09:00:00+00:00,72715.0,73255.81
2018-11-22 10:00:00+00:00,73241.0,73421.92
2018-11-22 11:00:00+00:00,72441.0,72830.38
2018-11-22 12:00:00+00:00,71998.0,72019.83
2018-11-22 13:00:00+00:00,71719.0,71275.45
2018-11-22 14:00:00+00:00,71258.0,71466.484
2018-11-22 15:00:00+00:00,70691.0,72584.0
2018-11-22 16:00:00+00:00,72925.0,73343.99
2018-11-22 17:00:00+00:00,72333.0,73540.18
2018-11-22 18:00:00+00:00,70785.0,71357.91
2018-11-22 19:00:00+00:00,67107.0,67749.41
2018-11-22 20:00:00+00:00,63715.0,64135.543
2018-11-22 21:00:00+00:00,60845.0,61189.926
2018-11-22 22:00:00+00:00,56978.0,57007.734
2018-11-22 23:00:00+00:00,54074.0,54057.555
2018-11-23 00:00:00+00:00,52505.0,52312.44
2018-11-23 01:00:00+00:00,51776.0,51891.285
2018-11-23 02:00:00+00:00,52085.0,52088.676
2018-11-23 03:00:00+00:00,53389.0,53254.56
2018-11-23 04:00:00+00:00,56354.0,56834.008
2018-11-23 05:00:00+00:00,63400.0,63409.062
2018-11-23 06:00:00+00:00,69122.0,69540.26
2018-11-23 07:00:00+00:00,70780.0,71102.43
2018-11-23 08:00:00+00:00,71706.0,71308.086
2018-11-23 09:00:00+00:00,73825.0,72952.805
2018-11-23 10:00:00+00:00,71673.0,74625.875
2018-11-23 11:00:00+00:00,69713.0,70870.48
2018-11-23 12:00:00+00:00,68631.0,68968.51
2018-11-23 13:00:00+00:00,67768.0,67811.39
2018-11-23 14:00:00+00:00,67105.0,67116.695
2018-11-23 15:00:00+00:00,67861.0,67931.75
2018-11-23 16:00:00+00:00,69755.0,70180.77
2018-11-23 17:00:00+00:00,68816.0,69754.375
2018-11-23 18:00:00+00:00,67051.0,66469.95
2018-11-23 19:00:00+00:00,63388.0,64241.97
2018-11-23 20:00:00+00:00,60033.0,60780.824
2018-11-23 21:00:00+00:00,57940.0,57578.074
2018-11-23 22:00:00+00:00,54993.0,54619.68
2018-11-23 23:00:00+00:00,52147.0,52459.61
2018-11-24 00:00:00+00:00,50035.0,50558.973
2018-11-24 01:00:00+00:00,48397.0,49322.074
2018-11-24 02:00:00+00:00,48531.0,47722.656
2018-11-24 03:00:00+00:00,48590.0,48702.93
2018-11-24 04:00:00+00:00,48805.0,48173.688
2018-11-24 05:00:00+00:00,49530.0,51066.64
2018-11-24 06:00:00+00:00,52761.0,52946.527
2018-11-24 07:00:00+00:00,56171.0,56581.465
2018-11-24 08:00:00+00:00,58846.0,58808.23
2018-11-24 09:00:00+00:00,59927.0,60350.152
2018-11-24 10:00:00+00:00,60511.0,60440.164
2018-11-24 11:00:00+00:00,59937.0,59863.344
2018-11-24 12:00:00+00:00,58595.0,58570.246
2018-11-24 13:00:00+00:00,57399.0,57511.82
2018-11-24 14:00:00+00:00,57481.0,57245.223
2018-11-24 15:00:00+00:00,59033.0,59601.613
2018-11-24 16:00:00+00:00,61584.0,61697.465
2018-11-24 17:00:00+00:00,61037.0,61999.926
2018-11-24 18:00:00+00:00,59097.0,59064.633
2018-11-24 19:00:00+00:00,55554.0,56222.188
2018-11-24 20:00:00+00:00,53286.0,53550.18
2018-11-24 21:00:00+00:00,52531.0,52160.293
2018-11-24 22:00:00+00:00,49445.0,49610.008
2018-11-24 23:00:00+00:00,46989.0,46572.473
2018-11-25 00:00:00+00:00,44704.0,45180.836
2018-11-25 01:00:00+00:00,43787.0,43717.004
2018-11-25 02:00:00+00:00,43681.0,43100.87
2018-11-25 03:00:00+00:00,43756.0,43231.99
2018-11-25 04:00:00+00:00,43654.0,43016.516
2018-11-25 05:00:00+00:00,43229.0,43991.387
2018-11-25 06:00:00+00:00,44651.0,45863.02
2018-11-25 07:00:00+00:00,47926.0,47816.742
2018-11-25 08:00:00+00:00,50534.0,51436.59
2018-11-25 09:00:00+00:00,53395.0,52925.633
2018-11-25 10:00:00+00:00,56182.0,55838.934
2018-11-25 11:00:00+00:00,56437.0,56144.793
2018-11-25 12:00:00+00:00,54763.0,54772.027
2018-11-25 13:00:00+00:00,53416.0,53453.95
2018-11-25 14:00:00+00:00,53381.0,53352.29
2018-11-25 15:00:00+00:00,55535.0,55496.92
2018-11-25 16:00:00+00:00,58741.0,59331.207
2018-11-25 17:00:00+00:00,59205.0,59609.418
2018-11-25 18:00:00+00:00,57965.0,57879.4
2018-11-25 19:00:00+00:00,55182.0,56188.95
2018-11-25 20:00:00+00:00,53307.0,53605.99
2018-11-25 21:00:00+00:00,53460.0,53160.652
2018-11-25 22:00:00+00:00,50771.0,50360.69
2018-11-25 23:00:00+00:00,48291.0,48085.145
2018-11-26 00:00:00+00:00,47026.0,46575.633
2018-11-26 01:00:00+00:00,46215.0,46531.48
2018-11-26 02:00:00+00:00,45839.0,46463.39
2018-11-26 03:00:00+00:00,47942.0,46662.523
2018-11-26 04:00:00+00:00,52803.0,52014.312
2018-11-26 05:00:00+00:00,61539.0,63031.47
2018-11-26 06:00:00+00:00,67714.0,67666.08
2018-11-26 07:00:00+00:00,69975.0,70233.22
2018-11-26 08:00:00+00:00,71245.0,71056.37
2018-11-26 09:00:00+00:00,72046.0,72632.97
2018-11-26 10:00:00+00:00,72699.0,72942.43
2018-11-26 11:00:00+00:00,72198.0,72492.07
2018-11-26 12:00:00+00:00,71751.0,72091.75
2018-11-26 13:00:00+00:00,71046.0,71285.92
2018-11-26 14:00:00+00:00,70807.0,70761.3
2018-11-26 15:00:00+00:00,71082.0,71433.42
2018-11-26 16:00:00+00:00,72627.0,73805.52
2018-11-26 17:00:00+00:00,72033.0,72944.11
2018-11-26 18:00:00+00:00,70272.0,71415.96
2018-11-26 19:00:00+00:00,66430.0,67176.11
2018-11-26 20:00:00+00:00,62778.0,63761.15
2018-11-26 21:00:00+00:00,60250.0,59994.723
2018-11-26 22:00:00+00:00,56179.0,56195.336
2018-11-26 23:00:00+00:00,53198.0,52943.758
2018-11-27 00:00:00+00:00,51488.0,51489.605
2018-11-27 01:00:00+00:00,50719.0,50802.156
2018-11-27 02:00:00+00:00,51447.0,51090.85
2018-11-27 03:00:00+00:00,52607.0,52852.977
2018-11-27 04:00:00+00:00,55760.0,55779.723
2018-11-27 05:00:00+00:00,62590.0,63175.332
2018-11-27 06:00:00+00:00,68076.0,68470.32
2018-11-27 07:00:00+00:00,70186.0,70180.41
2018-11-27 08:00:00+00:00,70503.0,70849.93
2018-11-27 09:00:00+00:00,70966.0,71631.96
2018-11-27 10:00:00+00:00,71523.0,71564.734
2018-11-27 11:00:00+00:00,71464.0,71146.85
2018-11-27 12:00:00+00:00,71355.0,71004.79
2018-11-27 13:00:00+00:00,70738.0,70702.92
2018-11-27 14:00:00+00:00,70300.0,70354.91
2018-11-27 15:00:00+00:00,71529.0,71337.31
2018-11-27 16:00:00+00:00,73345.0,74232.34
2018-11-27 17:00:00+00:00,72277.0,72977.695
2018-11-27 18:00:00+00:00,71145.0,71283.8
2018-11-27 19:00:00+00:00,68140.0,68035.71
2018-11-27 20:00:00+00:00,64953.0,65501.26
2018-11-27 21:00:00+00:00,62371.0,62380.703
2018-11-27 22:00:00+00:00,58590.0,58652.83
2018-11-27 23:00:00+00:00,54885.0,55549.64
2018-11-28 00:00:00+00:00,53306.0,52811.21
2018-11-28 01:00:00+00:00,52968.0,52599.516
2018-11-28 02:00:00+00:00,53331.0,53365.74
2018-11-28 03:00:00+00:00,54079.0,54651.64
2018-11-28 04:00:00+00:00,58149.0,57105.785
2018-11-28 05:00:00+00:00,66314.0,66774.76
2018-11-28 06:00:00+00:00,71942.0,72340.414
2018-11-28 07:00:00+00:00,73826.0,73380.695
2018-11-28 08:00:00+00:00,74183.0,74255.95
2018-11-28 09:00:00+00:00,74889.0,75275.15
2018-11-28 10:00:00+00:00,75050.0,75343.23
2018-11-28 11:00:00+00:00,74360.0,74593.195
2018-11-28 12:00:00+00:00,74626.0,73963.67
2018-11-28 13:00:00+00:00,74066.0,73977.016
2018-11-28 14:00:00+00:00,73886.0,73726.84
2018-11-28 15:00:00+00:00,74814.0,74674.46
2018-11-28 16:00:00+00:00,76925.0,77081.74
2018-11-28 17:00:00+00:00,76552.0,76536.375
2018-11-28 18:00:00+00:00,75249.0,74939.266
2018-11-28 19:00:00+00:00,70176.0,71736.92
2018-11-28 20:00:00+00:00,66073.0,67024.375
2018-11-28 21:00:00+00:00,63325.0,63578.617
2018-11-28 22:00:00+00:00,58934.0,59577.86
2018-11-28 23:00:00+00:00,55730.0,56008.906
2018-11-29 00:00:00+00:00,53846.0,54037.766
2018-11-29 01:00:00+00:00,53178.0,53083.59
2018-11-29 02:00:00+00:00,53559.0,53582.83
2018-11-29 03:00:00+00:00,54984.0,54890.406
2018-11-29 04:00:00+00:00,57573.0,58996.008
2018-11-29 05:00:00+00:00,65416.0,64263.43
2018-11-29 06:00:00+00:00,71943.0,72323.984
2018-11-29 07:00:00+00:00,73813.0,74240.07
2018-11-29 08:00:00+00:00,73544.0,74201.06
2018-11-29 09:00:00+00:00,74008.0,74553.91
2018-11-29 10:00:00+00:00,74704.0,74847.1
2018-11-29 11:00:00+00:00,74435.0,74458.91
2018-11-29 12:00:00+00:00,74265.0,74187.34
2018-11-29 13:00:00+00:00,73778.0,73723.32
2018-11-29 14:00:00+00:00,73570.0,73610.68
2018-11-29 15:00:00+00:00,74708.0,74834.08
2018-11-29 16:00:00+00:00,76229.0,77091.25
2018-11-29 17:00:00+00:00,75319.0,75172.24
2018-11-29 18:00:00+00:00,74126.0,74211.99
2018-11-29 19:00:00+00:00,70020.0,70773.04
2018-11-29 20:00:00+00:00,66116.0,66962.414
2018-11-29 21:00:00+00:00,62738.0,63498.3
2018-11-29 22:00:00+00:00,58298.0,58820.246
2018-11-29 23:00:00+00:00,55550.0,55281.215
2018-11-30 00:00:00+00:00,53922.0,53899.66
2018-11-30 01:00:00+00:00,53080.0,53260.22
2018-11-30 02:00:00+00:00,53329.0,53476.242
2018-11-30 03:00:00+00:00,54799.0,54535.1
2018-11-30 04:00:00+00:00,57318.0,58624.598
2018-11-30 05:00:00+00:00,65132.0,64077.957
2018-11-30 06:00:00+00:00,70992.0,72037.336
2018-11-30 07:00:00+00:00,73406.0,72963.76
2018-11-30 08:00:00+00:00,73441.0,73963.39
2018-11-30 09:00:00+00:00,73890.0,74463.83
2018-11-30 10:00:00+00:00,74224.0,74641.516
2018-11-30 11:00:00+00:00,73607.0,73954.49
2018-11-30 12:00:00+00:00,72050.0,73235.125
2018-11-30 13:00:00+00:00,70599.0,71310.016
2018-11-30 14:00:00+00:00,70128.0,70058.195
2018-11-30 15:00:00+00:00,71251.0,71608.96
2018-11-30 16:00:00+00:00,72382.0,74182.97
2018-11-30 17:00:00+00:00,71018.0,71949.24
2018-11-30 18:00:00+00:00,69115.0,70282.42
2018-11-30 19:00:00+00:00,65588.0,65787.0
2018-11-30 20:00:00+00:00,62203.0,62994.37
2018-11-30 21:00:00+00:00,59862.0,59664.223
2018-11-30 22:00:00+00:00,56117.0,56332.94
2018-11-30 23:00:00+00:00,52433.0,53204.086
2018-12-01 00:00:00+00:00,50392.0,50446.32
2018-12-01 01:00:00+00:00,49086.0,49614.336
2018-12-01 02:00:00+00:00,49008.0,48905.56
2018-12-01 03:00:00+00:00,49298.0,49555.832
2018-12-01 04:00:00+00:00,49644.0,50037.336
2018-12-01 05:00:00+00:00,51016.0,52106.816
2018-12-01 06:00:00+00:00,54577.0,55412.195
2018-12-01 07:00:00+00:00,57420.0,58374.83
2018-12-01 08:00:00+00:00,59908.0,60116.137
2018-12-01 09:00:00+00:00,61009.0,61613.22
2018-12-01 10:00:00+00:00,61467.0,61776.51
2018-12-01 11:00:00+00:00,60550.0,60994.477
2018-12-01 12:00:00+00:00,59344.0,59208.863
2018-12-01 13:00:00+00:00,58376.0,58340.18
2018-12-01 14:00:00+00:00,58252.0,58427.56
2018-12-01 15:00:00+00:00,60230.0,60541.215
2018-12-01 16:00:00+00:00,63032.0,62886.67
2018-12-01 17:00:00+00:00,63056.0,62965.98
2018-12-01 18:00:00+00:00,61252.0,61043.848
2018-12-01 19:00:00+00:00,57820.0,58149.492
2018-12-01 20:00:00+00:00,55192.0,55670.777
2018-12-01 21:00:00+00:00,54390.0,54159.69
2018-12-01 22:00:00+00:00,50955.0,51459.918
2018-12-01 23:00:00+00:00,47639.0,48207.566
2018-12-02 00:00:00+00:00,45353.0,45943.73
2018-12-02 01:00:00+00:00,44172.0,44247.0
2018-12-02 02:00:00+00:00,43741.0,43473.74
2018-12-02 03:00:00+00:00,43675.0,43118.223
2018-12-02 04:00:00+00:00,43958.0,43141.85
2018-12-02 05:00:00+00:00,43962.0,44898.613
2018-12-02 06:00:00+00:00,46338.0,46723.113
2018-12-02 07:00:00+00:00,49599.0,49768.76
2018-12-02 08:00:00+00:00,53228.0,53050.95
2018-12-02 09:00:00+00:00,55728.0,55661.184
2018-12-02 10:00:00+00:00,57970.0,57736.156
2018-12-02 11:00:00+00:00,58017.0,58307.117
2018-12-02 12:00:00+00:00,56187.0,56655.79
2018-12-02 13:00:00+00:00,54917.0,54813.047
2018-12-02 14:00:00+00:00,54797.0,54864.477
2018-12-02 15:00:00+00:00,56545.0,56881.785
2018-12-02 16:00:00+00:00,58714.0,59888.652
2018-12-02 17:00:00+00:00,59554.0,58610.457
2018-12-02 18:00:00+00:00,57965.0,58554.98
2018-12-02 19:00:00+00:00,55853.0,55403.883
2018-12-02 20:00:00+00:00,54063.0,54203.08
2018-12-02 21:00:00+00:00,53757.0,53171.4
2018-12-02 22:00:00+00:00,50335.0,50615.94
2018-12-02 23:00:00+00:00,47347.0,47152.49
2018-12-03 00:00:00+00:00,45893.0,45263.332
2018-12-03 01:00:00+00:00,44967.0,45038.438
2018-12-03 02:00:00+00:00,45730.0,45046.97
2018-12-03 03:00:00+00:00,47481.0,47340.97
2018-12-03 04:00:00+00:00,52219.0,51309.906
2018-12-03 05:00:00+00:00,62425.0,62374.113
2018-12-03 06:00:00+00:00,69852.0,69546.77
2018-12-03 07:00:00+00:00,72102.0,72214.23
2018-12-03 08:00:00+00:00,72248.0,72817.43
2018-12-03 09:00:00+00:00,73597.0,73329.984
2018-12-03 10:00:00+00:00,74178.0,74457.29
2018-12-03 11:00:00+00:00,73699.0,73589.78
2018-12-03 12:00:00+00:00,73980.0,73813.3
2018-12-03 13:00:00+00:00,72815.0,73407.88
2018-12-03 14:00:00+00:00,72084.0,72622.29
2018-12-03 15:00:00+00:00,72609.0,72688.58
2018-12-03 16:00:00+00:00,73708.0,75359.91
2018-12-03 17:00:00+00:00,72751.0,73477.33
2018-12-03 18:00:00+00:00,71173.0,72150.52
2018-12-03 19:00:00+00:00,67839.0,67797.86
2018-12-03 20:00:00+00:00,63699.0,64802.137
2018-12-03 21:00:00+00:00,60067.0,60355.625
2018-12-03 22:00:00+00:00,54947.0,55729.81
2018-12-03 23:00:00+00:00,51184.0,51379.348
2018-12-04 00:00:00+00:00,49465.0,49446.586
2018-12-04 01:00:00+00:00,48956.0,48882.21
2018-12-04 02:00:00+00:00,49494.0,49720.54
2018-12-04 03:00:00+00:00,50716.0,51218.723
2018-12-04 04:00:00+00:00,55432.0,54440.203
2018-12-04 05:00:00+00:00,63806.0,65488.05
2018-12-04 06:00:00+00:00,69958.0,69889.78
2018-12-04 07:00:00+00:00,71876.0,71967.625
2018-12-04 08:00:00+00:00,71869.0,72266.38
2018-12-04 09:00:00+00:00,72477.0,73020.875
2018-12-04 10:00:00+00:00,72951.0,73227.01
2018-12-04 11:00:00+00:00,72259.0,72651.31
2018-12-04 12:00:00+00:00,71993.0,71977.805
2018-12-04 13:00:00+00:00,71326.0,71289.445
2018-12-04 14:00:00+00:00,70885.0,70965.0
2018-12-04 15:00:00+00:00,72001.0,72290.88
2018-12-04 16:00:00+00:00,74612.0,74462.19
2018-12-04 17:00:00+00:00,74136.0,73730.33
2018-12-04 18:00:00+00:00,72424.0,72231.68
2018-12-04 19:00:00+00:00,68567.0,68791.4
2018-12-04 20:00:00+00:00,64830.0,65312.77
2018-12-04 21:00:00+00:00,61925.0,61743.5
2018-12-04 22:00:00+00:00,57988.0,57822.445
2018-12-04 23:00:00+00:00,54336.0,54872.508
2018-12-05 00:00:00+00:00,52911.0,52418.152
2018-12-05 01:00:00+00:00,52285.0,52353.395
2018-12-05 02:00:00+00:00,52963.0,52686.32
2018-12-05 03:00:00+00:00,54295.0,54530.68
2018-12-05 04:00:00+00:00,56950.0,57983.203
2018-12-05 05:00:00+00:00,64819.0,64062.32
2018-12-05 06:00:00+00:00,70449.0,71577.305
2018-12-05 07:00:00+00:00,72082.0,72213.91
2018-12-05 08:00:00+00:00,72001.0,72503.03
2018-12-05 09:00:00+00:00,71510.0,73047.73
2018-12-05 10:00:00+00:00,72298.0,72008.195
2018-12-05 11:00:00+00:00,71684.0,71963.16
2018-12-05 12:00:00+00:00,71402.0,71237.02
2018-12-05 13:00:00+00:00,70688.0,70715.984
2018-12-05 14:00:00+00:00,70802.0,70267.52
2018-12-05 15:00:00+00:00,72168.0,72201.68
2018-12-05 16:00:00+00:00,73750.0,74941.695
2018-12-05 17:00:00+00:00,73313.0,73127.13
2018-12-05 18:00:00+00:00,72461.0,72307.336
2018-12-05 19:00:00+00:00,69074.0,69107.94
2018-12-05 20:00:00+00:00,65662.0,66335.945
2018-12-05 21:00:00+00:00,62986.0,63070.332
2018-12-05 22:00:00+00:00,58182.0,59333.816
2018-12-05 23:00:00+00:00,54149.0,55023.574
2018-12-06 00:00:00+00:00,52029.0,52159.38
2018-12-06 01:00:00+00:00,50856.0,51206.105
2018-12-06 02:00:00+00:00,51479.0,51084.54
2018-12-06 03:00:00+00:00,52829.0,52898.91
2018-12-06 04:00:00+00:00,56538.0,56221.996
2018-12-06 05:00:00+00:00,64324.0,65842.664
2018-12-06 06:00:00+00:00,70449.0,71104.984
2018-12-06 07:00:00+00:00,72466.0,72643.92
2018-12-06 08:00:00+00:00,72723.0,72908.94
2018-12-06 09:00:00+00:00,73108.0,73737.45
2018-12-06 10:00:00+00:00,74079.0,73917.516
2018-12-06 11:00:00+00:00,73419.0,73871.766
2018-12-06 12:00:00+00:00,73272.0,73127.04
2018-12-06 13:00:00+00:00,72491.0,72566.64
2018-12-06 14:00:00+00:00,72200.0,72090.74
2018-12-06 15:00:00+00:00,73723.0,72787.26
2018-12-06 16:00:00+00:00,74525.0,76182.68
2018-12-06 17:00:00+00:00,73975.0,73894.99
2018-12-06 18:00:00+00:00,72562.0,73028.234
2018-12-06 19:00:00+00:00,69540.0,69172.06
2018-12-06 20:00:00+00:00,64688.0,66633.52
2018-12-06 21:00:00+00:00,60889.0,61423.07
2018-12-06 22:00:00+00:00,56372.0,56988.297
2018-12-06 23:00:00+00:00,52735.0,53319.875
2018-12-07 00:00:00+00:00,50557.0,51001.07
2018-12-07 01:00:00+00:00,49693.0,49936.797
2018-12-07 02:00:00+00:00,49712.0,50159.84
2018-12-07 03:00:00+00:00,51510.0,50785.613
2018-12-07 04:00:00+00:00,55138.0,55361.125
2018-12-07 05:00:00+00:00,63398.0,63500.844
2018-12-07 06:00:00+00:00,69928.0,70672.95
2018-12-07 07:00:00+00:00,73025.0,72204.695
2018-12-07 08:00:00+00:00,73435.0,73556.84
2018-12-07 09:00:00+00:00,74510.0,74349.69
2018-12-07 10:00:00+00:00,74920.0,75394.08
2018-12-07 11:00:00+00:00,74042.0,74744.305
2018-12-07 12:00:00+00:00,73178.0,73774.24
2018-12-07 13:00:00+00:00,71453.0,72555.7
2018-12-07 14:00:00+00:00,70770.0,71036.8
2018-12-07 15:00:00+00:00,72315.0,71711.57
2018-12-07 16:00:00+00:00,73864.0,75027.58
2018-12-07 17:00:00+00:00,72450.0,72741.414
2018-12-07 18:00:00+00:00,70168.0,71083.23
2018-12-07 19:00:00+00:00,66080.0,66549.0
2018-12-07 20:00:00+00:00,62248.0,62957.207
2018-12-07 21:00:00+00:00,59504.0,59395.17
2018-12-07 22:00:00+00:00,55606.0,55486.176
2018-12-07 23:00:00+00:00,52729.0,52448.91
2018-12-08 00:00:00+00:00,50560.0,50938.945
2018-12-08 01:00:00+00:00,49512.0,49739.47
2018-12-08 02:00:00+00:00,49472.0,49664.88
2018-12-08 03:00:00+00:00,49881.0,50174.293
2018-12-08 04:00:00+00:00,49832.0,51396.39
2018-12-08 05:00:00+00:00,51024.0,51995.93
2018-12-08 06:00:00+00:00,54346.0,55177.242
2018-12-08 07:00:00+00:00,58365.0,58122.516
2018-12-08 08:00:00+00:00,61453.0,61610.082
2018-12-08 09:00:00+00:00,63695.0,63096.684
2018-12-08 10:00:00+00:00,64459.0,64606.297
2018-12-08 11:00:00+00:00,64034.0,64033.086
2018-12-08 12:00:00+00:00,62685.0,62906.37
2018-12-08 13:00:00+00:00,61405.0,61857.445
2018-12-08 14:00:00+00:00,61258.0,61667.86
2018-12-08 15:00:00+00:00,62711.0,63332.85
2018-12-08 16:00:00+00:00,64615.0,64908.383
2018-12-08 17:00:00+00:00,64121.0,64637.47
2018-12-08 18:00:00+00:00,61806.0,62847.832
2018-12-08 19:00:00+00:00,58381.0,59210.258
2018-12-08 20:00:00+00:00,56448.0,56386.664
2018-12-08 21:00:00+00:00,54884.0,56036.242
2018-12-08 22:00:00+00:00,51243.0,51783.27
2018-12-08 23:00:00+00:00,48262.0,48443.87
2018-12-09 00:00:00+00:00,46226.0,46101.703
2018-12-09 01:00:00+00:00,44920.0,44980.473
2018-12-09 02:00:00+00:00,44749.0,44417.92
2018-12-09 03:00:00+00:00,44770.0,45033.836
2018-12-09 04:00:00+00:00,44966.0,45203.613
2018-12-09 05:00:00+00:00,44824.0,46201.246
2018-12-09 06:00:00+00:00,46808.0,47782.125
2018-12-09 07:00:00+00:00,50007.0,50192.234
2018-12-09 08:00:00+00:00,53155.0,53430.863
2018-12-09 09:00:00+00:00,56096.0,55499.453
2018-12-09 10:00:00+00:00,58492.0,58085.625
2018-12-09 11:00:00+00:00,58534.0,58369.418
2018-12-09 12:00:00+00:00,56712.0,56962.477
2018-12-09 13:00:00+00:00,55793.0,55412.125
2018-12-09 14:00:00+00:00,55658.0,56073.406
2018-12-09 15:00:00+00:00,57513.0,57708.63
2018-12-09 16:00:00+00:00,60167.0,60866.246
2018-12-09 17:00:00+00:00,60528.0,60050.566
2018-12-09 18:00:00+00:00,59666.0,59115.582
2018-12-09 19:00:00+00:00,57542.0,57419.156
2018-12-09 20:00:00+00:00,56095.0,55723.023
2018-12-09 21:00:00+00:00,55182.0,55535.473
2018-12-09 22:00:00+00:00,51862.0,51919.27
2018-12-09 23:00:00+00:00,49578.0,48905.246
2018-12-10 00:00:00+00:00,48266.0,47744.15
2018-12-10 01:00:00+00:00,48004.0,47555.87
2018-12-10 02:00:00+00:00,49155.0,48535.273
2018-12-10 03:00:00+00:00,51309.0,51557.156
2018-12-10 04:00:00+00:00,54893.0,56713.953
2018-12-10 05:00:00+00:00,63470.0,62079.83
2018-12-10 06:00:00+00:00,70603.0,69541.56
2018-12-10 07:00:00+00:00,73455.0,73234.13
2018-12-10 08:00:00+00:00,74314.0,74329.62
2018-12-10 09:00:00+00:00,74792.0,75381.85
2018-12-10 10:00:00+00:00,76321.0,75184.26
2018-12-10 11:00:00+00:00,76177.0,75769.84
2018-12-10 12:00:00+00:00,75471.0,75837.07
2018-12-10 13:00:00+00:00,74073.0,74909.75
2018-12-10 14:00:00+00:00,73916.0,73701.59
2018-12-10 15:00:00+00:00,75006.0,74419.664
2018-12-10 16:00:00+00:00,76450.0,77402.17
2018-12-10 17:00:00+00:00,75469.0,75611.445
2018-12-10 18:00:00+00:00,73871.0,74539.83
2018-12-10 19:00:00+00:00,69593.0,70257.73
2018-12-10 20:00:00+00:00,66254.0,66501.61
2018-12-10 21:00:00+00:00,63139.0,63755.195
2018-12-10 22:00:00+00:00,59079.0,58932.043
2018-12-10 23:00:00+00:00,55051.0,55788.863
2018-12-11 00:00:00+00:00,53420.0,53031.926
2018-12-11 01:00:00+00:00,52678.0,52794.64
2018-12-11 02:00:00+00:00,52949.0,53018.625
2018-12-11 03:00:00+00:00,54456.0,54219.35
2018-12-11 04:00:00+00:00,57423.0,58046.08
2018-12-11 05:00:00+00:00,65513.0,65203.883
2018-12-11 06:00:00+00:00,71360.0,72405.93
2018-12-11 07:00:00+00:00,73661.0,73488.09
2018-12-11 08:00:00+00:00,73962.0,74247.66
2018-12-11 09:00:00+00:00,74306.0,75080.77
2018-12-11 10:00:00+00:00,74634.0,75040.93
2018-12-11 11:00:00+00:00,74214.0,74363.38
2018-12-11 12:00:00+00:00,73958.0,73898.625
2018-12-11 13:00:00+00:00,73024.0,73400.92
2018-12-11 14:00:00+00:00,72419.0,72735.805
2018-12-11 15:00:00+00:00,73090.0,73580.37
2018-12-11 16:00:00+00:00,74690.0,75742.05
2018-12-11 17:00:00+00:00,73362.0,74179.71
2018-12-11 18:00:00+00:00,71573.0,72456.85
2018-12-11 19:00:00+00:00,67812.0,68338.16
2018-12-11 20:00:00+00:00,64508.0,64834.617
2018-12-11 21:00:00+00:00,61455.0,61909.934
2018-12-11 22:00:00+00:00,57133.0,57536.5
2018-12-11 23:00:00+00:00,54576.0,54130.965
2018-12-12 00:00:00+00:00,53007.0,52917.77
2018-12-12 01:00:00+00:00,52163.0,52368.78
2018-12-12 02:00:00+00:00,52741.0,52500.715
2018-12-12 03:00:00+00:00,54251.0,54116.152
2018-12-12 04:00:00+00:00,57291.0,58152.867
2018-12-12 05:00:00+00:00,63949.0,64336.652
2018-12-12 06:00:00+00:00,69967.0,69871.56
2018-12-12 07:00:00+00:00,72216.0,72015.41
2018-12-12 08:00:00+00:00,72402.0,72807.58
2018-12-12 09:00:00+00:00,72856.0,73458.13
2018-12-12 10:00:00+00:00,73056.0,73408.484
2018-12-12 11:00:00+00:00,72397.0,72646.29
2018-12-12 12:00:00+00:00,71647.0,71874.45
2018-12-12 13:00:00+00:00,70640.0,70959.45
2018-12-12 14:00:00+00:00,70516.0,70254.79
2018-12-12 15:00:00+00:00,71666.0,71917.74
2018-12-12 16:00:00+00:00,73447.0,74249.164
2018-12-12 17:00:00+00:00,72264.0,72906.01
2018-12-12 18:00:00+00:00,70977.0,71183.12
2018-12-12 19:00:00+00:00,68085.0,67679.984
2018-12-12 20:00:00+00:00,64603.0,65534.207
2018-12-12 21:00:00+00:00,62194.0,61977.34
2018-12-12 22:00:00+00:00,57808.0,58687.176
2018-12-12 23:00:00+00:00,55353.0,54676.43
2018-12-13 00:00:00+00:00,53509.0,53702.305
2018-12-13 01:00:00+00:00,52721.0,52747.418
2018-12-13 02:00:00+00:00,52958.0,53025.555
2018-12-13 03:00:00+00:00,54331.0,53992.953
2018-12-13 04:00:00+00:00,57604.0,57937.19
2018-12-13 05:00:00+00:00,64344.0,65221.043
2018-12-13 06:00:00+00:00,70346.0,70185.66
2018-12-13 07:00:00+00:00,72143.0,72271.85
2018-12-13 08:00:00+00:00,72293.0,72626.734
2018-12-13 09:00:00+00:00,72991.0,73357.266
2018-12-13 10:00:00+00:00,73260.0,73577.78
2018-12-13 11:00:00+00:00,72863.0,72823.81
2018-12-13 12:00:00+00:00,72463.0,72422.25
2018-12-13 13:00:00+00:00,71798.0,71741.48
2018-12-13 14:00:00+00:00,71451.0,71384.97
2018-12-13 15:00:00+00:00,72676.0,72495.46
2018-12-13 16:00:00+00:00,74506.0,75472.586
2018-12-13 17:00:00+00:00,74015.0,74420.11
2018-12-13 18:00:00+00:00,72734.0,72968.55
2018-12-13 19:00:00+00:00,69254.0,69280.13
2018-12-13 20:00:00+00:00,65746.0,66567.73
2018-12-13 21:00:00+00:00,63360.0,63283.152
2018-12-13 22:00:00+00:00,59719.0,59811.89
2018-12-13 23:00:00+00:00,56348.0,56800.297
2018-12-14 00:00:00+00:00,54017.0,54368.56
2018-12-14 01:00:00+00:00,52831.0,53050.74
2018-12-14 02:00:00+00:00,53897.0,52779.78
2018-12-14 03:00:00+00:00,54454.0,55411.36
2018-12-14 04:00:00+00:00,57697.0,57113.16
2018-12-14 05:00:00+00:00,64554.0,65972.41
2018-12-14 06:00:00+00:00,70875.0,70960.15
2018-12-14 07:00:00+00:00,73580.0,73121.234
2018-12-14 08:00:00+00:00,74117.0,74102.32
2018-12-14 09:00:00+00:00,74008.0,75111.71
2018-12-14 10:00:00+00:00,74214.0,74586.945
2018-12-14 11:00:00+00:00,73119.0,73903.305
2018-12-14 12:00:00+00:00,72236.0,72647.72
2018-12-14 13:00:00+00:00,70837.0,71532.805
2018-12-14 14:00:00+00:00,70692.0,70239.516
2018-12-14 15:00:00+00:00,71895.0,71496.85
2018-12-14 16:00:00+00:00,72809.0,74900.11
2018-12-14 17:00:00+00:00,71096.0,72471.8
2018-12-14 18:00:00+00:00,69147.0,70530.99
2018-12-14 19:00:00+00:00,65638.0,65834.85
2018-12-14 20:00:00+00:00,62333.0,63192.344
2018-12-14 21:00:00+00:00,60035.0,59795.523
2018-12-14 22:00:00+00:00,56917.0,56622.793
2018-12-14 23:00:00+00:00,54090.0,54134.715
2018-12-15 00:00:00+00:00,52226.0,52219.72
2018-12-15 01:00:00+00:00,51046.0,51458.383
2018-12-15 02:00:00+00:00,50286.0,50850.336
2018-12-15 03:00:00+00:00,50152.0,50202.25
2018-12-15 04:00:00+00:00,50226.0,50447.395
2018-12-15 05:00:00+00:00,50854.0,51850.85
2018-12-15 06:00:00+00:00,54224.0,54292.68
2018-12-15 07:00:00+00:00,58764.0,58054.3
2018-12-15 08:00:00+00:00,62163.0,62006.32
2018-12-15 09:00:00+00:00,63758.0,63676.73
2018-12-15 10:00:00+00:00,64333.0,64332.023
2018-12-15 11:00:00+00:00,63661.0,63715.848
2018-12-15 12:00:00+00:00,62135.0,62495.82
2018-12-15 13:00:00+00:00,60994.0,61500.594
2018-12-15 14:00:00+00:00,60996.0,61545.95
2018-12-15 15:00:00+00:00,62282.0,62942.535
2018-12-15 16:00:00+00:00,64427.0,64325.418
2018-12-15 17:00:00+00:00,63992.0,64732.254
2018-12-15 18:00:00+00:00,62422.0,62595.22
2018-12-15 19:00:00+00:00,59262.0,59704.14
2018-12-15 20:00:00+00:00,57419.0,57389.324
2018-12-15 21:00:00+00:00,56820.0,57086.633
2018-12-15 22:00:00+00:00,52930.0,54235.355
2018-12-15 23:00:00+00:00,49203.0,49916.77
2018-12-16 00:00:00+00:00,47794.0,46795.973
2018-12-16 01:00:00+00:00,46676.0,46325.72
2018-12-16 02:00:00+00:00,46463.0,46379.832
2018-12-16 03:00:00+00:00,45922.0,46962.14
2018-12-16 04:00:00+00:00,46088.0,45831.863
2018-12-16 05:00:00+00:00,45481.0,47784.695
2018-12-16 06:00:00+00:00,48179.0,48422.26
2018-12-16 07:00:00+00:00,51321.0,51741.03
2018-12-16 08:00:00+00:00,55723.0,54533.094
2018-12-16 09:00:00+00:00,58632.0,58261.145
2018-12-16 10:00:00+00:00,61278.0,60215.133
2018-12-16 11:00:00+00:00,61221.0,61304.902
2018-12-16 12:00:00+00:00,59159.0,59923.27
2018-12-16 13:00:00+00:00,57228.0,58109.11
2018-12-16 14:00:00+00:00,56618.0,57323.465
2018-12-16 15:00:00+00:00,58088.0,58029.195
2018-12-16 16:00:00+00:00,60965.0,60691.887
2018-12-16 17:00:00+00:00,61465.0,61086.27
2018-12-16 18:00:00+00:00,60313.0,60165.71
2018-12-16 19:00:00+00:00,57809.0,57525.984
2018-12-16 20:00:00+00:00,56132.0,55408.05
2018-12-16 21:00:00+00:00,55780.0,55685.81
2018-12-16 22:00:00+00:00,52838.0,52653.77
2018-12-16 23:00:00+00:00,50836.0,49886.83
2018-12-17 00:00:00+00:00,49194.0,48745.54
2018-12-17 01:00:00+00:00,48427.0,48226.867
2018-12-17 02:00:00+00:00,48255.0,48395.695
2018-12-17 03:00:00+00:00,49503.0,48986.996
2018-12-17 04:00:00+00:00,53186.0,52066.023
2018-12-17 05:00:00+00:00,61615.0,61245.82
2018-12-17 06:00:00+00:00,67783.0,69204.52
2018-12-17 07:00:00+00:00,70409.0,70479.03
2018-12-17 08:00:00+00:00,70693.0,71309.0
2018-12-17 09:00:00+00:00,71334.0,72090.93
2018-12-17 10:00:00+00:00,72165.0,72525.92
2018-12-17 11:00:00+00:00,72016.0,72157.54
2018-12-17 12:00:00+00:00,71435.0,71880.586
2018-12-17 13:00:00+00:00,70304.0,70971.23
2018-12-17 14:00:00+00:00,70194.0,69856.85
2018-12-17 15:00:00+00:00,70588.0,70659.09
2018-12-17 16:00:00+00:00,71738.0,73279.54
2018-12-17 17:00:00+00:00,70967.0,72830.07
2018-12-17 18:00:00+00:00,69892.0,71039.46
2018-12-17 19:00:00+00:00,66516.0,66891.586
2018-12-17 20:00:00+00:00,63427.0,63881.68
2018-12-17 21:00:00+00:00,60929.0,60943.973
2018-12-17 22:00:00+00:00,56602.0,56871.84
2018-12-17 23:00:00+00:00,52860.0,53064.047
2018-12-18 00:00:00+00:00,51456.0,50741.79
2018-12-18 01:00:00+00:00,50179.0,50778.9
2018-12-18 02:00:00+00:00,50151.0,50350.8
2018-12-18 03:00:00+00:00,51535.0,51143.48
2018-12-18 04:00:00+00:00,54872.0,54744.09
2018-12-18 05:00:00+00:00,62636.0,62836.445
2018-12-18 06:00:00+00:00,69092.0,68936.42
2018-12-18 07:00:00+00:00,71235.0,71454.33
2018-12-18 08:00:00+00:00,71039.0,71740.74
2018-12-18 09:00:00+00:00,71127.0,72121.23
2018-12-18 10:00:00+00:00,72741.0,72041.586
2018-12-18 11:00:00+00:00,72975.0,72515.62
2018-12-18 12:00:00+00:00,72550.0,72740.0
2018-12-18 13:00:00+00:00,70221.0,71792.914
2018-12-18 14:00:00+00:00,69435.0,69563.695
2018-12-18 15:00:00+00:00,71106.0,69959.5
2018-12-18 16:00:00+00:00,73429.0,74616.04
2018-12-18 17:00:00+00:00,73059.0,72469.01
2018-12-18 18:00:00+00:00,72159.0,71615.98
2018-12-18 19:00:00+00:00,68351.0,68414.34
2018-12-18 20:00:00+00:00,64383.0,65220.684
2018-12-18 21:00:00+00:00,61368.0,61568.953
2018-12-18 22:00:00+00:00,57639.0,57396.82
2018-12-18 23:00:00+00:00,53844.0,54287.414
2018-12-19 00:00:00+00:00,51844.0,51622.848
2018-12-19 01:00:00+00:00,51178.0,50976.984
2018-12-19 02:00:00+00:00,51769.0,51527.38
2018-12-19 03:00:00+00:00,53013.0,53215.87
2018-12-19 04:00:00+00:00,56054.0,56398.88
2018-12-19 05:00:00+00:00,63461.0,63862.953
2018-12-19 06:00:00+00:00,70456.0,69929.22
2018-12-19 07:00:00+00:00,73580.0,72810.695
2018-12-19 08:00:00+00:00,73829.0,74058.5
2018-12-19 09:00:00+00:00,73922.0,74706.766
2018-12-19 10:00:00+00:00,73942.0,74601.95
2018-12-19 11:00:00+00:00,73216.0,73612.0
2018-12-19 12:00:00+00:00,72525.0,72839.47
2018-12-19 13:00:00+00:00,71609.0,71910.23
2018-12-19 14:00:00+00:00,71098.0,71146.16
2018-12-19 15:00:00+00:00,72232.0,71620.69
2018-12-19 16:00:00+00:00,73335.0,75104.9
2018-12-19 17:00:00+00:00,72298.0,72888.35
2018-12-19 18:00:00+00:00,70697.0,71511.336
2018-12-19 19:00:00+00:00,66722.0,67354.63
2018-12-19 20:00:00+00:00,63871.0,63757.75
2018-12-19 21:00:00+00:00,60892.0,61397.41
2018-12-19 22:00:00+00:00,55971.0,56764.723
2018-12-19 23:00:00+00:00,51696.0,52603.305
2018-12-20 00:00:00+00:00,50312.0,49572.617
2018-12-20 01:00:00+00:00,49310.0,49742.113
2018-12-20 02:00:00+00:00,49421.0,49652.867
2018-12-20 03:00:00+00:00,50662.0,50630.863
2018-12-20 04:00:00+00:00,53298.0,53719.9
2018-12-20 05:00:00+00:00,60312.0,60283.273
2018-12-20 06:00:00+00:00,67080.0,67286.08
2018-12-20 07:00:00+00:00,70040.0,69830.76
2018-12-20 08:00:00+00:00,70266.0,70665.15
2018-12-20 09:00:00+00:00,70657.0,71264.13
2018-12-20 10:00:00+00:00,71125.0,71657.09
2018-12-20 11:00:00+00:00,70861.0,70881.664
2018-12-20 12:00:00+00:00,70175.0,70469.65
2018-12-20 13:00:00+00:00,69398.0,69438.4
2018-12-20 14:00:00+00:00,69019.0,68960.86
2018-12-20 15:00:00+00:00,70142.0,70316.64
2018-12-20 16:00:00+00:00,71443.0,73056.82
2018-12-20 17:00:00+00:00,70443.0,71248.62
2018-12-20 18:00:00+00:00,68740.0,69846.984
2018-12-20 19:00:00+00:00,64466.0,65775.77
2018-12-20 20:00:00+00:00,61187.0,61537.203
2018-12-20 21:00:00+00:00,58387.0,58879.97
2018-12-20 22:00:00+00:00,54158.0,54383.383
2018-12-20 23:00:00+00:00,50663.0,50845.688
2018-12-21 00:00:00+00:00,48550.0,48600.27
2018-12-21 01:00:00+00:00,47032.0,47666.54
2018-12-21 02:00:00+00:00,46942.0,46961.258
2018-12-21 03:00:00+00:00,48034.0,47592.01
2018-12-21 04:00:00+00:00,50646.0,50349.336
2018-12-21 05:00:00+00:00,56545.0,57211.887
2018-12-21 06:00:00+00:00,62929.0,62953.086
2018-12-21 07:00:00+00:00,66845.0,66284.875
2018-12-21 08:00:00+00:00,68140.0,67969.57
2018-12-21 09:00:00+00:00,68902.0,69202.26
2018-12-21 10:00:00+00:00,68862.0,70024.48
2018-12-21 11:00:00+00:00,68422.0,68623.84
2018-12-21 12:00:00+00:00,67173.0,67900.52
2018-12-21 13:00:00+00:00,64763.0,66358.875
2018-12-21 14:00:00+00:00,64294.0,64211.008
2018-12-21 15:00:00+00:00,66502.0,65633.14
2018-12-21 16:00:00+00:00,67320.0,69636.88
2018-12-21 17:00:00+00:00,66515.0,66636.26
2018-12-21 18:00:00+00:00,64508.0,65883.51
2018-12-21 19:00:00+00:00,60159.0,61150.258
2018-12-21 20:00:00+00:00,57505.0,57734.773
2018-12-21 21:00:00+00:00,54893.0,55659.637
2018-12-21 22:00:00+00:00,51104.0,50941.67
2018-12-21 23:00:00+00:00,47631.0,47668.67
2018-12-22 00:00:00+00:00,45118.0,45307.285
2018-12-22 01:00:00+00:00,43341.0,43958.86
2018-12-22 02:00:00+00:00,42842.0,42898.996
2018-12-22 03:00:00+00:00,43553.0,42823.98
2018-12-22 04:00:00+00:00,43910.0,44283.38
2018-12-22 05:00:00+00:00,44862.0,44868.85
2018-12-22 06:00:00+00:00,47991.0,48454.69
2018-12-22 07:00:00+00:00,51851.0,51989.33
2018-12-22 08:00:00+00:00,55095.0,54910.312
2018-12-22 09:00:00+00:00,56498.0,57033.76
2018-12-22 10:00:00+00:00,58047.0,57617.11
2018-12-22 11:00:00+00:00,57369.0,57941.605
2018-12-22 12:00:00+00:00,55912.0,55717.33
2018-12-22 13:00:00+00:00,55162.0,54633.78
2018-12-22 14:00:00+00:00,55218.0,54949.01
2018-12-22 15:00:00+00:00,57026.0,56961.945
2018-12-22 16:00:00+00:00,59276.0,59568.14
2018-12-22 17:00:00+00:00,59945.0,59050.914
2018-12-22 18:00:00+00:00,58004.0,58243.957
2018-12-22 19:00:00+00:00,54371.0,54960.418
2018-12-22 20:00:00+00:00,51920.0,51980.312
2018-12-22 21:00:00+00:00,51013.0,50771.332
2018-12-22 22:00:00+00:00,46843.0,47595.254
2018-12-22 23:00:00+00:00,43621.0,43574.867
2018-12-23 00:00:00+00:00,41486.0,41542.48
2018-12-23 01:00:00+00:00,40258.0,40390.473
2018-12-23 02:00:00+00:00,39668.0,39949.668
2018-12-23 03:00:00+00:00,39840.0,39383.66
2018-12-23 04:00:00+00:00,39651.0,39594.688
2018-12-23 05:00:00+00:00,39553.0,39175.844
2018-12-23 06:00:00+00:00,41766.0,41681.797
2018-12-23 07:00:00+00:00,45195.0,45271.6
2018-12-23 08:00:00+00:00,48466.0,48945.57
2018-12-23 09:00:00+00:00,51182.0,51011.973
2018-12-23 10:00:00+00:00,53776.0,53677.957
2018-12-23 11:00:00+00:00,54079.0,53887.855
2018-12-23 12:00:00+00:00,52976.0,52536.977
2018-12-23 13:00:00+00:00,51712.0,51818.68
2018-12-23 14:00:00+00:00,51430.0,51426.004
2018-12-23 15:00:00+00:00,53144.0,53086.688
2018-12-23 16:00:00+00:00,54714.0,56832.723
2018-12-23 17:00:00+00:00,54869.0,55172.664
2018-12-23 18:00:00+00:00,53530.0,53697.105
2018-12-23 19:00:00+00:00,51008.0,51742.383
2018-12-23 20:00:00+00:00,48500.0,49701.87
2018-12-23 21:00:00+00:00,48194.0,47756.812
2018-12-23 22:00:00+00:00,44301.0,45354.098
2018-12-23 23:00:00+00:00,40947.0,41154.305
2018-12-24 00:00:00+00:00,38665.0,38632.156
2018-12-24 01:00:00+00:00,38104.0,37391.4
2018-12-24 02:00:00+00:00,38232.0,37841.125
2018-12-24 03:00:00+00:00,39419.0,39052.008
2018-12-24 04:00:00+00:00,40474.0,41358.8
2018-12-24 05:00:00+00:00,41452.0,42598.688
2018-12-24 06:00:00+00:00,44827.0,45019.992
2018-12-24 07:00:00+00:00,49228.0,48629.105
2018-12-24 08:00:00+00:00,52954.0,52129.61
2018-12-24 09:00:00+00:00,53071.0,54930.785
2018-12-24 10:00:00+00:00,53339.0,54044.13
2018-12-24 11:00:00+00:00,52638.0,52413.402
2018-12-24 12:00:00+00:00,51656.0,51072.54
2018-12-24 13:00:00+00:00,50031.0,50924.52
2018-12-24 14:00:00+00:00,49643.0,49889.63
2018-12-24 15:00:00+00:00,51217.0,51123.24
2018-12-24 16:00:00+00:00,54038.0,53468.773
2018-12-24 17:00:00+00:00,52700.0,54668.145
2018-12-24 18:00:00+00:00,50526.0,50949.246
2018-12-24 19:00:00+00:00,47994.0,48695.285
2018-12-24 20:00:00+00:00,46577.0,46852.51
2018-12-24 21:00:00+00:00,46930.0,43813.26
2018-12-24 22:00:00+00:00,44601.0,44604.082
2018-12-24 23:00:00+00:00,42436.0,42445.53
2018-12-25 00:00:00+00:00,40443.0,41006.59
2018-12-25 01:00:00+00:00,39414.0,39550.793
2018-12-25 02:00:00+00:00,39080.0,39208.734
2018-12-25 03:00:00+00:00,39118.0,39020.31
2018-12-25 04:00:00+00:00,39314.0,38527.582
2018-12-25 05:00:00+00:00,38742.0,41241.504
2018-12-25 06:00:00+00:00,40267.0,40648.8
2018-12-25 07:00:00+00:00,43238.0,43153.895
2018-12-25 08:00:00+00:00,47285.0,46178.312
2018-12-25 09:00:00+00:00,50418.0,50136.625
2018-12-25 10:00:00+00:00,52321.0,52903.242
2018-12-25 11:00:00+00:00,51105.0,51335.168
2018-12-25 12:00:00+00:00,48801.0,48778.88
2018-12-25 13:00:00+00:00,47260.0,47885.293
2018-12-25 14:00:00+00:00,46331.0,47802.176
2018-12-25 15:00:00+00:00,48168.0,47731.152
2018-12-25 16:00:00+00:00,50810.0,50966.48
2018-12-25 17:00:00+00:00,51599.0,51601.605
2018-12-25 18:00:00+00:00,50705.0,51192.24
2018-12-25 19:00:00+00:00,49332.0,49330.695
2018-12-25 20:00:00+00:00,47940.0,48402.69
2018-12-25 21:00:00+00:00,47944.0,47333.85
2018-12-25 22:00:00+00:00,44879.0,45109.344
2018-12-25 23:00:00+00:00,43037.0,42048.273
2018-12-26 00:00:00+00:00,41668.0,41784.043
2018-12-26 01:00:00+00:00,40435.0,41317.676
2018-12-26 02:00:00+00:00,40089.0,40792.457
2018-12-26 03:00:00+00:00,39957.0,41086.64
2018-12-26 04:00:00+00:00,39480.0,40732.227
2018-12-26 05:00:00+00:00,39260.0,38491.316
2018-12-26 06:00:00+00:00,40974.0,41659.387
2018-12-26 07:00:00+00:00,44030.0,44472.746
2018-12-26 08:00:00+00:00,47956.0,47311.266
2018-12-26 09:00:00+00:00,50296.0,50633.87
2018-12-26 10:00:00+00:00,52178.0,52412.082
2018-12-26 11:00:00+00:00,51765.0,51877.547
2018-12-26 12:00:00+00:00,49551.0,50036.445
2018-12-26 13:00:00+00:00,48986.0,48065.516
2018-12-26 14:00:00+00:00,48685.0,49221.78
2018-12-26 15:00:00+00:00,50329.0,49648.902
2018-12-26 16:00:00+00:00,53235.0,52705.344
2018-12-26 17:00:00+00:00,53898.0,54076.0
2018-12-26 18:00:00+00:00,53048.0,52984.11
2018-12-26 19:00:00+00:00,51005.0,51624.28
2018-12-26 20:00:00+00:00,50142.0,49897.598
2018-12-26 21:00:00+00:00,49343.0,49790.105
2018-12-26 22:00:00+00:00,46554.0,46244.414
2018-12-26 23:00:00+00:00,44326.0,43926.316
2018-12-27 00:00:00+00:00,42406.0,42929.49
2018-12-27 01:00:00+00:00,41649.0,41984.477
2018-12-27 02:00:00+00:00,41687.0,42108.72
2018-12-27 03:00:00+00:00,42789.0,42981.344
2018-12-27 04:00:00+00:00,44374.0,45648.258
2018-12-27 05:00:00+00:00,47333.0,48623.676
2018-12-27 06:00:00+00:00,51124.0,52631.84
2018-12-27 07:00:00+00:00,54917.0,54589.066
2018-12-27 08:00:00+00:00,57129.0,57454.9
2018-12-27 09:00:00+00:00,58384.0,58829.87
2018-12-27 10:00:00+00:00,59119.0,59528.113
2018-12-27 11:00:00+00:00,59127.0,58942.844
2018-12-27 12:00:00+00:00,57878.0,58233.95
2018-12-27 13:00:00+00:00,56795.0,56812.33
2018-12-27 14:00:00+00:00,56531.0,56403.31
2018-12-27 15:00:00+00:00,58492.0,57766.844
2018-12-27 16:00:00+00:00,61274.0,61493.26
2018-12-27 17:00:00+00:00,61018.0,61372.355
2018-12-27 18:00:00+00:00,59217.0,58939.387
2018-12-27 19:00:00+00:00,55793.0,56648.883
2018-12-27 20:00:00+00:00,53036.0,54171.773
2018-12-27 21:00:00+00:00,51627.0,50691.29
2018-12-27 22:00:00+00:00,48677.0,48165.043
2018-12-27 23:00:00+00:00,46149.0,45785.758
2018-12-28 00:00:00+00:00,43896.0,44239.074
2018-12-28 01:00:00+00:00,42908.0,42849.715
2018-12-28 02:00:00+00:00,42695.0,42731.61
2018-12-28 03:00:00+00:00,43096.0,42900.043
2018-12-28 04:00:00+00:00,44638.0,43360.99
2018-12-28 05:00:00+00:00,47616.0,47395.266
2018-12-28 06:00:00+00:00,50817.0,52213.062
2018-12-28 07:00:00+00:00,53963.0,54101.43
2018-12-28 08:00:00+00:00,56152.0,56364.17
2018-12-28 09:00:00+00:00,57338.0,57821.184
2018-12-28 10:00:00+00:00,57923.0,58509.832
2018-12-28 11:00:00+00:00,58346.0,57659.95
2018-12-28 12:00:00+00:00,57414.0,57491.25
2018-12-28 13:00:00+00:00,56196.0,56353.09
2018-12-28 14:00:00+00:00,56175.0,55829.203
2018-12-28 15:00:00+00:00,58099.0,58120.65
2018-12-28 16:00:00+00:00,60734.0,60969.562
2018-12-28 17:00:00+00:00,60487.0,60499.63
2018-12-28 18:00:00+00:00,58593.0,58618.348
2018-12-28 19:00:00+00:00,55370.0,55959.332
2018-12-28 20:00:00+00:00,53384.0,53517.62
2018-12-28 21:00:00+00:00,52202.0,51581.973
2018-12-28 22:00:00+00:00,49075.0,48697.914
2018-12-28 23:00:00+00:00,46544.0,46075.934
2018-12-29 00:00:00+00:00,44016.0,44673.367
2018-12-29 01:00:00+00:00,43228.0,42934.824
2018-12-29 02:00:00+00:00,42900.0,43055.1
2018-12-29 03:00:00+00:00,42907.0,42994.76
2018-12-29 04:00:00+00:00,42947.0,42452.594
2018-12-29 05:00:00+00:00,43580.0,43480.312
2018-12-29 06:00:00+00:00,46568.0,46860.445
2018-12-29 07:00:00+00:00,50400.0,50278.03
2018-12-29 08:00:00+00:00,53589.0,53703.996
2018-12-29 09:00:00+00:00,55306.0,55788.477
2018-12-29 10:00:00+00:00,56502.0,56805.75
2018-12-29 11:00:00+00:00,56099.0,56059.62
2018-12-29 12:00:00+00:00,55210.0,54771.14
2018-12-29 13:00:00+00:00,54429.0,54462.766
2018-12-29 14:00:00+00:00,54905.0,54556.203
2018-12-29 15:00:00+00:00,56978.0,56935.816
2018-12-29 16:00:00+00:00,59684.0,59538.15
2018-12-29 17:00:00+00:00,59754.0,59819.195
2018-12-29 18:00:00+00:00,57877.0,58170.51
2018-12-29 19:00:00+00:00,54441.0,55812.12
2018-12-29 20:00:00+00:00,52267.0,53132.31
2018-12-29 21:00:00+00:00,51049.0,50752.676
2018-12-29 22:00:00+00:00,48032.0,47795.05
2018-12-29 23:00:00+00:00,44786.0,45246.96
2018-12-30 00:00:00+00:00,42875.0,42865.375
2018-12-30 01:00:00+00:00,41307.0,41927.492
2018-12-30 02:00:00+00:00,40621.0,40773.895
2018-12-30 03:00:00+00:00,40848.0,40268.754
2018-12-30 04:00:00+00:00,40804.0,40956.984
2018-12-30 05:00:00+00:00,40415.0,40787.664
2018-12-30 06:00:00+00:00,41934.0,42320.438
2018-12-30 07:00:00+00:00,44230.0,45044.973
2018-12-30 08:00:00+00:00,47261.0,47891.414
2018-12-30 09:00:00+00:00,50144.0,49966.984
2018-12-30 10:00:00+00:00,52930.0,52994.523
2018-12-30 11:00:00+00:00,52258.0,53774.7
2018-12-30 12:00:00+00:00,50276.0,50281.14
2018-12-30 13:00:00+00:00,48810.0,48780.47
2018-12-30 14:00:00+00:00,49277.0,48583.457
2018-12-30 15:00:00+00:00,50978.0,51386.348
2018-12-30 16:00:00+00:00,54079.0,54884.29
2018-12-30 17:00:00+00:00,54287.0,55487.457
2018-12-30 18:00:00+00:00,52789.0,53220.633
2018-12-30 19:00:00+00:00,50308.0,51334.32
2018-12-30 20:00:00+00:00,48647.0,49228.51
2018-12-30 21:00:00+00:00,48075.0,47965.234
2018-12-30 22:00:00+00:00,45512.0,45203.28
2018-12-30 23:00:00+00:00,42900.0,42855.7
2018-12-31 00:00:00+00:00,40755.0,41318.777
2018-12-31 01:00:00+00:00,39516.0,40148.84
2018-12-31 02:00:00+00:00,39287.0,39576.76
2018-12-31 03:00:00+00:00,40008.0,39742.457
2018-12-31 04:00:00+00:00,40917.0,41045.105
2018-12-31 05:00:00+00:00,41860.0,42602.445
2018-12-31 06:00:00+00:00,44254.0,45304.586
2018-12-31 07:00:00+00:00,47359.0,47658.72
2018-12-31 08:00:00+00:00,50024.0,50552.844
2018-12-31 09:00:00+00:00,51429.0,52257.54
2018-12-31 10:00:00+00:00,52529.0,53132.484
2018-12-31 11:00:00+00:00,52917.0,52477.812
2018-12-31 12:00:00+00:00,52137.0,51861.914
2018-12-31 13:00:00+00:00,51349.0,51227.945
2018-12-31 14:00:00+00:00,51422.0,51264.652
2018-12-31 15:00:00+00:00,53284.0,52737.848
2018-12-31 16:00:00+00:00,55829.0,55757.246
2018-12-31 17:00:00+00:00,55489.0,56105.777
2018-12-31 18:00:00+00:00,53558.0,54024.824
2018-12-31 19:00:00+00:00,50094.0,51836.902
2018-12-31 20:00:00+00:00,47993.0,48741.69
2018-12-31 21:00:00+00:00,47476.0,46644.03
2018-12-31 22:00:00+00:00,45636.0,44644.434
2018-12-31 23:00:00+00:00,42976.0,43354.867
2019-01-01 00:00:00+00:00,41562.0,41291.2
2019-01-01 01:00:00+00:00,40100.0,40886.383
2019-01-01 02:00:00+00:00,38883.0,39661.266
2019-01-01 03:00:00+00:00,38806.0,37717.496
2019-01-01 04:00:00+00:00,38593.0,38005.31
2019-01-01 05:00:00+00:00,38140.0,38554.062
2019-01-01 06:00:00+00:00,38742.0,39495.074
2019-01-01 07:00:00+00:00,39256.0,41123.0
2019-01-01 08:00:00+00:00,42018.0,41809.08
2019-01-01 09:00:00+00:00,44533.0,44988.09
2019-01-01 10:00:00+00:00,47489.0,47551.09
2019-01-01 11:00:00+00:00,49261.0,48832.234
2019-01-01 12:00:00+00:00,48832.0,48458.74
2019-01-01 13:00:00+00:00,48595.0,47731.8
2019-01-01 14:00:00+00:00,48826.0,48699.008
2019-01-01 15:00:00+00:00,50626.0,50216.16
2019-01-01 16:00:00+00:00,53793.0,53376.375
2019-01-01 17:00:00+00:00,54371.0,54688.348
2019-01-01 18:00:00+00:00,53815.0,52874.832
2019-01-01 19:00:00+00:00,51609.0,52271.32
2019-01-01 20:00:00+00:00,49698.0,50092.25
2019-01-01 21:00:00+00:00,48859.0,49121.87
2019-01-01 22:00:00+00:00,46093.0,47201.39
2019-01-01 23:00:00+00:00,44318.0,43531.78
2019-01-02 00:00:00+00:00,42813.0,42622.69
2019-01-02 01:00:00+00:00,42318.0,42129.082
2019-01-02 02:00:00+00:00,41934.0,42716.062
2019-01-02 03:00:00+00:00,43607.0,43002.598
2019-01-02 04:00:00+00:00,46463.0,46803.215
2019-01-02 05:00:00+00:00,52329.0,51114.492
2019-01-02 06:00:00+00:00,57736.0,57755.87
2019-01-02 07:00:00+00:00,60956.0,60943.266
2019-01-02 08:00:00+00:00,62833.0,62495.0
2019-01-02 09:00:00+00:00,64259.0,64417.914
2019-01-02 10:00:00+00:00,65434.0,65329.637
2019-01-02 11:00:00+00:00,65705.0,65355.426
2019-01-02 12:00:00+00:00,64849.0,65215.137
2019-01-02 13:00:00+00:00,63278.0,64060.15
2019-01-02 14:00:00+00:00,63354.0,62617.016
2019-01-02 15:00:00+00:00,64290.0,64038.586
2019-01-02 16:00:00+00:00,68262.0,67382.84
2019-01-02 17:00:00+00:00,68159.0,69731.7
2019-01-02 18:00:00+00:00,66061.0,66385.53
2019-01-02 19:00:00+00:00,62543.0,63254.72
2019-01-02 20:00:00+00:00,59581.0,60155.785
2019-01-02 21:00:00+00:00,57599.0,57433.797
2019-01-02 22:00:00+00:00,53280.0,53744.832
2019-01-02 23:00:00+00:00,49918.0,50092.63
2019-01-03 00:00:00+00:00,48638.0,48018.582
2019-01-03 01:00:00+00:00,48082.0,47899.617
2019-01-03 02:00:00+00:00,47861.0,48579.074
2019-01-03 03:00:00+00:00,48411.0,48944.75
2019-01-03 04:00:00+00:00,50986.0,50587.883
2019-01-03 05:00:00+00:00,55857.0,57227.68
2019-01-03 06:00:00+00:00,60948.0,61120.074
2019-01-03 07:00:00+00:00,64162.0,64034.332
2019-01-03 08:00:00+00:00,65966.0,65588.945
2019-01-03 09:00:00+00:00,66379.0,67462.95
2019-01-03 10:00:00+00:00,67625.0,67219.21
2019-01-03 11:00:00+00:00,67794.0,67571.62
2019-01-03 12:00:00+00:00,66551.0,67164.35
2019-01-03 13:00:00+00:00,65506.0,65645.54
2019-01-03 14:00:00+00:00,64853.0,64788.37
2019-01-03 15:00:00+00:00,65985.0,65144.484
2019-01-03 16:00:00+00:00,69210.0,68865.65
2019-01-03 17:00:00+00:00,69159.0,69364.04
2019-01-03 18:00:00+00:00,67078.0,67156.18
2019-01-03 19:00:00+00:00,63478.0,63550.855
2019-01-03 20:00:00+00:00,60663.0,60864.547
2019-01-03 21:00:00+00:00,58350.0,58809.33
2019-01-03 22:00:00+00:00,55087.0,54515.453
2019-01-03 23:00:00+00:00,51718.0,52071.164
2019-01-04 00:00:00+00:00,49157.0,49570.918
2019-01-04 01:00:00+00:00,48594.0,48004.96
2019-01-04 02:00:00+00:00,48643.0,48673.13
2019-01-04 03:00:00+00:00,49409.0,49522.688
2019-01-04 04:00:00+00:00,51452.0,51530.13
2019-01-04 05:00:00+00:00,56643.0,56909.81
2019-01-04 06:00:00+00:00,62401.0,62610.664
2019-01-04 07:00:00+00:00,65584.0,65716.85
2019-01-04 08:00:00+00:00,67404.0,66779.01
2019-01-04 09:00:00+00:00,68173.0,68817.52
2019-01-04 10:00:00+00:00,68997.0,69260.67
2019-01-04 11:00:00+00:00,69469.0,68885.47
2019-01-04 12:00:00+00:00,68587.0,69010.945
2019-01-04 13:00:00+00:00,67122.0,67775.16
2019-01-04 14:00:00+00:00,66818.0,66423.27
2019-01-04 15:00:00+00:00,68104.0,67055.75
2019-01-04 16:00:00+00:00,69801.0,70978.25
2019-01-04 17:00:00+00:00,69105.0,69849.9
2019-01-04 18:00:00+00:00,66614.0,67887.03
2019-01-04 19:00:00+00:00,62098.0,63145.89
2019-01-04 20:00:00+00:00,59305.0,59606.023
2019-01-04 21:00:00+00:00,57794.0,57650.727
2019-01-04 22:00:00+00:00,53664.0,54190.06
2019-01-04 23:00:00+00:00,50780.0,50220.84
2019-01-05 00:00:00+00:00,48786.0,48764.918
2019-01-05 01:00:00+00:00,47649.0,47752.97
2019-01-05 02:00:00+00:00,47137.0,47631.156
2019-01-05 03:00:00+00:00,47921.0,47462.246
2019-01-05 04:00:00+00:00,47767.0,49611.508
2019-01-05 05:00:00+00:00,48420.0,49347.234
2019-01-05 06:00:00+00:00,50161.0,51741.113
2019-01-05 07:00:00+00:00,53621.0,53410.508
2019-01-05 08:00:00+00:00,56533.0,56662.703
2019-01-05 09:00:00+00:00,59117.0,58585.844
2019-01-05 10:00:00+00:00,60729.0,60370.62
2019-01-05 11:00:00+00:00,60826.0,60349.97
2019-01-05 12:00:00+00:00,59456.0,59526.89
2019-01-05 13:00:00+00:00,58131.0,58324.652
2019-01-05 14:00:00+00:00,57920.0,58085.07
2019-01-05 15:00:00+00:00,58847.0,60153.09
2019-01-05 16:00:00+00:00,61595.0,61936.527
2019-01-05 17:00:00+00:00,61433.0,62609.04
2019-01-05 18:00:00+00:00,59791.0,59932.93
2019-01-05 19:00:00+00:00,56066.0,56752.527
2019-01-05 20:00:00+00:00,53525.0,53561.49
2019-01-05 21:00:00+00:00,52340.0,52892.758
2019-01-05 22:00:00+00:00,48703.0,48901.953
2019-01-05 23:00:00+00:00,45590.0,45778.676
2019-01-06 00:00:00+00:00,43535.0,43320.234
2019-01-06 01:00:00+00:00,42181.0,42354.836
2019-01-06 02:00:00+00:00,41981.0,41598.867
2019-01-06 03:00:00+00:00,41903.0,41746.082
2019-01-06 04:00:00+00:00,41300.0,41281.52
2019-01-06 05:00:00+00:00,40917.0,40050.715
2019-01-06 06:00:00+00:00,42040.0,43078.406
2019-01-06 07:00:00+00:00,44988.0,45175.434
2019-01-06 08:00:00+00:00,48812.0,48879.055
2019-01-06 09:00:00+00:00,51933.0,51695.68
2019-01-06 10:00:00+00:00,54497.0,54870.055
2019-01-06 11:00:00+00:00,55033.0,54749.168
2019-01-06 12:00:00+00:00,53673.0,53348.137
2019-01-06 13:00:00+00:00,53219.0,52376.84
2019-01-06 14:00:00+00:00,52240.0,53291.496
2019-01-06 15:00:00+00:00,53738.0,53357.18
2019-01-06 16:00:00+00:00,57201.0,57706.906
2019-01-06 17:00:00+00:00,58107.0,59034.555
2019-01-06 18:00:00+00:00,56663.0,56705.51
2019-01-06 19:00:00+00:00,54371.0,54785.473
2019-01-06 20:00:00+00:00,52443.0,52946.62
2019-01-06 21:00:00+00:00,52249.0,52491.848
2019-01-06 22:00:00+00:00,49497.0,49347.773
2019-01-06 23:00:00+00:00,46260.0,46785.055
2019-01-07 00:00:00+00:00,44304.0,43980.746
2019-01-07 01:00:00+00:00,43691.0,43227.71
2019-01-07 02:00:00+00:00,44287.0,43624.4
2019-01-07 03:00:00+00:00,46200.0,45668.05
2019-01-07 04:00:00+00:00,50649.0,50495.516
2019-01-07 05:00:00+00:00,59542.0,60066.32
2019-01-07 06:00:00+00:00,66261.0,66615.55
2019-01-07 07:00:00+00:00,68960.0,69147.4
2019-01-07 08:00:00+00:00,69247.0,70113.57
2019-01-07 09:00:00+00:00,70469.0,70534.34
2019-01-07 10:00:00+00:00,71360.0,71648.9
2019-01-07 11:00:00+00:00,70861.0,71174.53
2019-01-07 12:00:00+00:00,70827.0,70804.91
2019-01-07 13:00:00+00:00,70353.0,70224.805
2019-01-07 14:00:00+00:00,69778.0,70071.81
2019-01-07 15:00:00+00:00,70582.0,70328.69
2019-01-07 16:00:00+00:00,72983.0,73702.26
2019-01-07 17:00:00+00:00,72271.0,72835.164
2019-01-07 18:00:00+00:00,69826.0,71364.78
2019-01-07 19:00:00+00:00,66773.0,66580.81
2019-01-07 20:00:00+00:00,63890.0,64092.246
2019-01-07 21:00:00+00:00,61124.0,61054.168
2019-01-07 22:00:00+00:00,57444.0,56691.68
2019-01-07 23:00:00+00:00,53755.0,54234.28
2019-01-08 00:00:00+00:00,51790.0,51711.594
2019-01-08 01:00:00+00:00,51217.0,50982.215
2019-01-08 02:00:00+00:00,51792.0,51560.72
2019-01-08 03:00:00+00:00,53483.0,53174.48
2019-01-08 04:00:00+00:00,56535.0,57187.312
2019-01-08 05:00:00+00:00,64186.0,63843.312
2019-01-08 06:00:00+00:00,70387.0,70465.48
2019-01-08 07:00:00+00:00,72913.0,72310.86
2019-01-08 08:00:00+00:00,73232.0,73417.914
2019-01-08 09:00:00+00:00,73615.0,74270.56
2019-01-08 10:00:00+00:00,73965.0,74187.35
2019-01-08 11:00:00+00:00,74062.0,73574.164
2019-01-08 12:00:00+00:00,73620.0,73687.05
2019-01-08 13:00:00+00:00,72595.0,72959.75
2019-01-08 14:00:00+00:00,72428.0,72083.54
2019-01-08 15:00:00+00:00,73340.0,73174.9
2019-01-08 16:00:00+00:00,75056.0,75966.49
2019-01-08 17:00:00+00:00,74557.0,74483.625
2019-01-08 18:00:00+00:00,72894.0,73381.016
2019-01-08 19:00:00+00:00,69352.0,69370.03
2019-01-08 20:00:00+00:00,65661.0,66451.71
2019-01-08 21:00:00+00:00,62273.0,62870.41
2019-01-08 22:00:00+00:00,58913.0,58245.023
2019-01-08 23:00:00+00:00,54556.0,56043.184
2019-01-09 00:00:00+00:00,53114.0,52320.84
2019-01-09 01:00:00+00:00,52409.0,52552.31
2019-01-09 02:00:00+00:00,53050.0,52649.477
2019-01-09 03:00:00+00:00,54543.0,54585.59
2019-01-09 04:00:00+00:00,57435.0,58274.785
2019-01-09 05:00:00+00:00,64437.0,65043.59
2019-01-09 06:00:00+00:00,70591.0,70955.625
2019-01-09 07:00:00+00:00,73228.0,72731.43
2019-01-09 08:00:00+00:00,73458.0,73759.26
2019-01-09 09:00:00+00:00,74727.0,74433.15
2019-01-09 10:00:00+00:00,75886.0,75513.516
2019-01-09 11:00:00+00:00,74863.0,75589.33
2019-01-09 12:00:00+00:00,74975.0,74423.18
2019-01-09 13:00:00+00:00,74342.0,74282.7
2019-01-09 14:00:00+00:00,73418.0,74062.23
2019-01-09 15:00:00+00:00,73511.0,74034.93
2019-01-09 16:00:00+00:00,75688.0,76007.32
2019-01-09 17:00:00+00:00,74823.0,75493.85
2019-01-09 18:00:00+00:00,73051.0,73657.5
2019-01-09 19:00:00+00:00,68496.0,69839.92
2019-01-09 20:00:00+00:00,64972.0,65282.055
2019-01-09 21:00:00+00:00,62300.0,62524.62
2019-01-09 22:00:00+00:00,57412.0,58412.555
2019-01-09 23:00:00+00:00,54812.0,54240.215
2019-01-10 00:00:00+00:00,52638.0,53233.33
2019-01-10 01:00:00+00:00,51671.0,51778.633
2019-01-10 02:00:00+00:00,51664.0,52019.02
2019-01-10 03:00:00+00:00,52566.0,52498.69
2019-01-10 04:00:00+00:00,55366.0,55498.004
2019-01-10 05:00:00+00:00,62424.0,62771.01
2019-01-10 06:00:00+00:00,68130.0,69075.93
2019-01-10 07:00:00+00:00,70931.0,70762.93
2019-01-10 08:00:00+00:00,70756.0,71888.875
2019-01-10 09:00:00+00:00,71821.0,71760.836
2019-01-10 10:00:00+00:00,72286.0,72854.95
2019-01-10 11:00:00+00:00,72042.0,72028.32
2019-01-10 12:00:00+00:00,71568.0,71654.99
2019-01-10 13:00:00+00:00,70434.0,70905.45
2019-01-10 14:00:00+00:00,69995.0,70088.14
2019-01-10 15:00:00+00:00,70041.0,71351.38
2019-01-10 16:00:00+00:00,72111.0,72953.7
2019-01-10 17:00:00+00:00,71422.0,72374.56
2019-01-10 18:00:00+00:00,70110.0,70672.51
2019-01-10 19:00:00+00:00,66812.0,67107.305
2019-01-10 20:00:00+00:00,63343.0,63957.043
2019-01-10 21:00:00+00:00,61566.0,60895.46
2019-01-10 22:00:00+00:00,57911.0,58067.844
2019-01-10 23:00:00+00:00,55770.0,54621.65
2019-01-11 00:00:00+00:00,53599.0,53928.42
2019-01-11 01:00:00+00:00,52917.0,52522.098
2019-01-11 02:00:00+00:00,53186.0,53077.3
2019-01-11 03:00:00+00:00,54120.0,53996.117
2019-01-11 04:00:00+00:00,56777.0,56732.516
2019-01-11 05:00:00+00:00,64681.0,63079.035
2019-01-11 06:00:00+00:00,71047.0,70747.31
2019-01-11 07:00:00+00:00,73848.0,72945.336
2019-01-11 08:00:00+00:00,74284.0,74281.43
2019-01-11 09:00:00+00:00,75003.0,75306.61
2019-01-11 10:00:00+00:00,75755.0,75436.58
2019-01-11 11:00:00+00:00,75272.0,75423.24
2019-01-11 12:00:00+00:00,73979.0,74776.516
2019-01-11 13:00:00+00:00,71844.0,73273.57
2019-01-11 14:00:00+00:00,70993.0,71206.98
2019-01-11 15:00:00+00:00,71074.0,71318.43
2019-01-11 16:00:00+00:00,73420.0,73955.55
2019-01-11 17:00:00+00:00,72587.0,73558.21
2019-01-11 18:00:00+00:00,71174.0,71250.18
2019-01-11 19:00:00+00:00,66599.0,67782.45
2019-01-11 20:00:00+00:00,63116.0,63487.74
2019-01-11 21:00:00+00:00,60631.0,60912.312
2019-01-11 22:00:00+00:00,57127.0,56790.832
2019-01-11 23:00:00+00:00,53628.0,54157.832
2019-01-12 00:00:00+00:00,51190.0,51562.93
2019-01-12 01:00:00+00:00,49636.0,50221.945
2019-01-12 02:00:00+00:00,48441.0,49388.4
2019-01-12 03:00:00+00:00,47975.0,48137.707
2019-01-12 04:00:00+00:00,48237.0,47439.117
2019-01-12 05:00:00+00:00,49355.0,48767.29
2019-01-12 06:00:00+00:00,52316.0,53045.477
2019-01-12 07:00:00+00:00,56230.0,56298.312
2019-01-12 08:00:00+00:00,59208.0,60025.086
2019-01-12 09:00:00+00:00,61712.0,61329.84
2019-01-12 10:00:00+00:00,63507.0,63172.754
2019-01-12 11:00:00+00:00,63403.0,64147.72
2019-01-12 12:00:00+00:00,61931.0,62487.023
2019-01-12 13:00:00+00:00,60820.0,60643.035
2019-01-12 14:00:00+00:00,60284.0,60422.953
2019-01-12 15:00:00+00:00,61508.0,61868.7
2019-01-12 16:00:00+00:00,64203.0,64352.684
2019-01-12 17:00:00+00:00,64165.0,64634.574
2019-01-12 18:00:00+00:00,61980.0,62883.535
2019-01-12 19:00:00+00:00,58286.0,59612.66
2019-01-12 20:00:00+00:00,55397.0,55754.652
2019-01-12 21:00:00+00:00,54399.0,54947.027
2019-01-12 22:00:00+00:00,51913.0,51839.543
2019-01-12 23:00:00+00:00,48529.0,49108.426
2019-01-13 00:00:00+00:00,46199.0,46027.18
2019-01-13 01:00:00+00:00,45019.0,44695.105
2019-01-13 02:00:00+00:00,44731.0,44306.355
2019-01-13 03:00:00+00:00,44626.0,44914.406
2019-01-13 04:00:00+00:00,43828.0,44566.184
2019-01-13 05:00:00+00:00,43084.0,42752.176
2019-01-13 06:00:00+00:00,45093.0,44882.305
2019-01-13 07:00:00+00:00,48575.0,48660.652
2019-01-13 08:00:00+00:00,52931.0,52463.74
2019-01-13 09:00:00+00:00,56145.0,55751.348
2019-01-13 10:00:00+00:00,59215.0,58555.344
2019-01-13 11:00:00+00:00,59519.0,59303.64
2019-01-13 12:00:00+00:00,58461.0,57917.098
2019-01-13 13:00:00+00:00,57494.0,57632.297
2019-01-13 14:00:00+00:00,57195.0,57706.43
2019-01-13 15:00:00+00:00,58057.0,58982.75
2019-01-13 16:00:00+00:00,60818.0,60947.84
2019-01-13 17:00:00+00:00,62057.0,61849.527
2019-01-13 18:00:00+00:00,60629.0,61070.98
2019-01-13 19:00:00+00:00,58052.0,58214.035
2019-01-13 20:00:00+00:00,56609.0,55997.62
2019-01-13 21:00:00+00:00,56518.0,56457.0
2019-01-13 22:00:00+00:00,54162.0,53932.516
2019-01-13 23:00:00+00:00,51449.0,51261.938
2019-01-14 00:00:00+00:00,49574.0,49054.5
2019-01-14 01:00:00+00:00,49003.0,48141.516
2019-01-14 02:00:00+00:00,49436.0,48619.492
2019-01-14 03:00:00+00:00,50765.0,50406.11
2019-01-14 04:00:00+00:00,54835.0,54069.402
2019-01-14 05:00:00+00:00,63589.0,62834.516
2019-01-14 06:00:00+00:00,70444.0,71059.83
2019-01-14 07:00:00+00:00,73035.0,73010.95
2019-01-14 08:00:00+00:00,73619.0,73809.336
2019-01-14 09:00:00+00:00,73012.0,74882.016
2019-01-14 10:00:00+00:00,74072.0,73749.26
2019-01-14 11:00:00+00:00,73754.0,73845.25
2019-01-14 12:00:00+00:00,73750.0,73683.18
2019-01-14 13:00:00+00:00,72723.0,73426.32
2019-01-14 14:00:00+00:00,72358.0,72417.125
2019-01-14 15:00:00+00:00,72743.0,72743.3
2019-01-14 16:00:00+00:00,76030.0,75615.99
2019-01-14 17:00:00+00:00,75128.0,76118.414
2019-01-14 18:00:00+00:00,73059.0,74081.45
2019-01-14 19:00:00+00:00,69204.0,69858.445
2019-01-14 20:00:00+00:00,65316.0,66391.31
2019-01-14 21:00:00+00:00,62499.0,62694.586
2019-01-14 22:00:00+00:00,57719.0,58466.0
2019-01-14 23:00:00+00:00,55212.0,54176.85
2019-01-15 00:00:00+00:00,53399.0,53514.875
2019-01-15 01:00:00+00:00,52662.0,52514.047
2019-01-15 02:00:00+00:00,52791.0,53069.37
2019-01-15 03:00:00+00:00,53773.0,53795.938
2019-01-15 04:00:00+00:00,57076.0,56794.37
2019-01-15 05:00:00+00:00,63805.0,65121.707
2019-01-15 06:00:00+00:00,70349.0,70056.086
2019-01-15 07:00:00+00:00,73543.0,72670.234
2019-01-15 08:00:00+00:00,73231.0,74213.41
2019-01-15 09:00:00+00:00,74307.0,74103.08
2019-01-15 10:00:00+00:00,75474.0,75104.625
2019-01-15 11:00:00+00:00,74659.0,75240.914
2019-01-15 12:00:00+00:00,74184.0,74249.1
2019-01-15 13:00:00+00:00,73065.0,73516.086
2019-01-15 14:00:00+00:00,72731.0,72669.68
2019-01-15 15:00:00+00:00,72593.0,73633.62
2019-01-15 16:00:00+00:00,74543.0,75153.59
2019-01-15 17:00:00+00:00,73830.0,74325.945
2019-01-15 18:00:00+00:00,72196.0,72878.945
2019-01-15 19:00:00+00:00,68651.0,68927.836
2019-01-15 20:00:00+00:00,65235.0,65704.125
2019-01-15 21:00:00+00:00,62220.0,62786.6
2019-01-15 22:00:00+00:00,58045.0,58289.645
2019-01-15 23:00:00+00:00,54850.0,54868.05
2019-01-16 00:00:00+00:00,52623.0,52899.223
2019-01-16 01:00:00+00:00,51631.0,51717.4
2019-01-16 02:00:00+00:00,51717.0,51862.723
2019-01-16 03:00:00+00:00,53589.0,52629.785
2019-01-16 04:00:00+00:00,56758.0,57465.94
2019-01-16 05:00:00+00:00,64005.0,64582.08
2019-01-16 06:00:00+00:00,70802.0,70476.766
2019-01-16 07:00:00+00:00,72941.0,73162.34
2019-01-16 08:00:00+00:00,72982.0,73474.7
2019-01-16 09:00:00+00:00,73496.0,73953.43
2019-01-16 10:00:00+00:00,73981.0,74356.97
2019-01-16 11:00:00+00:00,73809.0,73665.43
2019-01-16 12:00:00+00:00,73634.0,73522.836
2019-01-16 13:00:00+00:00,72284.0,73006.234
2019-01-16 14:00:00+00:00,71641.0,71855.39
2019-01-16 15:00:00+00:00,72069.0,72480.836
2019-01-16 16:00:00+00:00,75187.0,75042.375
2019-01-16 17:00:00+00:00,74349.0,74531.76
2019-01-16 18:00:00+00:00,72535.0,72799.44
2019-01-16 19:00:00+00:00,67911.0,69059.69
2019-01-16 20:00:00+00:00,64589.0,64632.336
2019-01-16 21:00:00+00:00,61747.0,62240.78
2019-01-16 22:00:00+00:00,57961.0,57708.98
2019-01-16 23:00:00+00:00,55056.0,54895.547
2019-01-17 00:00:00+00:00,53410.0,53163.758
2019-01-17 01:00:00+00:00,52212.0,52664.6
2019-01-17 02:00:00+00:00,52297.0,52283.637
2019-01-17 03:00:00+00:00,54010.0,53137.395
2019-01-17 04:00:00+00:00,56918.0,57725.453
2019-01-17 05:00:00+00:00,64242.0,64155.19
2019-01-17 06:00:00+00:00,71012.0,70757.664
2019-01-17 07:00:00+00:00,73502.0,73203.71
2019-01-17 08:00:00+00:00,73129.0,74001.69
2019-01-17 09:00:00+00:00,73618.0,74010.31
2019-01-17 10:00:00+00:00,74577.0,74341.42
2019-01-17 11:00:00+00:00,74288.0,74265.586
2019-01-17 12:00:00+00:00,74117.0,73936.04
2019-01-17 13:00:00+00:00,73229.0,73495.305
2019-01-17 14:00:00+00:00,72014.0,72856.47
2019-01-17 15:00:00+00:00,71722.0,72700.97
2019-01-17 16:00:00+00:00,74599.0,74917.35
2019-01-17 17:00:00+00:00,74689.0,74534.234
2019-01-17 18:00:00+00:00,72969.0,73198.78
2019-01-17 19:00:00+00:00,69413.0,69572.27
2019-01-17 20:00:00+00:00,65861.0,66456.08
2019-01-17 21:00:00+00:00,62706.0,63335.56
2019-01-17 22:00:00+00:00,58200.0,58741.42
2019-01-17 23:00:00+00:00,56004.0,54911.83
2019-01-18 00:00:00+00:00,53694.0,54309.195
2019-01-18 01:00:00+00:00,52374.0,52675.754
2019-01-18 02:00:00+00:00,52249.0,52553.098
2019-01-18 03:00:00+00:00,53350.0,52886.43
2019-01-18 04:00:00+00:00,55931.0,56208.406
2019-01-18 05:00:00+00:00,63143.0,62978.477
2019-01-18 06:00:00+00:00,69628.0,69944.75
2019-01-18 07:00:00+00:00,71801.0,72379.95
2019-01-18 08:00:00+00:00,72309.0,72437.27
2019-01-18 09:00:00+00:00,71877.0,73360.016
2019-01-18 10:00:00+00:00,71884.0,72673.25
2019-01-18 11:00:00+00:00,70847.0,71593.5
2019-01-18 12:00:00+00:00,69447.0,70395.16
2019-01-18 13:00:00+00:00,68401.0,68553.28
2019-01-18 14:00:00+00:00,68062.0,67787.75
2019-01-18 15:00:00+00:00,67803.0,68952.95
2019-01-18 16:00:00+00:00,70733.0,70806.54
2019-01-18 17:00:00+00:00,70666.0,71384.89
2019-01-18 18:00:00+00:00,68912.0,69389.05
2019-01-18 19:00:00+00:00,65011.0,65629.3
2019-01-18 20:00:00+00:00,62234.0,62166.766
2019-01-18 21:00:00+00:00,59746.0,60332.43
2019-01-18 22:00:00+00:00,56460.0,56010.56
2019-01-18 23:00:00+00:00,53299.0,53592.42
2019-01-19 00:00:00+00:00,51547.0,51285.2
2019-01-19 01:00:00+00:00,50550.0,50756.63
2019-01-19 02:00:00+00:00,49322.0,50522.438
2019-01-19 03:00:00+00:00,48969.0,49015.215
2019-01-19 04:00:00+00:00,48739.0,48633.875
2019-01-19 05:00:00+00:00,49384.0,49418.758
2019-01-19 06:00:00+00:00,52230.0,52707.816
2019-01-19 07:00:00+00:00,56320.0,55919.125
2019-01-19 08:00:00+00:00,59833.0,59581.562
2019-01-19 09:00:00+00:00,61281.0,61646.973
2019-01-19 10:00:00+00:00,61862.0,61903.766
2019-01-19 11:00:00+00:00,60557.0,61309.06
2019-01-19 12:00:00+00:00,58117.0,58949.45
2019-01-19 13:00:00+00:00,56200.0,56681.727
2019-01-19 14:00:00+00:00,56438.0,55770.17
2019-01-19 15:00:00+00:00,57961.0,57866.297
2019-01-19 16:00:00+00:00,62219.0,61170.668
2019-01-19 17:00:00+00:00,62935.0,62488.117
2019-01-19 18:00:00+00:00,61110.0,60677.33
2019-01-19 19:00:00+00:00,57107.0,57621.91
2019-01-19 20:00:00+00:00,54379.0,54816.53
2019-01-19 21:00:00+00:00,53665.0,54050.7
2019-01-19 22:00:00+00:00,51745.0,50966.766
2019-01-19 23:00:00+00:00,49303.0,48703.266
2019-01-20 00:00:00+00:00,47313.0,47083.773
2019-01-20 01:00:00+00:00,46200.0,46407.137
2019-01-20 02:00:00+00:00,45555.0,45635.79
2019-01-20 03:00:00+00:00,45156.0,44861.062
2019-01-20 04:00:00+00:00,44615.0,43984.805
2019-01-20 05:00:00+00:00,43890.0,43604.53
2019-01-20 06:00:00+00:00,45552.0,45910.14
2019-01-20 07:00:00+00:00,48931.0,48872.703
2019-01-20 08:00:00+00:00,52763.0,52576.793
2019-01-20 09:00:00+00:00,54614.0,55447.742
2019-01-20 10:00:00+00:00,56211.0,56082.027
2019-01-20 11:00:00+00:00,56108.0,55554.58
2019-01-20 12:00:00+00:00,54550.0,54457.008
2019-01-20 13:00:00+00:00,52649.0,53537.24
2019-01-20 14:00:00+00:00,52094.0,52048.562
2019-01-20 15:00:00+00:00,53731.0,52990.88
2019-01-20 16:00:00+00:00,58766.0,58227.617
2019-01-20 17:00:00+00:00,60626.0,60980.637
2019-01-20 18:00:00+00:00,59426.0,58964.812
2019-01-20 19:00:00+00:00,56839.0,57485.383
2019-01-20 20:00:00+00:00,54908.0,55279.992
2019-01-20 21:00:00+00:00,55726.0,55866.24
2019-01-20 22:00:00+00:00,53197.0,52756.992
2019-01-20 23:00:00+00:00,51967.0,50352.152
2019-01-21 00:00:00+00:00,49859.0,50278.15
2019-01-21 01:00:00+00:00,48975.0,49260.617
2019-01-21 02:00:00+00:00,49141.0,49127.88
2019-01-21 03:00:00+00:00,50498.0,50104.855
2019-01-21 04:00:00+00:00,54504.0,53734.348
2019-01-21 05:00:00+00:00,63218.0,63769.406
2019-01-21 06:00:00+00:00,70166.0,70122.18
2019-01-21 07:00:00+00:00,71775.0,72594.516
2019-01-21 08:00:00+00:00,72393.0,72264.02
2019-01-21 09:00:00+00:00,72914.0,73513.555
2019-01-21 10:00:00+00:00,73243.0,73814.516
2019-01-21 11:00:00+00:00,72116.0,73021.13
2019-01-21 12:00:00+00:00,71872.0,71877.42
2019-01-21 13:00:00+00:00,70591.0,71428.805
2019-01-21 14:00:00+00:00,69545.0,70168.16
2019-01-21 15:00:00+00:00,69731.0,69720.79
2019-01-21 16:00:00+00:00,72854.0,72802.07
2019-01-21 17:00:00+00:00,73563.0,73873.75
2019-01-21 18:00:00+00:00,72439.0,72283.805
2019-01-21 19:00:00+00:00,69213.0,69167.07
2019-01-21 20:00:00+00:00,65988.0,66649.67
2019-01-21 21:00:00+00:00,63751.0,63851.02
2019-01-21 22:00:00+00:00,60219.0,59993.03
2019-01-21 23:00:00+00:00,57173.0,56904.17
2019-01-22 00:00:00+00:00,55795.0,55187.953
2019-01-22 01:00:00+00:00,54439.0,55031.367
2019-01-22 02:00:00+00:00,53776.0,54359.2
2019-01-22 03:00:00+00:00,54515.0,54195.77
2019-01-22 04:00:00+00:00,57652.0,56607.67
2019-01-22 05:00:00+00:00,65264.0,65218.566
2019-01-22 06:00:00+00:00,71493.0,70932.68
2019-01-22 07:00:00+00:00,73774.0,74071.375
2019-01-22 08:00:00+00:00,74512.0,74210.96
2019-01-22 09:00:00+00:00,74776.0,75562.4
2019-01-22 10:00:00+00:00,75244.0,75353.85
2019-01-22 11:00:00+00:00,75088.0,74898.11
2019-01-22 12:00:00+00:00,74669.0,74767.86
2019-01-22 13:00:00+00:00,74209.0,74000.37
2019-01-22 14:00:00+00:00,73496.0,73720.086
2019-01-22 15:00:00+00:00,72784.0,73337.13
2019-01-22 16:00:00+00:00,75672.0,74883.81
2019-01-22 17:00:00+00:00,75947.0,76315.68
2019-01-22 18:00:00+00:00,74676.0,74822.92
2019-01-22 19:00:00+00:00,70663.0,71258.26
2019-01-22 20:00:00+00:00,67044.0,67603.39
2019-01-22 21:00:00+00:00,64414.0,64782.56
2019-01-22 22:00:00+00:00,60880.0,60812.715
2019-01-22 23:00:00+00:00,58476.0,57920.715
2019-01-23 00:00:00+00:00,56470.0,56620.68
2019-01-23 01:00:00+00:00,55636.0,55351.21
2019-01-23 02:00:00+00:00,55235.0,55705.21
2019-01-23 03:00:00+00:00,55523.0,55646.02
2019-01-23 04:00:00+00:00,58835.0,57621.426
2019-01-23 05:00:00+00:00,66169.0,66722.32
2019-01-23 06:00:00+00:00,72709.0,72373.68
2019-01-23 07:00:00+00:00,74528.0,74957.75
2019-01-23 08:00:00+00:00,75236.0,74960.85
2019-01-23 09:00:00+00:00,75888.0,76314.57
2019-01-23 10:00:00+00:00,75981.0,76480.48
2019-01-23 11:00:00+00:00,75577.0,75560.6
2019-01-23 12:00:00+00:00,74714.0,75223.875
2019-01-23 13:00:00+00:00,73834.0,74053.72
2019-01-23 14:00:00+00:00,72943.0,73378.01
2019-01-23 15:00:00+00:00,72621.0,73203.97
2019-01-23 16:00:00+00:00,75425.0,75192.45
2019-01-23 17:00:00+00:00,75078.0,75595.0
2019-01-23 18:00:00+00:00,73620.0,73853.45
2019-01-23 19:00:00+00:00,70018.0,70169.58
2019-01-23 20:00:00+00:00,66723.0,67224.64
2019-01-23 21:00:00+00:00,64639.0,64530.746
2019-01-23 22:00:00+00:00,60752.0,61223.473
2019-01-23 23:00:00+00:00,58252.0,57759.613
2019-01-24 00:00:00+00:00,56250.0,56477.14
2019-01-24 01:00:00+00:00,54880.0,55218.082
2019-01-24 02:00:00+00:00,54864.0,54771.934
2019-01-24 03:00:00+00:00,55444.0,55557.824
2019-01-24 04:00:00+00:00,58055.0,57809.996
2019-01-24 05:00:00+00:00,65072.0,65035.85
2019-01-24 06:00:00+00:00,71262.0,71540.78
2019-01-24 07:00:00+00:00,73342.0,73666.016
2019-01-24 08:00:00+00:00,73917.0,73828.93
2019-01-24 09:00:00+00:00,74669.0,75036.88
2019-01-24 10:00:00+00:00,74859.0,75382.91
2019-01-24 11:00:00+00:00,74235.0,74481.7
2019-01-24 12:00:00+00:00,73914.0,73840.67
2019-01-24 13:00:00+00:00,73090.0,73288.586
2019-01-24 14:00:00+00:00,72688.0,72679.35
2019-01-24 15:00:00+00:00,72339.0,73161.12
2019-01-24 16:00:00+00:00,74057.0,74924.58
2019-01-24 17:00:00+00:00,74138.0,74790.4
2019-01-24 18:00:00+00:00,72630.0,73651.13
2019-01-24 19:00:00+00:00,68853.0,69327.9
2019-01-24 20:00:00+00:00,65775.0,65970.516
2019-01-24 21:00:00+00:00,63265.0,63620.93
2019-01-24 22:00:00+00:00,59645.0,59672.066
2019-01-24 23:00:00+00:00,57260.0,56766.39
2019-01-25 00:00:00+00:00,55614.0,55478.28
2019-01-25 01:00:00+00:00,54539.0,54735.754
2019-01-25 02:00:00+00:00,53779.0,54524.758
2019-01-25 03:00:00+00:00,54548.0,53924.582
2019-01-25 04:00:00+00:00,57565.0,56917.477
2019-01-25 05:00:00+00:00,64763.0,65000.332
2019-01-25 06:00:00+00:00,70458.0,70697.28
2019-01-25 07:00:00+00:00,72822.0,72644.36
2019-01-25 08:00:00+00:00,73865.0,73460.63
2019-01-25 09:00:00+00:00,74851.0,75067.96
2019-01-25 10:00:00+00:00,74648.0,75486.15
2019-01-25 11:00:00+00:00,74216.0,74250.89
2019-01-25 12:00:00+00:00,72760.0,73755.164
2019-01-25 13:00:00+00:00,71572.0,72055.836
2019-01-25 14:00:00+00:00,70471.0,70991.82
2019-01-25 15:00:00+00:00,70086.0,70722.27
2019-01-25 16:00:00+00:00,73077.0,72739.72
2019-01-25 17:00:00+00:00,73421.0,73749.086
2019-01-25 18:00:00+00:00,71907.0,71924.13
2019-01-25 19:00:00+00:00,67547.0,68303.766
2019-01-25 20:00:00+00:00,64453.0,64432.16
2019-01-25 21:00:00+00:00,62915.0,62626.98
2019-01-25 22:00:00+00:00,59754.0,59545.066
2019-01-25 23:00:00+00:00,56824.0,56939.652
2019-01-26 00:00:00+00:00,54527.0,54866.887
2019-01-26 01:00:00+00:00,52927.0,53424.79
2019-01-26 02:00:00+00:00,52273.0,52533.902
2019-01-26 03:00:00+00:00,52014.0,52335.27
2019-01-26 04:00:00+00:00,51757.0,52340.688
2019-01-26 05:00:00+00:00,52359.0,52576.07
2019-01-26 06:00:00+00:00,55497.0,55966.758
2019-01-26 07:00:00+00:00,59035.0,59837.344
2019-01-26 08:00:00+00:00,62438.0,62156.36
2019-01-26 09:00:00+00:00,64213.0,64272.36
2019-01-26 10:00:00+00:00,64680.0,65020.24
2019-01-26 11:00:00+00:00,63964.0,64199.934
2019-01-26 12:00:00+00:00,61731.0,62780.56
2019-01-26 13:00:00+00:00,60543.0,60604.652
2019-01-26 14:00:00+00:00,59897.0,60440.73
2019-01-26 15:00:00+00:00,60035.0,60621.918
2019-01-26 16:00:00+00:00,63182.0,62557.78
2019-01-26 17:00:00+00:00,63839.0,65108.023
2019-01-26 18:00:00+00:00,61657.0,62415.277
2019-01-26 19:00:00+00:00,58044.0,58426.87
2019-01-26 20:00:00+00:00,56217.0,56129.305
2019-01-26 21:00:00+00:00,55203.0,56554.234
2019-01-26 22:00:00+00:00,52044.0,53035.477
2019-01-26 23:00:00+00:00,49680.0,49421.562
2019-01-27 00:00:00+00:00,47701.0,47400.953
2019-01-27 01:00:00+00:00,46103.0,46331.75
2019-01-27 02:00:00+00:00,45719.0,45180.062
2019-01-27 03:00:00+00:00,45942.0,45230.3
2019-01-27 04:00:00+00:00,45467.0,45846.76
2019-01-27 05:00:00+00:00,44702.0,44882.875
2019-01-27 06:00:00+00:00,46858.0,47057.98
2019-01-27 07:00:00+00:00,49290.0,50692.684
2019-01-27 08:00:00+00:00,52816.0,52452.53
2019-01-27 09:00:00+00:00,54869.0,55236.055
2019-01-27 10:00:00+00:00,57352.0,56269.195
2019-01-27 11:00:00+00:00,57345.0,57193.22
2019-01-27 12:00:00+00:00,55077.0,55596.46
2019-01-27 13:00:00+00:00,53866.0,53492.016
2019-01-27 14:00:00+00:00,53230.0,53927.3
2019-01-27 15:00:00+00:00,53825.0,54517.047
2019-01-27 16:00:00+00:00,57505.0,57420.348
2019-01-27 17:00:00+00:00,59156.0,59505.117
2019-01-27 18:00:00+00:00,58317.0,58170.566
2019-01-27 19:00:00+00:00,56199.0,56311.293
2019-01-27 20:00:00+00:00,54583.0,54439.586
2019-01-27 21:00:00+00:00,54898.0,54762.293
2019-01-27 22:00:00+00:00,52002.0,52005.938
2019-01-27 23:00:00+00:00,49677.0,49012.047
2019-01-28 00:00:00+00:00,48092.0,47866.37
2019-01-28 01:00:00+00:00,47637.0,47421.207
2019-01-28 02:00:00+00:00,48260.0,47901.79
2019-01-28 03:00:00+00:00,49976.0,49823.38
2019-01-28 04:00:00+00:00,53456.0,53896.32
2019-01-28 05:00:00+00:00,62036.0,61531.26
2019-01-28 06:00:00+00:00,69398.0,68363.68
2019-01-28 07:00:00+00:00,71774.0,72173.97
2019-01-28 08:00:00+00:00,72722.0,72458.41
2019-01-28 09:00:00+00:00,73481.0,73912.23
2019-01-28 10:00:00+00:00,73963.0,74293.055
2019-01-28 11:00:00+00:00,74287.0,73608.49
2019-01-28 12:00:00+00:00,74312.0,74083.18
2019-01-28 13:00:00+00:00,73440.0,73793.32
2019-01-28 14:00:00+00:00,72617.0,73027.81
2019-01-28 15:00:00+00:00,71959.0,72649.41
2019-01-28 16:00:00+00:00,73924.0,74123.95
2019-01-28 17:00:00+00:00,73725.0,75252.64
2019-01-28 18:00:00+00:00,71926.0,73155.05
2019-01-28 19:00:00+00:00,67953.0,68913.37
2019-01-28 20:00:00+00:00,64436.0,64971.11
2019-01-28 21:00:00+00:00,62112.0,61875.785
2019-01-28 22:00:00+00:00,58017.0,58078.035
2019-01-28 23:00:00+00:00,55022.0,54466.08
2019-01-29 00:00:00+00:00,53221.0,53103.758
2019-01-29 01:00:00+00:00,52270.0,52333.78
2019-01-29 02:00:00+00:00,52422.0,52438.055
2019-01-29 03:00:00+00:00,53621.0,53354.477
2019-01-29 04:00:00+00:00,56853.0,56527.797
2019-01-29 05:00:00+00:00,64607.0,64437.53
2019-01-29 06:00:00+00:00,70612.0,70834.54
2019-01-29 07:00:00+00:00,72464.0,72741.68
2019-01-29 08:00:00+00:00,73297.0,72992.695
2019-01-29 09:00:00+00:00,73154.0,74497.93
2019-01-29 10:00:00+00:00,73615.0,73740.59
2019-01-29 11:00:00+00:00,72616.0,73247.55
2019-01-29 12:00:00+00:00,72013.0,72172.64
2019-01-29 13:00:00+00:00,71051.0,71320.555
2019-01-29 14:00:00+00:00,70363.0,70617.76
2019-01-29 15:00:00+00:00,69043.0,71240.82
2019-01-29 16:00:00+00:00,71554.0,71842.68
2019-01-29 17:00:00+00:00,72688.0,72798.9
2019-01-29 18:00:00+00:00,71552.0,71448.984
2019-01-29 19:00:00+00:00,68205.0,68210.35
2019-01-29 20:00:00+00:00,64051.0,65288.91
2019-01-29 21:00:00+00:00,61468.0,61394.95
2019-01-29 22:00:00+00:00,57595.0,57892.86
2019-01-29 23:00:00+00:00,55256.0,54554.027
2019-01-30 00:00:00+00:00,53719.0,53603.02
2019-01-30 01:00:00+00:00,52899.0,53006.094
2019-01-30 02:00:00+00:00,52953.0,53181.22
2019-01-30 03:00:00+00:00,53937.0,53767.754
2019-01-30 04:00:00+00:00,57346.0,56659.453
2019-01-30 05:00:00+00:00,64625.0,65156.63
2019-01-30 06:00:00+00:00,69989.0,70030.92
2019-01-30 07:00:00+00:00,71636.0,71995.86
2019-01-30 08:00:00+00:00,71545.0,72161.65
2019-01-30 09:00:00+00:00,72759.0,72601.45
2019-01-30 10:00:00+00:00,73597.0,73405.48
2019-01-30 11:00:00+00:00,73461.0,73194.46
2019-01-30 12:00:00+00:00,73893.0,73076.91
2019-01-30 13:00:00+00:00,72618.0,73238.27
2019-01-30 14:00:00+00:00,71257.0,72129.555
2019-01-30 15:00:00+00:00,70392.0,70883.06
2019-01-30 16:00:00+00:00,72624.0,72979.49
2019-01-30 17:00:00+00:00,73140.0,73998.54
2019-01-30 18:00:00+00:00,71762.0,72363.305
2019-01-30 19:00:00+00:00,67672.0,68653.55
2019-01-30 20:00:00+00:00,64466.0,64605.098
2019-01-30 21:00:00+00:00,62060.0,62190.85
2019-01-30 22:00:00+00:00,58071.0,58279.312
2019-01-30 23:00:00+00:00,55486.0,54998.94
2019-01-31 00:00:00+00:00,53646.0,53701.715
2019-01-31 01:00:00+00:00,52548.0,52780.44
2019-01-31 02:00:00+00:00,52340.0,52694.746
2019-01-31 03:00:00+00:00,53443.0,52952.586
2019-01-31 04:00:00+00:00,56340.0,56277.227
2019-01-31 05:00:00+00:00,63427.0,63344.535
2019-01-31 06:00:00+00:00,69598.0,69328.914
2019-01-31 07:00:00+00:00,71459.0,72209.375
2019-01-31 08:00:00+00:00,71700.0,72020.79
2019-01-31 09:00:00+00:00,72265.0,72792.73
2019-01-31 10:00:00+00:00,72229.0,73078.805
2019-01-31 11:00:00+00:00,71814.0,71793.25
2019-01-31 12:00:00+00:00,71319.0,71366.32
2019-01-31 13:00:00+00:00,70191.0,70599.97
2019-01-31 14:00:00+00:00,69398.0,69654.734
2019-01-31 15:00:00+00:00,69105.0,69624.55
2019-01-31 16:00:00+00:00,72155.0,72111.18
2019-01-31 17:00:00+00:00,72959.0,72851.414
2019-01-31 18:00:00+00:00,71698.0,71542.766
2019-01-31 19:00:00+00:00,68209.0,68245.79
2019-01-31 20:00:00+00:00,64675.0,65351.273
2019-01-31 21:00:00+00:00,62626.0,62385.246
2019-01-31 22:00:00+00:00,59049.0,59170.797
2019-01-31 23:00:00+00:00,56472.0,55968.473
2019-02-01 00:00:00+00:00,54893.0,54590.37
2019-02-01 01:00:00+00:00,54356.0,54021.918
2019-02-01 02:00:00+00:00,54354.0,54598.926
2019-02-01 03:00:00+00:00,55131.0,55143.066
2019-02-01 04:00:00+00:00,58131.0,57718.59
2019-02-01 05:00:00+00:00,64634.0,65221.266
2019-02-01 06:00:00+00:00,70661.0,69871.59
2019-02-01 07:00:00+00:00,73044.0,72784.23
2019-02-01 08:00:00+00:00,74065.0,73565.914
2019-02-01 09:00:00+00:00,74951.0,75153.3
2019-02-01 10:00:00+00:00,74954.0,75336.56
2019-02-01 11:00:00+00:00,73692.0,74550.56
2019-02-01 12:00:00+00:00,71992.0,73094.43
2019-02-01 13:00:00+00:00,69923.0,71173.836
2019-02-01 14:00:00+00:00,68832.0,69084.63
2019-02-01 15:00:00+00:00,68277.0,68431.555
2019-02-01 16:00:00+00:00,70548.0,70676.055
2019-02-01 17:00:00+00:00,71063.0,71998.79
2019-02-01 18:00:00+00:00,69657.0,69831.42
2019-02-01 19:00:00+00:00,65735.0,66326.945
2019-02-01 20:00:00+00:00,61739.0,62859.027
2019-02-01 21:00:00+00:00,59625.0,59464.957
2019-02-01 22:00:00+00:00,55274.0,56324.664
2019-02-01 23:00:00+00:00,52195.0,52262.758
2019-02-02 00:00:00+00:00,50280.0,50464.2
2019-02-02 01:00:00+00:00,48767.0,49508.227
2019-02-02 02:00:00+00:00,48482.0,48644.508
2019-02-02 03:00:00+00:00,48475.0,48593.39
2019-02-02 04:00:00+00:00,48412.0,48375.113
2019-02-02 05:00:00+00:00,49204.0,49256.105
2019-02-02 06:00:00+00:00,52297.0,52400.246
2019-02-02 07:00:00+00:00,56226.0,56322.438
2019-02-02 08:00:00+00:00,59964.0,59521.676
2019-02-02 09:00:00+00:00,61582.0,61859.477
2019-02-02 10:00:00+00:00,62450.0,62365.36
2019-02-02 11:00:00+00:00,61402.0,62159.19
2019-02-02 12:00:00+00:00,58944.0,59981.1
2019-02-02 13:00:00+00:00,57567.0,57508.656
2019-02-02 14:00:00+00:00,56765.0,57245.176
2019-02-02 15:00:00+00:00,57224.0,57565.09
2019-02-02 16:00:00+00:00,60768.0,60473.35
2019-02-02 17:00:00+00:00,62469.0,62157.176
2019-02-02 18:00:00+00:00,60248.0,60565.32
2019-02-02 19:00:00+00:00,56765.0,56641.535
2019-02-02 20:00:00+00:00,53838.0,54318.41
2019-02-02 21:00:00+00:00,52992.0,53256.676
2019-02-02 22:00:00+00:00,50692.0,49983.742
2019-02-02 23:00:00+00:00,48539.0,47555.277
2019-02-03 00:00:00+00:00,46636.0,46081.734
2019-02-03 01:00:00+00:00,45290.0,45711.36
2019-02-03 02:00:00+00:00,44666.0,44832.24
2019-02-03 03:00:00+00:00,44860.0,43978.74
2019-02-03 04:00:00+00:00,44475.0,44464.08
2019-02-03 05:00:00+00:00,44095.0,43598.375
2019-02-03 06:00:00+00:00,45488.0,46414.53
2019-02-03 07:00:00+00:00,49064.0,48800.74
2019-02-03 08:00:00+00:00,53088.0,52713.145
2019-02-03 09:00:00+00:00,55413.0,55692.664
2019-02-03 10:00:00+00:00,57397.0,56890.664
2019-02-03 11:00:00+00:00,57150.0,56945.26
2019-02-03 12:00:00+00:00,55234.0,55304.746
2019-02-03 13:00:00+00:00,53863.0,53952.68
2019-02-03 14:00:00+00:00,53157.0,53677.656
2019-02-03 15:00:00+00:00,53298.0,53753.56
2019-02-03 16:00:00+00:00,57064.0,57036.535
2019-02-03 17:00:00+00:00,60522.0,60440.62
2019-02-03 18:00:00+00:00,59640.0,60060.773
2019-02-03 19:00:00+00:00,57064.0,57227.867
2019-02-03 20:00:00+00:00,54795.0,55389.574
2019-02-03 21:00:00+00:00,54785.0,55310.17
2019-02-03 22:00:00+00:00,52654.0,51846.66
2019-02-03 23:00:00+00:00,50449.0,49797.95
2019-02-04 00:00:00+00:00,49209.0,48492.715
2019-02-04 01:00:00+00:00,48880.0,48499.562
2019-02-04 02:00:00+00:00,48956.0,49227.016
2019-02-04 03:00:00+00:00,50562.0,50209.777
2019-02-04 04:00:00+00:00,54506.0,53927.516
2019-02-04 05:00:00+00:00,62414.0,63005.445
2019-02-04 06:00:00+00:00,69631.0,68109.27
2019-02-04 07:00:00+00:00,71313.0,72428.555
2019-02-04 08:00:00+00:00,71820.0,71861.664
2019-02-04 09:00:00+00:00,71912.0,72880.7
2019-02-04 10:00:00+00:00,72165.0,72650.055
2019-02-04 11:00:00+00:00,71630.0,71948.32
2019-02-04 12:00:00+00:00,71099.0,71357.625
2019-02-04 13:00:00+00:00,69933.0,70569.05
2019-02-04 14:00:00+00:00,69524.0,69366.81
2019-02-04 15:00:00+00:00,69769.0,69529.91
2019-02-04 16:00:00+00:00,72602.0,71939.92
2019-02-04 17:00:00+00:00,74737.0,73871.195
2019-02-04 18:00:00+00:00,72804.0,73640.43
2019-02-04 19:00:00+00:00,68648.0,69130.22
2019-02-04 20:00:00+00:00,64628.0,65998.555
2019-02-04 21:00:00+00:00,62345.0,62395.996
2019-02-04 22:00:00+00:00,59105.0,58623.848
2019-02-04 23:00:00+00:00,56249.0,55912.637
2019-02-05 00:00:00+00:00,54172.0,54329.92
2019-02-05 01:00:00+00:00,53065.0,53190.99
2019-02-05 02:00:00+00:00,53349.0,53072.84
2019-02-05 03:00:00+00:00,54190.0,54233.008
2019-02-05 04:00:00+00:00,56744.0,56699.676
2019-02-05 05:00:00+00:00,64533.0,63788.496
2019-02-05 06:00:00+00:00,71252.0,71033.305
2019-02-05 07:00:00+00:00,73265.0,73522.88
2019-02-05 08:00:00+00:00,73867.0,73590.38
2019-02-05 09:00:00+00:00,74632.0,74864.83
2019-02-05 10:00:00+00:00,74485.0,75342.2
2019-02-05 11:00:00+00:00,73963.0,74020.26
2019-02-05 12:00:00+00:00,72876.0,73603.516
2019-02-05 13:00:00+00:00,71715.0,72125.87
2019-02-05 14:00:00+00:00,70644.0,71183.6
2019-02-05 15:00:00+00:00,69551.0,70435.4
2019-02-05 16:00:00+00:00,72367.0,72315.56
2019-02-05 17:00:00+00:00,73982.0,73255.03
2019-02-05 18:00:00+00:00,72403.0,72423.19
2019-02-05 19:00:00+00:00,68682.0,68744.1
2019-02-05 20:00:00+00:00,65492.0,65831.47
2019-02-05 21:00:00+00:00,62426.0,63331.6
2019-02-05 22:00:00+00:00,58153.0,58571.68
2019-02-05 23:00:00+00:00,55039.0,55055.246
2019-02-06 00:00:00+00:00,53066.0,53164.883
2019-02-06 01:00:00+00:00,52213.0,52218.258
2019-02-06 02:00:00+00:00,52966.0,52544.875
2019-02-06 03:00:00+00:00,54401.0,54412.293
2019-02-06 04:00:00+00:00,57910.0,58039.207
2019-02-06 05:00:00+00:00,64900.0,66092.46
2019-02-06 06:00:00+00:00,70421.0,70431.51
2019-02-06 07:00:00+00:00,72001.0,72592.45
2019-02-06 08:00:00+00:00,72123.0,72552.055
2019-02-06 09:00:00+00:00,72427.0,73202.87
2019-02-06 10:00:00+00:00,72889.0,73008.52
2019-02-06 11:00:00+00:00,72509.0,72484.96
2019-02-06 12:00:00+00:00,71691.0,72109.12
2019-02-06 13:00:00+00:00,70148.0,70892.414
2019-02-06 14:00:00+00:00,69073.0,69479.414
2019-02-06 15:00:00+00:00,68544.0,68826.664
2019-02-06 16:00:00+00:00,71681.0,71425.27
2019-02-06 17:00:00+00:00,73848.0,72752.96
2019-02-06 18:00:00+00:00,72751.0,72126.85
2019-02-06 19:00:00+00:00,69143.0,68955.7
2019-02-06 20:00:00+00:00,64956.0,66257.61
2019-02-06 21:00:00+00:00,61625.0,62447.82
2019-02-06 22:00:00+00:00,58167.0,57943.426
2019-02-06 23:00:00+00:00,54213.0,55414.844
2019-02-07 00:00:00+00:00,52286.0,52220.98
2019-02-07 01:00:00+00:00,51176.0,51608.33
2019-02-07 02:00:00+00:00,52076.0,51295.438
2019-02-07 03:00:00+00:00,53680.0,53646.08
2019-02-07 04:00:00+00:00,57178.0,57098.566
2019-02-07 05:00:00+00:00,64448.0,65952.5
2019-02-07 06:00:00+00:00,71118.0,69956.984
2019-02-07 07:00:00+00:00,73979.0,73542.12
2019-02-07 08:00:00+00:00,74834.0,74465.19
2019-02-07 09:00:00+00:00,75563.0,75718.6
2019-02-07 10:00:00+00:00,76311.0,76144.14
2019-02-07 11:00:00+00:00,75846.0,75957.63
2019-02-07 12:00:00+00:00,74749.0,75471.33
2019-02-07 13:00:00+00:00,73079.0,74082.84
2019-02-07 14:00:00+00:00,71485.0,72633.31
2019-02-07 15:00:00+00:00,70573.0,71232.984
2019-02-07 16:00:00+00:00,72828.0,72718.91
2019-02-07 17:00:00+00:00,75057.0,73650.234
2019-02-07 18:00:00+00:00,72675.0,73398.164
2019-02-07 19:00:00+00:00,68556.0,68589.805
2019-02-07 20:00:00+00:00,64858.0,65500.24
2019-02-07 21:00:00+00:00,62877.0,62240.26
2019-02-07 22:00:00+00:00,58989.0,59147.26
2019-02-07 23:00:00+00:00,56259.0,55741.89
2019-02-08 00:00:00+00:00,54250.0,54424.438
2019-02-08 01:00:00+00:00,53361.0,53357.164
2019-02-08 02:00:00+00:00,53435.0,53563.645
2019-02-08 03:00:00+00:00,54119.0,54269.707
2019-02-08 04:00:00+00:00,56941.0,56359.438
2019-02-08 05:00:00+00:00,64063.0,63785.45
2019-02-08 06:00:00+00:00,71168.0,70159.82
2019-02-08 07:00:00+00:00,72672.0,73954.92
2019-02-08 08:00:00+00:00,72471.0,72998.07
2019-02-08 09:00:00+00:00,72533.0,73485.99
2019-02-08 10:00:00+00:00,72684.0,73203.06
2019-02-08 11:00:00+00:00,72272.0,72242.67
2019-02-08 12:00:00+00:00,70789.0,71854.984
2019-02-08 13:00:00+00:00,69187.0,69910.02
2019-02-08 14:00:00+00:00,68551.0,68496.64
2019-02-08 15:00:00+00:00,67977.0,68710.0
2019-02-08 16:00:00+00:00,70281.0,71267.164
2019-02-08 17:00:00+00:00,71571.0,71497.53
2019-02-08 18:00:00+00:00,69804.0,70701.68
2019-02-08 19:00:00+00:00,66312.0,66327.47
2019-02-08 20:00:00+00:00,62647.0,63695.094
2019-02-08 21:00:00+00:00,61072.0,60223.37
2019-02-08 22:00:00+00:00,57801.0,57841.883
2019-02-08 23:00:00+00:00,54263.0,54800.168
2019-02-09 00:00:00+00:00,52046.0,52139.45
2019-02-09 01:00:00+00:00,50700.0,51045.207
2019-02-09 02:00:00+00:00,50505.0,50424.562
2019-02-09 03:00:00+00:00,50773.0,50977.906
2019-02-09 04:00:00+00:00,50611.0,51523.105
2019-02-09 05:00:00+00:00,51404.0,52004.598
2019-02-09 06:00:00+00:00,54193.0,55248.156
2019-02-09 07:00:00+00:00,57894.0,58072.535
2019-02-09 08:00:00+00:00,60639.0,60838.746
2019-02-09 09:00:00+00:00,62187.0,62267.14
2019-02-09 10:00:00+00:00,64061.0,62953.3
2019-02-09 11:00:00+00:00,63206.0,64091.375
2019-02-09 12:00:00+00:00,61306.0,61818.168
2019-02-09 13:00:00+00:00,59921.0,59985.19
2019-02-09 14:00:00+00:00,59091.0,59551.152
2019-02-09 15:00:00+00:00,58299.0,59714.926
2019-02-09 16:00:00+00:00,60995.0,60533.812
2019-02-09 17:00:00+00:00,63551.0,63829.207
2019-02-09 18:00:00+00:00,61025.0,62812.25
2019-02-09 19:00:00+00:00,57792.0,57198.902
2019-02-09 20:00:00+00:00,55054.0,55449.457
2019-02-09 21:00:00+00:00,54223.0,54354.965
2019-02-09 22:00:00+00:00,50857.0,51628.73
2019-02-09 23:00:00+00:00,46568.0,47872.07
2019-02-10 00:00:00+00:00,44212.0,44219.504
2019-02-10 01:00:00+00:00,44101.0,42871.79
2019-02-10 02:00:00+00:00,44083.0,43710.133
2019-02-10 03:00:00+00:00,44107.0,44464.113
2019-02-10 04:00:00+00:00,43656.0,43442.242
2019-02-10 05:00:00+00:00,43212.0,43510.9
2019-02-10 06:00:00+00:00,45141.0,46181.305
2019-02-10 07:00:00+00:00,48561.0,48705.92
2019-02-10 08:00:00+00:00,51970.0,52063.59
2019-02-10 09:00:00+00:00,54439.0,54444.746
2019-02-10 10:00:00+00:00,57187.0,56389.797
2019-02-10 11:00:00+00:00,57699.0,57145.83
2019-02-10 12:00:00+00:00,55316.0,56233.3
2019-02-10 13:00:00+00:00,54186.0,53671.58
2019-02-10 14:00:00+00:00,53601.0,53991.03
2019-02-10 15:00:00+00:00,53859.0,54600.227
2019-02-10 16:00:00+00:00,56954.0,56999.31
2019-02-10 17:00:00+00:00,59822.0,58482.887
2019-02-10 18:00:00+00:00,58998.0,59502.797
2019-02-10 19:00:00+00:00,56301.0,56624.727
2019-02-10 20:00:00+00:00,54874.0,54263.754
2019-02-10 21:00:00+00:00,55002.0,54802.477
2019-02-10 22:00:00+00:00,52202.0,51984.297
2019-02-10 23:00:00+00:00,50360.0,49311.62
2019-02-11 00:00:00+00:00,48542.0,48608.098
2019-02-11 01:00:00+00:00,48189.0,47696.934
2019-02-11 02:00:00+00:00,48914.0,48508.73
2019-02-11 03:00:00+00:00,50597.0,50479.457
2019-02-11 04:00:00+00:00,54649.0,54527.973
2019-02-11 05:00:00+00:00,62860.0,63248.59
2019-02-11 06:00:00+00:00,70041.0,68664.1
2019-02-11 07:00:00+00:00,72696.0,72803.39
2019-02-11 08:00:00+00:00,73437.0,73433.62
2019-02-11 09:00:00+00:00,74375.0,74503.266
2019-02-11 10:00:00+00:00,76242.0,75022.7
2019-02-11 11:00:00+00:00,75648.0,75834.73
2019-02-11 12:00:00+00:00,74529.0,75309.7
2019-02-11 13:00:00+00:00,73346.0,73876.54
2019-02-11 14:00:00+00:00,72185.0,72942.695
2019-02-11 15:00:00+00:00,70637.0,72261.734
2019-02-11 16:00:00+00:00,72306.0,72581.914
2019-02-11 17:00:00+00:00,74312.0,74309.98
2019-02-11 18:00:00+00:00,73341.0,73391.4
2019-02-11 19:00:00+00:00,68676.0,69782.76
2019-02-11 20:00:00+00:00,65689.0,65569.59
2019-02-11 21:00:00+00:00,62647.0,63556.555
2019-02-11 22:00:00+00:00,57975.0,58397.113
2019-02-11 23:00:00+00:00,55075.0,54387.99
2019-02-12 00:00:00+00:00,53545.0,53383.47
2019-02-12 01:00:00+00:00,51854.0,52833.074
2019-02-12 02:00:00+00:00,52288.0,51972.137
2019-02-12 03:00:00+00:00,53476.0,53444.133
2019-02-12 04:00:00+00:00,56443.0,56552.867
2019-02-12 05:00:00+00:00,63667.0,63756.453
2019-02-12 06:00:00+00:00,69584.0,69511.61
2019-02-12 07:00:00+00:00,71641.0,72459.13
2019-02-12 08:00:00+00:00,71632.0,72343.836
2019-02-12 09:00:00+00:00,72301.0,72700.984
2019-02-12 10:00:00+00:00,74299.0,73152.93
2019-02-12 11:00:00+00:00,74043.0,74099.734
2019-02-12 12:00:00+00:00,72712.0,73759.555
2019-02-12 13:00:00+00:00,71245.0,71858.945
2019-02-12 14:00:00+00:00,69941.0,70675.29
2019-02-12 15:00:00+00:00,68954.0,69479.83
2019-02-12 16:00:00+00:00,70336.0,71579.086
2019-02-12 17:00:00+00:00,72675.0,71889.12
2019-02-12 18:00:00+00:00,71134.0,71913.18
2019-02-12 19:00:00+00:00,67756.0,67383.64
2019-02-12 20:00:00+00:00,63687.0,64966.008
2019-02-12 21:00:00+00:00,61439.0,60968.023
2019-02-12 22:00:00+00:00,58130.0,57951.156
2019-02-12 23:00:00+00:00,54881.0,55002.723
2019-02-13 00:00:00+00:00,53241.0,52797.812
2019-02-13 01:00:00+00:00,52771.0,52475.168
2019-02-13 02:00:00+00:00,53272.0,53151.31
2019-02-13 03:00:00+00:00,54171.0,54558.93
2019-02-13 04:00:00+00:00,56998.0,56902.16
2019-02-13 05:00:00+00:00,65382.0,63687.0
2019-02-13 06:00:00+00:00,71275.0,71372.29
2019-02-13 07:00:00+00:00,72701.0,73129.27
2019-02-13 08:00:00+00:00,72481.0,73033.766
2019-02-13 09:00:00+00:00,73487.0,73556.94
2019-02-13 10:00:00+00:00,73414.0,74104.68
2019-02-13 11:00:00+00:00,71923.0,72874.12
2019-02-13 12:00:00+00:00,70768.0,71384.71
2019-02-13 13:00:00+00:00,69747.0,69848.5
2019-02-13 14:00:00+00:00,69510.0,69191.05
2019-02-13 15:00:00+00:00,68618.0,69338.03
2019-02-13 16:00:00+00:00,70480.0,70770.56
2019-02-13 17:00:00+00:00,73328.0,71767.74
2019-02-13 18:00:00+00:00,72095.0,71643.414
2019-02-13 19:00:00+00:00,68220.0,68496.125
2019-02-13 20:00:00+00:00,65028.0,65493.395
2019-02-13 21:00:00+00:00,62096.0,62849.707
2019-02-13 22:00:00+00:00,57650.0,58358.113
2019-02-13 23:00:00+00:00,54121.0,54701.254
2019-02-14 00:00:00+00:00,52017.0,52327.254
2019-02-14 01:00:00+00:00,51285.0,51229.246
2019-02-14 02:00:00+00:00,51364.0,51685.84
2019-02-14 03:00:00+00:00,52715.0,52385.188
2019-02-14 04:00:00+00:00,56788.0,55800.832
2019-02-14 05:00:00+00:00,64664.0,65900.64
2019-02-14 06:00:00+00:00,70163.0,70343.414
2019-02-14 07:00:00+00:00,71491.0,72488.71
2019-02-14 08:00:00+00:00,71034.0,72020.58
2019-02-14 09:00:00+00:00,70611.0,72111.664
2019-02-14 10:00:00+00:00,70515.0,71286.55
2019-02-14 11:00:00+00:00,69727.0,70142.984
2019-02-14 12:00:00+00:00,68765.0,69355.445
2019-02-14 13:00:00+00:00,67713.0,67836.87
2019-02-14 14:00:00+00:00,67077.0,67011.01
2019-02-14 15:00:00+00:00,66330.0,66763.58
2019-02-14 16:00:00+00:00,68149.0,68281.234
2019-02-14 17:00:00+00:00,71624.0,70106.05
2019-02-14 18:00:00+00:00,70302.0,70443.766
2019-02-14 19:00:00+00:00,66563.0,66372.875
2019-02-14 20:00:00+00:00,63624.0,63874.656
2019-02-14 21:00:00+00:00,61142.0,61304.566
2019-02-14 22:00:00+00:00,57441.0,57377.07
2019-02-14 23:00:00+00:00,54291.0,54471.75
2019-02-15 00:00:00+00:00,52555.0,52417.73
2019-02-15 01:00:00+00:00,51630.0,51812.918
2019-02-15 02:00:00+00:00,52064.0,51793.008
2019-02-15 03:00:00+00:00,53176.0,53273.582
2019-02-15 04:00:00+00:00,56816.0,55919.555
2019-02-15 05:00:00+00:00,64108.0,64903.637
2019-02-15 06:00:00+00:00,69597.0,69137.93
2019-02-15 07:00:00+00:00,70590.0,71735.555
2019-02-15 08:00:00+00:00,70362.0,71054.766
2019-02-15 09:00:00+00:00,70876.0,71533.86
2019-02-15 10:00:00+00:00,70484.0,71620.21
2019-02-15 11:00:00+00:00,68591.0,69872.18
2019-02-15 12:00:00+00:00,66772.0,67977.125
2019-02-15 13:00:00+00:00,64754.0,65579.445
2019-02-15 14:00:00+00:00,64151.0,63840.867
2019-02-15 15:00:00+00:00,63983.0,63758.88
2019-02-15 16:00:00+00:00,66350.0,65721.86
2019-02-15 17:00:00+00:00,70110.0,68132.9
2019-02-15 18:00:00+00:00,69072.0,67962.57
2019-02-15 19:00:00+00:00,65230.0,65481.94
2019-02-15 20:00:00+00:00,61566.0,62755.332
2019-02-15 21:00:00+00:00,59186.0,59436.91
2019-02-15 22:00:00+00:00,54967.0,55919.676
2019-02-15 23:00:00+00:00,51128.0,52017.594
2019-02-16 00:00:00+00:00,48987.0,49291.68
2019-02-16 01:00:00+00:00,47977.0,48113.375
2019-02-16 02:00:00+00:00,48031.0,47912.66
2019-02-16 03:00:00+00:00,47703.0,48599.582
2019-02-16 04:00:00+00:00,47613.0,46747.793
2019-02-16 05:00:00+00:00,49094.0,49459.152
2019-02-16 06:00:00+00:00,52232.0,52910.09
2019-02-16 07:00:00+00:00,56027.0,56200.625
2019-02-16 08:00:00+00:00,57795.0,58878.508
2019-02-16 09:00:00+00:00,58460.0,59129.684
2019-02-16 10:00:00+00:00,58513.0,59096.652
2019-02-16 11:00:00+00:00,57861.0,57949.38
2019-02-16 12:00:00+00:00,55749.0,56606.613
2019-02-16 13:00:00+00:00,54000.0,54229.633
2019-02-16 14:00:00+00:00,52511.0,53172.77
2019-02-16 15:00:00+00:00,52798.0,52390.793
2019-02-16 16:00:00+00:00,56607.0,55203.93
2019-02-16 17:00:00+00:00,61198.0,59603.45
2019-02-16 18:00:00+00:00,59785.0,59546.113
2019-02-16 19:00:00+00:00,56733.0,56005.18
2019-02-16 20:00:00+00:00,53905.0,54519.227
2019-02-16 21:00:00+00:00,51937.0,53442.027
2019-02-16 22:00:00+00:00,49133.0,49273.895
2019-02-16 23:00:00+00:00,45782.0,46258.477
2019-02-17 00:00:00+00:00,43277.0,43867.13
2019-02-17 01:00:00+00:00,42679.0,42866.05
2019-02-17 02:00:00+00:00,42574.0,42531.637
2019-02-17 03:00:00+00:00,42592.0,42718.13
2019-02-17 04:00:00+00:00,42324.0,42535.82
2019-02-17 05:00:00+00:00,41899.0,42172.32
2019-02-17 06:00:00+00:00,43229.0,44313.83
2019-02-17 07:00:00+00:00,46772.0,46616.49
2019-02-17 08:00:00+00:00,49879.0,50403.402
2019-02-17 09:00:00+00:00,52008.0,52345.926
2019-02-17 10:00:00+00:00,53766.0,54030.33
2019-02-17 11:00:00+00:00,52754.0,53802.78
2019-02-17 12:00:00+00:00,50395.0,50844.46
2019-02-17 13:00:00+00:00,48804.0,48694.758
2019-02-17 14:00:00+00:00,47772.0,48278.707
2019-02-17 15:00:00+00:00,48116.0,47901.93
2019-02-17 16:00:00+00:00,52330.0,50917.28
2019-02-17 17:00:00+00:00,58022.0,55685.766
2019-02-17 18:00:00+00:00,57388.0,57785.793
2019-02-17 19:00:00+00:00,54445.0,54902.69
2019-02-17 20:00:00+00:00,52228.0,53462.07
2019-02-17 21:00:00+00:00,52762.0,52393.207
2019-02-17 22:00:00+00:00,49469.0,49886.734
2019-02-17 23:00:00+00:00,47457.0,46722.355
2019-02-18 00:00:00+00:00,45878.0,46055.855
2019-02-18 01:00:00+00:00,45674.0,45283.324
2019-02-18 02:00:00+00:00,46380.0,46132.992
2019-02-18 03:00:00+00:00,48441.0,48357.297
2019-02-18 04:00:00+00:00,53112.0,52878.87
2019-02-18 05:00:00+00:00,62377.0,62675.8
2019-02-18 06:00:00+00:00,67927.0,67858.875
2019-02-18 07:00:00+00:00,69507.0,69791.72
2019-02-18 08:00:00+00:00,69458.0,70329.8
2019-02-18 09:00:00+00:00,69677.0,70593.414
2019-02-18 10:00:00+00:00,69738.0,70498.07
2019-02-18 11:00:00+00:00,68080.0,69437.234
2019-02-18 12:00:00+00:00,66988.0,67662.69
2019-02-18 13:00:00+00:00,66056.0,66155.57
2019-02-18 14:00:00+00:00,65590.0,65246.023
2019-02-18 15:00:00+00:00,64567.0,65402.574
2019-02-18 16:00:00+00:00,66761.0,66335.445
2019-02-18 17:00:00+00:00,70683.0,69067.16
2019-02-18 18:00:00+00:00,69604.0,69278.07
2019-02-18 19:00:00+00:00,65936.0,65645.61
2019-02-18 20:00:00+00:00,62248.0,63142.332
2019-02-18 21:00:00+00:00,59139.0,59395.76
2019-02-18 22:00:00+00:00,54416.0,54967.246
2019-02-18 23:00:00+00:00,51482.0,51129.355
2019-02-19 00:00:00+00:00,50253.0,49928.74
2019-02-19 01:00:00+00:00,49546.0,49745.824
2019-02-19 02:00:00+00:00,50309.0,50251.117
2019-02-19 03:00:00+00:00,51297.0,52028.39
2019-02-19 04:00:00+00:00,55089.0,54417.316
2019-02-19 05:00:00+00:00,63889.0,63189.848
2019-02-19 06:00:00+00:00,69788.0,69432.87
2019-02-19 07:00:00+00:00,72209.0,71621.25
2019-02-19 08:00:00+00:00,71876.0,72661.305
2019-02-19 09:00:00+00:00,71646.0,72959.79
2019-02-19 10:00:00+00:00,71958.0,72213.7
2019-02-19 11:00:00+00:00,71454.0,71557.555
2019-02-19 12:00:00+00:00,70537.0,71190.62
2019-02-19 13:00:00+00:00,69256.0,69715.74
2019-02-19 14:00:00+00:00,68494.0,68526.695
2019-02-19 15:00:00+00:00,67932.0,67853.43
2019-02-19 16:00:00+00:00,69801.0,69706.26
2019-02-19 17:00:00+00:00,73262.0,70983.7
2019-02-19 18:00:00+00:00,71876.0,71696.82
2019-02-19 19:00:00+00:00,67622.0,67580.31
2019-02-19 20:00:00+00:00,64027.0,64389.926
2019-02-19 21:00:00+00:00,60795.0,61364.816
2019-02-19 22:00:00+00:00,56677.0,56678.86
2019-02-19 23:00:00+00:00,53380.0,53440.484
2019-02-20 00:00:00+00:00,51989.0,51467.547
2019-02-20 01:00:00+00:00,50733.0,51360.043
2019-02-20 02:00:00+00:00,51197.0,50950.4
2019-02-20 03:00:00+00:00,52495.0,52472.746
2019-02-20 04:00:00+00:00,55826.0,55722.945
2019-02-20 05:00:00+00:00,63838.0,64187.164
2019-02-20 06:00:00+00:00,68992.0,69677.64
2019-02-20 07:00:00+00:00,70483.0,71091.07
2019-02-20 08:00:00+00:00,70018.0,71031.24
2019-02-20 09:00:00+00:00,69532.0,71096.516
2019-02-20 10:00:00+00:00,70335.0,70165.62
2019-02-20 11:00:00+00:00,69944.0,70010.85
2019-02-20 12:00:00+00:00,69180.0,69527.97
2019-02-20 13:00:00+00:00,68070.0,68284.35
2019-02-20 14:00:00+00:00,67359.0,67349.14
2019-02-20 15:00:00+00:00,66162.0,66994.54
2019-02-20 16:00:00+00:00,67351.0,68541.49
2019-02-20 17:00:00+00:00,70624.0,70085.56
2019-02-20 18:00:00+00:00,69631.0,70434.52
2019-02-20 19:00:00+00:00,65887.0,65844.56
2019-02-20 20:00:00+00:00,62470.0,63089.33
2019-02-20 21:00:00+00:00,59580.0,59930.383
2019-02-20 22:00:00+00:00,55111.0,55714.2
2019-02-20 23:00:00+00:00,51413.0,51896.8
2019-02-21 00:00:00+00:00,50022.0,49448.31
2019-02-21 01:00:00+00:00,49259.0,49427.07
2019-02-21 02:00:00+00:00,49829.0,49742.645
2019-02-21 03:00:00+00:00,51328.0,51360.434
2019-02-21 04:00:00+00:00,54688.0,54899.24
2019-02-21 05:00:00+00:00,62934.0,62229.652
2019-02-21 06:00:00+00:00,67943.0,68904.83
2019-02-21 07:00:00+00:00,69729.0,69872.61
2019-02-21 08:00:00+00:00,70166.0,70335.23
2019-02-21 09:00:00+00:00,70527.0,71461.33
2019-02-21 10:00:00+00:00,70660.0,71276.89
2019-02-21 11:00:00+00:00,68942.0,70217.3
2019-02-21 12:00:00+00:00,68801.0,68376.43
2019-02-21 13:00:00+00:00,68381.0,67895.586
2019-02-21 14:00:00+00:00,67769.0,67601.266
2019-02-21 15:00:00+00:00,66670.0,67056.0
2019-02-21 16:00:00+00:00,68321.0,67539.81
2019-02-21 17:00:00+00:00,71043.0,70085.234
2019-02-21 18:00:00+00:00,70372.0,69763.46
2019-02-21 19:00:00+00:00,66490.0,66843.11
2019-02-21 20:00:00+00:00,62264.0,63448.11
2019-02-21 21:00:00+00:00,59040.0,59428.574
2019-02-21 22:00:00+00:00,54932.0,55134.375
2019-02-21 23:00:00+00:00,51088.0,51975.168
2019-02-22 00:00:00+00:00,49035.0,49276.68
2019-02-22 01:00:00+00:00,47893.0,48390.047
2019-02-22 02:00:00+00:00,48652.0,48094.03
2019-02-22 03:00:00+00:00,50249.0,50087.305
2019-02-22 04:00:00+00:00,54326.0,53448.977
2019-02-22 05:00:00+00:00,62461.0,63700.28
2019-02-22 06:00:00+00:00,67617.0,68441.06
2019-02-22 07:00:00+00:00,70003.0,69834.445
2019-02-22 08:00:00+00:00,70817.0,70696.8
2019-02-22 09:00:00+00:00,71470.0,72013.34
2019-02-22 10:00:00+00:00,71928.0,72233.375
2019-02-22 11:00:00+00:00,70280.0,71735.01
2019-02-22 12:00:00+00:00,67936.0,69784.06
2019-02-22 13:00:00+00:00,66230.0,67027.734
2019-02-22 14:00:00+00:00,65624.0,65628.85
2019-02-22 15:00:00+00:00,64867.0,65191.477
2019-02-22 16:00:00+00:00,65866.0,66255.38
2019-02-22 17:00:00+00:00,68806.0,67314.836
2019-02-22 18:00:00+00:00,67853.0,67932.086
2019-02-22 19:00:00+00:00,64020.0,63746.758
2019-02-22 20:00:00+00:00,60923.0,60938.758
2019-02-22 21:00:00+00:00,58706.0,58227.07
2019-02-22 22:00:00+00:00,55085.0,54645.996
2019-02-22 23:00:00+00:00,50930.0,51735.613
2019-02-23 00:00:00+00:00,48829.0,48728.117
2019-02-23 01:00:00+00:00,47417.0,48028.984
2019-02-23 02:00:00+00:00,47740.0,47360.207
2019-02-23 03:00:00+00:00,47606.0,48723.043
2019-02-23 04:00:00+00:00,47603.0,47434.188
2019-02-23 05:00:00+00:00,48965.0,48942.754
2019-02-23 06:00:00+00:00,51982.0,52698.695
2019-02-23 07:00:00+00:00,56279.0,56053.117
2019-02-23 08:00:00+00:00,57882.0,59314.676
2019-02-23 09:00:00+00:00,58471.0,59122.324
2019-02-23 10:00:00+00:00,58566.0,59073.58
2019-02-23 11:00:00+00:00,57623.0,57951.523
2019-02-23 12:00:00+00:00,56166.0,56225.84
2019-02-23 13:00:00+00:00,54062.0,54896.035
2019-02-23 14:00:00+00:00,52993.0,53079.4
2019-02-23 15:00:00+00:00,53298.0,52991.316
2019-02-23 16:00:00+00:00,55702.0,55493.918
2019-02-23 17:00:00+00:00,60069.0,58570.273
2019-02-23 18:00:00+00:00,59174.0,59450.2
2019-02-23 19:00:00+00:00,55998.0,55622.36
2019-02-23 20:00:00+00:00,53798.0,53779.14
2019-02-23 21:00:00+00:00,52782.0,52972.773
2019-02-23 22:00:00+00:00,49511.0,49920.855
2019-02-23 23:00:00+00:00,46174.0,46357.63
2019-02-24 00:00:00+00:00,44234.0,44068.746
2019-02-24 01:00:00+00:00,43661.0,43501.0
2019-02-24 02:00:00+00:00,43147.0,43371.016
2019-02-24 03:00:00+00:00,43383.0,43134.68
2019-02-24 04:00:00+00:00,43000.0,43567.766
2019-02-24 05:00:00+00:00,42625.0,42517.637
2019-02-24 06:00:00+00:00,44018.0,45196.81
2019-02-24 07:00:00+00:00,47686.0,47481.137
2019-02-24 08:00:00+00:00,50194.0,51168.906
2019-02-24 09:00:00+00:00,51115.0,52435.652
2019-02-24 10:00:00+00:00,52463.0,52577.457
2019-02-24 11:00:00+00:00,52053.0,52413.676
2019-02-24 12:00:00+00:00,49963.0,50572.633
2019-02-24 13:00:00+00:00,48031.0,48411.78
2019-02-24 14:00:00+00:00,46977.0,47253.508
2019-02-24 15:00:00+00:00,47195.0,47207.863
2019-02-24 16:00:00+00:00,50821.0,49640.105
2019-02-24 17:00:00+00:00,56597.0,54781.355
2019-02-24 18:00:00+00:00,56293.0,57045.49
2019-02-24 19:00:00+00:00,54038.0,54412.77
2019-02-24 20:00:00+00:00,52230.0,53264.664
2019-02-24 21:00:00+00:00,52126.0,52655.43
2019-02-24 22:00:00+00:00,49245.0,49140.875
2019-02-24 23:00:00+00:00,47071.0,46449.098
2019-02-25 00:00:00+00:00,45596.0,45539.8
2019-02-25 01:00:00+00:00,44861.0,44631.74
2019-02-25 02:00:00+00:00,45577.0,45040.45
2019-02-25 03:00:00+00:00,47209.0,47359.33
2019-02-25 04:00:00+00:00,51888.0,50936.16
2019-02-25 05:00:00+00:00,61125.0,61300.156
2019-02-25 06:00:00+00:00,65856.0,66867.57
2019-02-25 07:00:00+00:00,66686.0,67826.89
2019-02-25 08:00:00+00:00,66923.0,67552.57
2019-02-25 09:00:00+00:00,67786.0,68547.52
2019-02-25 10:00:00+00:00,67839.0,68826.016
2019-02-25 11:00:00+00:00,66728.0,67471.62
2019-02-25 12:00:00+00:00,66119.0,66340.31
2019-02-25 13:00:00+00:00,64940.0,65235.996
2019-02-25 14:00:00+00:00,64069.0,64069.63
2019-02-25 15:00:00+00:00,63518.0,63495.098
2019-02-25 16:00:00+00:00,64776.0,65209.098
2019-02-25 17:00:00+00:00,69307.0,67383.97
2019-02-25 18:00:00+00:00,69077.0,68309.67
2019-02-25 19:00:00+00:00,65084.0,65196.37
2019-02-25 20:00:00+00:00,61734.0,62347.16
2019-02-25 21:00:00+00:00,58547.0,58953.57
2019-02-25 22:00:00+00:00,54678.0,54283.816
2019-02-25 23:00:00+00:00,50830.0,51697.016
2019-02-26 00:00:00+00:00,49164.0,48980.906
2019-02-26 01:00:00+00:00,48331.0,48599.863
2019-02-26 02:00:00+00:00,48536.0,48793.86
2019-02-26 03:00:00+00:00,49889.0,49794.234
2019-02-26 04:00:00+00:00,53938.0,52998.34
2019-02-26 05:00:00+00:00,62506.0,62898.86
2019-02-26 06:00:00+00:00,67391.0,68118.86
2019-02-26 07:00:00+00:00,68808.0,69560.38
2019-02-26 08:00:00+00:00,68439.0,69490.5
2019-02-26 09:00:00+00:00,69174.0,69749.875
2019-02-26 10:00:00+00:00,69662.0,70180.95
2019-02-26 11:00:00+00:00,68215.0,69301.055
2019-02-26 12:00:00+00:00,67157.0,67827.625
2019-02-26 13:00:00+00:00,65965.0,66097.38
2019-02-26 14:00:00+00:00,65383.0,65194.758
2019-02-26 15:00:00+00:00,64139.0,64608.703
2019-02-26 16:00:00+00:00,65244.0,64780.234
2019-02-26 17:00:00+00:00,69272.0,67657.22
2019-02-26 18:00:00+00:00,68996.0,68291.15
2019-02-26 19:00:00+00:00,65214.0,64929.01
2019-02-26 20:00:00+00:00,61419.0,62084.395
2019-02-26 21:00:00+00:00,58333.0,58534.19
2019-02-26 22:00:00+00:00,54177.0,54232.8
2019-02-26 23:00:00+00:00,51111.0,50883.1
2019-02-27 00:00:00+00:00,49618.0,49334.92
2019-02-27 01:00:00+00:00,49166.0,49032.99
2019-02-27 02:00:00+00:00,50117.0,49826.68
2019-02-27 03:00:00+00:00,51874.0,52005.1
2019-02-27 04:00:00+00:00,55215.0,56047.305
2019-02-27 05:00:00+00:00,62598.0,61629.76
2019-02-27 06:00:00+00:00,67232.0,67833.95
2019-02-27 07:00:00+00:00,68704.0,69057.78
2019-02-27 08:00:00+00:00,68571.0,69363.95
2019-02-27 09:00:00+00:00,69592.0,69825.18
2019-02-27 10:00:00+00:00,69387.0,70231.83
2019-02-27 11:00:00+00:00,67338.0,68728.18
2019-02-27 12:00:00+00:00,66393.0,66606.27
2019-02-27 13:00:00+00:00,65083.0,65320.156
2019-02-27 14:00:00+00:00,64172.0,64154.14
2019-02-27 15:00:00+00:00,63817.0,63525.277
2019-02-27 16:00:00+00:00,65393.0,64670.81
2019-02-27 17:00:00+00:00,69705.0,67171.48
2019-02-27 18:00:00+00:00,69538.0,67911.945
2019-02-27 19:00:00+00:00,66279.0,65350.535
2019-02-27 20:00:00+00:00,62436.0,63606.25
2019-02-27 21:00:00+00:00,59170.0,59984.84
2019-02-27 22:00:00+00:00,55749.0,55550.61
2019-02-27 23:00:00+00:00,51861.0,53083.777
2019-02-28 00:00:00+00:00,49693.0,49996.855
2019-02-28 01:00:00+00:00,49145.0,48984.715
2019-02-28 02:00:00+00:00,49475.0,49370.58
2019-02-28 03:00:00+00:00,50700.0,50692.812
2019-02-28 04:00:00+00:00,53853.0,52969.062
2019-02-28 05:00:00+00:00,61841.0,61338.992
2019-02-28 06:00:00+00:00,67322.0,67462.03
2019-02-28 07:00:00+00:00,69466.0,69848.14
2019-02-28 08:00:00+00:00,68833.0,70154.555
2019-02-28 09:00:00+00:00,68511.0,69910.11
2019-02-28 10:00:00+00:00,69435.0,69452.01
2019-02-28 11:00:00+00:00,68076.0,69188.266
2019-02-28 12:00:00+00:00,66832.0,67560.29
2019-02-28 13:00:00+00:00,65693.0,65856.08
2019-02-28 14:00:00+00:00,65673.0,64848.83
2019-02-28 15:00:00+00:00,64932.0,65021.76
2019-02-28 16:00:00+00:00,66932.0,65782.805
2019-02-28 17:00:00+00:00,69974.0,68627.95
2019-02-28 18:00:00+00:00,68773.0,68684.86
2019-02-28 19:00:00+00:00,64676.0,64702.56
2019-02-28 20:00:00+00:00,60762.0,61674.523
2019-02-28 21:00:00+00:00,57448.0,58146.066
2019-02-28 22:00:00+00:00,52816.0,53441.824
2019-02-28 23:00:00+00:00,49538.0,49464.88
2019-03-01 00:00:00+00:00,48114.0,47732.633
2019-03-01 01:00:00+00:00,47280.0,47508.562
2019-03-01 02:00:00+00:00,47532.0,47757.418
2019-03-01 03:00:00+00:00,49155.0,48796.758
2019-03-01 04:00:00+00:00,52648.0,52645.617
2019-03-01 05:00:00+00:00,60459.0,60249.746
2019-03-01 06:00:00+00:00,65348.0,66473.695
2019-03-01 07:00:00+00:00,67936.0,67525.67
2019-03-01 08:00:00+00:00,69754.0,68740.5
2019-03-01 09:00:00+00:00,71403.0,71191.51
2019-03-01 10:00:00+00:00,72275.0,72230.445
2019-03-01 11:00:00+00:00,71431.0,71973.02
2019-03-01 12:00:00+00:00,69511.0,70913.86
2019-03-01 13:00:00+00:00,67652.0,68541.45
2019-03-01 14:00:00+00:00,66675.0,66931.7
2019-03-01 15:00:00+00:00,65748.0,66076.81
2019-03-01 16:00:00+00:00,66215.0,67071.24
2019-03-01 17:00:00+00:00,67935.0,67910.04
2019-03-01 18:00:00+00:00,66691.0,67781.664
2019-03-01 19:00:00+00:00,62533.0,63275.246
2019-03-01 20:00:00+00:00,59043.0,59460.637
2019-03-01 21:00:00+00:00,56411.0,56391.64
2019-03-01 22:00:00+00:00,52588.0,52338.066
2019-03-01 23:00:00+00:00,49879.0,49476.97
2019-03-02 00:00:00+00:00,47354.0,48187.2
2019-03-02 01:00:00+00:00,46269.0,46396.035
2019-03-02 02:00:00+00:00,46007.0,46381.72
2019-03-02 03:00:00+00:00,45845.0,46402.137
2019-03-02 04:00:00+00:00,45911.0,45682.87
2019-03-02 05:00:00+00:00,47376.0,46842.24
2019-03-02 06:00:00+00:00,50764.0,50893.387
2019-03-02 07:00:00+00:00,55397.0,54775.58
2019-03-02 08:00:00+00:00,58448.0,58548.207
2019-03-02 09:00:00+00:00,59954.0,60032.543
2019-03-02 10:00:00+00:00,60257.0,60750.11
2019-03-02 11:00:00+00:00,58997.0,59594.38
2019-03-02 12:00:00+00:00,56503.0,57465.45
2019-03-02 13:00:00+00:00,54001.0,55010.83
2019-03-02 14:00:00+00:00,53533.0,53209.21
2019-03-02 15:00:00+00:00,53982.0,53992.965
2019-03-02 16:00:00+00:00,56405.0,56589.344
2019-03-02 17:00:00+00:00,59788.0,58489.668
2019-03-02 18:00:00+00:00,59688.0,59251.08
2019-03-02 19:00:00+00:00,55145.0,56120.62
2019-03-02 20:00:00+00:00,51951.0,52525.29
2019-03-02 21:00:00+00:00,50751.0,51209.74
2019-03-02 22:00:00+00:00,47715.0,47684.363
2019-03-02 23:00:00+00:00,44983.0,44560.453
2019-03-03 00:00:00+00:00,42942.0,42558.883
2019-03-03 01:00:00+00:00,41679.0,41753.68
2019-03-03 02:00:00+00:00,41825.0,41656.074
2019-03-03 03:00:00+00:00,42409.0,41777.59
2019-03-03 04:00:00+00:00,42560.0,42279.88
2019-03-03 05:00:00+00:00,42570.0,42481.56
2019-03-03 06:00:00+00:00,44084.0,45062.91
2019-03-03 07:00:00+00:00,47924.0,47387.684
2019-03-03 08:00:00+00:00,51016.0,51429.637
2019-03-03 09:00:00+00:00,53003.0,53208.844
2019-03-03 10:00:00+00:00,55414.0,54885.293
2019-03-03 11:00:00+00:00,54704.0,55282.367
2019-03-03 12:00:00+00:00,52444.0,52710.848
2019-03-03 13:00:00+00:00,50843.0,50809.793
2019-03-03 14:00:00+00:00,50316.0,50325.73
2019-03-03 15:00:00+00:00,50714.0,50741.02
2019-03-03 16:00:00+00:00,52436.0,53107.992
2019-03-03 17:00:00+00:00,56340.0,55815.953
2019-03-03 18:00:00+00:00,56260.0,57099.18
2019-03-03 19:00:00+00:00,53608.0,53658.426
2019-03-03 20:00:00+00:00,52459.0,52270.23
2019-03-03 21:00:00+00:00,51949.0,52264.594
2019-03-03 22:00:00+00:00,48988.0,48636.547
2019-03-03 23:00:00+00:00,46596.0,46047.562
2019-03-04 00:00:00+00:00,45030.0,44953.836
2019-03-04 01:00:00+00:00,44421.0,44450.01
2019-03-04 02:00:00+00:00,45632.0,44933.03
2019-03-04 03:00:00+00:00,47242.0,47696.484
2019-03-04 04:00:00+00:00,50799.0,51266.336
2019-03-04 05:00:00+00:00,58483.0,58725.207
2019-03-04 06:00:00+00:00,63864.0,64456.41
2019-03-04 07:00:00+00:00,67299.0,66450.31
2019-03-04 08:00:00+00:00,68469.0,68486.625
2019-03-04 09:00:00+00:00,69550.0,69872.62
2019-03-04 10:00:00+00:00,72004.0,70580.87
2019-03-04 11:00:00+00:00,70065.0,72018.75
2019-03-04 12:00:00+00:00,68703.0,69572.43
2019-03-04 13:00:00+00:00,67234.0,67817.21
2019-03-04 14:00:00+00:00,67283.0,66418.66
2019-03-04 15:00:00+00:00,66029.0,66453.77
2019-03-04 16:00:00+00:00,66960.0,66984.484
2019-03-04 17:00:00+00:00,69800.0,69145.23
2019-03-04 18:00:00+00:00,69292.0,69759.69
2019-03-04 19:00:00+00:00,65020.0,65496.82
2019-03-04 20:00:00+00:00,61688.0,62136.8
2019-03-04 21:00:00+00:00,59122.0,59256.246
2019-03-04 22:00:00+00:00,54853.0,54991.055
2019-03-04 23:00:00+00:00,52197.0,51651.055
2019-03-05 00:00:00+00:00,50842.0,50646.863
2019-03-05 01:00:00+00:00,49891.0,50205.375
2019-03-05 02:00:00+00:00,50444.0,50322.984
2019-03-05 03:00:00+00:00,51853.0,51733.797
2019-03-05 04:00:00+00:00,55420.0,54793.24
2019-03-05 05:00:00+00:00,61250.0,63119.83
2019-03-05 06:00:00+00:00,65790.0,65636.91
2019-03-05 07:00:00+00:00,68751.0,68086.47
2019-03-05 08:00:00+00:00,69963.0,69865.375
2019-03-05 09:00:00+00:00,71512.0,71321.77
2019-03-05 10:00:00+00:00,72015.0,72142.48
2019-03-05 11:00:00+00:00,70899.0,71635.16
2019-03-05 12:00:00+00:00,69328.0,70206.266
2019-03-05 13:00:00+00:00,67691.0,68341.74
2019-03-05 14:00:00+00:00,66761.0,66795.94
2019-03-05 15:00:00+00:00,65758.0,66036.164
2019-03-05 16:00:00+00:00,66203.0,66624.85
2019-03-05 17:00:00+00:00,68759.0,68160.8
2019-03-05 18:00:00+00:00,68589.0,68268.375
2019-03-05 19:00:00+00:00,64685.0,65328.977
2019-03-05 20:00:00+00:00,60596.0,61778.375
2019-03-05 21:00:00+00:00,57921.0,58147.773
2019-03-05 22:00:00+00:00,53993.0,54278.48
2019-03-05 23:00:00+00:00,50965.0,50971.14
2019-03-06 00:00:00+00:00,48932.0,49233.51
2019-03-06 01:00:00+00:00,48246.0,48210.043
2019-03-06 02:00:00+00:00,48903.0,48626.84
2019-03-06 03:00:00+00:00,50747.0,50194.473
2019-03-06 04:00:00+00:00,54132.0,54122.746
2019-03-06 05:00:00+00:00,60589.0,61474.332
2019-03-06 06:00:00+00:00,65472.0,65515.273
2019-03-06 07:00:00+00:00,67638.0,67821.125
2019-03-06 08:00:00+00:00,68430.0,68544.65
2019-03-06 09:00:00+00:00,68313.0,69804.52
2019-03-06 10:00:00+00:00,69477.0,68829.805
2019-03-06 11:00:00+00:00,69508.0,69152.06
2019-03-06 12:00:00+00:00,69060.0,68893.07
2019-03-06 13:00:00+00:00,68258.0,68126.49
2019-03-06 14:00:00+00:00,67828.0,67352.88
2019-03-06 15:00:00+00:00,66156.0,67031.484
2019-03-06 16:00:00+00:00,67027.0,66856.64
2019-03-06 17:00:00+00:00,70634.0,69796.86
2019-03-06 18:00:00+00:00,70732.0,70673.766
2019-03-06 19:00:00+00:00,66532.0,67163.48
2019-03-06 20:00:00+00:00,61954.0,63442.35
2019-03-06 21:00:00+00:00,58786.0,59182.64
2019-03-06 22:00:00+00:00,54571.0,54936.277
2019-03-06 23:00:00+00:00,51456.0,51409.1
2019-03-07 00:00:00+00:00,49359.0,49787.426
2019-03-07 01:00:00+00:00,47808.0,48607.094
2019-03-07 02:00:00+00:00,47797.0,47946.848
2019-03-07 03:00:00+00:00,48962.0,48545.594
2019-03-07 04:00:00+00:00,52686.0,51780.434
2019-03-07 05:00:00+00:00,60539.0,60946.79
2019-03-07 06:00:00+00:00,65839.0,66700.25
2019-03-07 07:00:00+00:00,68768.0,68598.18
2019-03-07 08:00:00+00:00,70009.0,69683.91
2019-03-07 09:00:00+00:00,71339.0,71262.01
2019-03-07 10:00:00+00:00,71805.0,72365.914
2019-03-07 11:00:00+00:00,71712.0,71650.25
2019-03-07 12:00:00+00:00,70820.0,71419.914
2019-03-07 13:00:00+00:00,69439.0,69909.586
2019-03-07 14:00:00+00:00,68215.0,68723.03
2019-03-07 15:00:00+00:00,67064.0,67379.94
2019-03-07 16:00:00+00:00,67692.0,68002.805
2019-03-07 17:00:00+00:00,70572.0,69827.37
2019-03-07 18:00:00+00:00,70865.0,70400.48
2019-03-07 19:00:00+00:00,66483.0,67077.086
2019-03-07 20:00:00+00:00,63003.0,63090.156
2019-03-07 21:00:00+00:00,59806.0,60474.71
2019-03-07 22:00:00+00:00,56070.0,55664.68
2019-03-07 23:00:00+00:00,53455.0,52690.07
2019-03-08 00:00:00+00:00,50821.0,51649.09
2019-03-08 01:00:00+00:00,50020.0,49719.95
2019-03-08 02:00:00+00:00,51190.0,50334.44
2019-03-08 03:00:00+00:00,52590.0,52802.727
2019-03-08 04:00:00+00:00,55738.0,55902.676
2019-03-08 05:00:00+00:00,62296.0,62949.004
2019-03-08 06:00:00+00:00,66136.0,67139.266
2019-03-08 07:00:00+00:00,68986.0,68301.61
2019-03-08 08:00:00+00:00,69885.0,70043.3
2019-03-08 09:00:00+00:00,70279.0,71140.35
2019-03-08 10:00:00+00:00,70797.0,70849.88
2019-03-08 11:00:00+00:00,69771.0,70468.0
2019-03-08 12:00:00+00:00,68542.0,69052.42
2019-03-08 13:00:00+00:00,66532.0,67591.0
2019-03-08 14:00:00+00:00,64976.0,65604.45
2019-03-08 15:00:00+00:00,64119.0,64278.258
2019-03-08 16:00:00+00:00,64825.0,65242.523
2019-03-08 17:00:00+00:00,67254.0,67586.266
2019-03-08 18:00:00+00:00,67019.0,67368.555
2019-03-08 19:00:00+00:00,62874.0,63787.234
2019-03-08 20:00:00+00:00,58713.0,60003.086
2019-03-08 21:00:00+00:00,55691.0,56176.12
2019-03-08 22:00:00+00:00,52136.0,51993.39
2019-03-08 23:00:00+00:00,49285.0,49306.133
2019-03-09 00:00:00+00:00,47443.0,47593.64
2019-03-09 01:00:00+00:00,46114.0,46815.426
2019-03-09 02:00:00+00:00,46530.0,46066.93
2019-03-09 03:00:00+00:00,47032.0,47293.715
2019-03-09 04:00:00+00:00,47546.0,47552.254
2019-03-09 05:00:00+00:00,48793.0,50179.445
2019-03-09 06:00:00+00:00,51805.0,52109.47
2019-03-09 07:00:00+00:00,55060.0,55382.01
2019-03-09 08:00:00+00:00,57851.0,57520.855
2019-03-09 09:00:00+00:00,59886.0,59447.086
2019-03-09 10:00:00+00:00,61408.0,60552.9
2019-03-09 11:00:00+00:00,60106.0,60842.49
2019-03-09 12:00:00+00:00,58443.0,58540.918
2019-03-09 13:00:00+00:00,56392.0,57187.824
2019-03-09 14:00:00+00:00,55394.0,55616.03
2019-03-09 15:00:00+00:00,55637.0,55422.633
2019-03-09 16:00:00+00:00,56729.0,57578.285
2019-03-09 17:00:00+00:00,59367.0,59136.844
2019-03-09 18:00:00+00:00,58917.0,59466.336
2019-03-09 19:00:00+00:00,55362.0,55364.543
2019-03-09 20:00:00+00:00,53286.0,53031.145
2019-03-09 21:00:00+00:00,51277.0,52202.105
2019-03-09 22:00:00+00:00,48177.0,47649.996
2019-03-09 23:00:00+00:00,45610.0,45056.316
2019-03-10 00:00:00+00:00,42876.0,43353.04
2019-03-10 01:00:00+00:00,42155.0,41790.13
2019-03-10 02:00:00+00:00,41737.0,41874.734
2019-03-10 03:00:00+00:00,41318.0,41424.59
2019-03-10 04:00:00+00:00,40988.0,40088.316
2019-03-10 05:00:00+00:00,40568.0,39923.9
2019-03-10 06:00:00+00:00,41436.0,42446.934
2019-03-10 07:00:00+00:00,44944.0,44427.605
2019-03-10 08:00:00+00:00,48608.0,48788.016
2019-03-10 09:00:00+00:00,51678.0,51372.918
2019-03-10 10:00:00+00:00,53683.0,54290.08
2019-03-10 11:00:00+00:00,52788.0,53777.543
2019-03-10 12:00:00+00:00,51316.0,50692.02
2019-03-10 13:00:00+00:00,50977.0,49949.734
2019-03-10 14:00:00+00:00,51337.0,50909.67
2019-03-10 15:00:00+00:00,50784.0,52370.03
2019-03-10 16:00:00+00:00,52112.0,51993.17
2019-03-10 17:00:00+00:00,56201.0,54870.438
2019-03-10 18:00:00+00:00,56892.0,57377.07
2019-03-10 19:00:00+00:00,54797.0,54709.715
2019-03-10 20:00:00+00:00,53138.0,53488.85
2019-03-10 21:00:00+00:00,52807.0,53283.14
2019-03-10 22:00:00+00:00,49950.0,49859.11
2019-03-10 23:00:00+00:00,48344.0,47183.91
2019-03-11 00:00:00+00:00,46564.0,46933.8
2019-03-11 01:00:00+00:00,46318.0,45969.414
2019-03-11 02:00:00+00:00,46952.0,46888.75
2019-03-11 03:00:00+00:00,48895.0,48726.984
2019-03-11 04:00:00+00:00,52300.0,53405.94
2019-03-11 05:00:00+00:00,60506.0,59767.77
2019-03-11 06:00:00+00:00,66007.0,66603.7
2019-03-11 07:00:00+00:00,68928.0,68832.95
2019-03-11 08:00:00+00:00,69559.0,69794.81
2019-03-11 09:00:00+00:00,71171.0,70898.234
2019-03-11 10:00:00+00:00,72457.0,72268.66
2019-03-11 11:00:00+00:00,71656.0,72151.29
2019-03-11 12:00:00+00:00,71044.0,71298.984
2019-03-11 13:00:00+00:00,69427.0,70184.65
2019-03-11 14:00:00+00:00,68193.0,68691.11
2019-03-11 15:00:00+00:00,67071.0,67233.984
2019-03-11 16:00:00+00:00,67834.0,67765.734
2019-03-11 17:00:00+00:00,69434.0,70930.266
2019-03-11 18:00:00+00:00,70644.0,69731.15
2019-03-11 19:00:00+00:00,65821.0,67489.54
2019-03-11 20:00:00+00:00,61996.0,62461.863
2019-03-11 21:00:00+00:00,59177.0,59632.246
2019-03-11 22:00:00+00:00,54579.0,55037.31
2019-03-11 23:00:00+00:00,51276.0,51097.426
2019-03-12 00:00:00+00:00,49082.0,49595.53
2019-03-12 01:00:00+00:00,48033.0,48212.28
2019-03-12 02:00:00+00:00,49057.0,48454.34
2019-03-12 03:00:00+00:00,50863.0,50730.203
2019-03-12 04:00:00+00:00,54025.0,54945.23
2019-03-12 05:00:00+00:00,61014.0,61359.64
2019-03-12 06:00:00+00:00,65849.0,66435.0
2019-03-12 07:00:00+00:00,67738.0,68201.05
2019-03-12 08:00:00+00:00,68430.0,68607.41
2019-03-12 09:00:00+00:00,68922.0,69723.9
2019-03-12 10:00:00+00:00,69537.0,69697.68
2019-03-12 11:00:00+00:00,69465.0,69153.24
2019-03-12 12:00:00+00:00,69876.0,68942.38
2019-03-12 13:00:00+00:00,68893.0,69008.15
2019-03-12 14:00:00+00:00,68229.0,68068.62
2019-03-12 15:00:00+00:00,66823.0,67450.01
2019-03-12 16:00:00+00:00,67433.0,67664.8
2019-03-12 17:00:00+00:00,70205.0,70186.65
2019-03-12 18:00:00+00:00,71020.0,70554.6
2019-03-12 19:00:00+00:00,67146.0,67849.42
2019-03-12 20:00:00+00:00,63351.0,63853.46
2019-03-12 21:00:00+00:00,60193.0,60583.965
2019-03-12 22:00:00+00:00,56272.0,56219.418
2019-03-12 23:00:00+00:00,52582.0,53169.42
2019-03-13 00:00:00+00:00,50647.0,50698.395
2019-03-13 01:00:00+00:00,49817.0,49958.086
2019-03-13 02:00:00+00:00,51151.0,50188.25
2019-03-13 03:00:00+00:00,52701.0,53100.848
2019-03-13 04:00:00+00:00,56062.0,56750.164
2019-03-13 05:00:00+00:00,63399.0,63582.31
2019-03-13 06:00:00+00:00,68057.0,68763.97
2019-03-13 07:00:00+00:00,70107.0,70094.47
2019-03-13 08:00:00+00:00,71884.0,70839.75
2019-03-13 09:00:00+00:00,73258.0,73211.164
2019-03-13 10:00:00+00:00,72774.0,73943.94
2019-03-13 11:00:00+00:00,72162.0,72342.02
2019-03-13 12:00:00+00:00,71879.0,71599.914
2019-03-13 13:00:00+00:00,70842.0,71060.38
2019-03-13 14:00:00+00:00,69710.0,70033.87
2019-03-13 15:00:00+00:00,68528.0,69038.664
2019-03-13 16:00:00+00:00,68988.0,69045.74
2019-03-13 17:00:00+00:00,71099.0,70847.44
2019-03-13 18:00:00+00:00,71458.0,70759.59
2019-03-13 19:00:00+00:00,67539.0,68281.59
2019-03-13 20:00:00+00:00,63617.0,64354.523
2019-03-13 21:00:00+00:00,60493.0,60908.14
2019-03-13 22:00:00+00:00,56701.0,56646.58
2019-03-13 23:00:00+00:00,54190.0,53920.996
2019-03-14 00:00:00+00:00,51557.0,52792.87
2019-03-14 01:00:00+00:00,50322.0,50745.934
2019-03-14 02:00:00+00:00,50731.0,50425.17
2019-03-14 03:00:00+00:00,52009.0,51595.74
2019-03-14 04:00:00+00:00,55406.0,54756.586
2019-03-14 05:00:00+00:00,62486.0,63148.016
2019-03-14 06:00:00+00:00,67273.0,67703.445
2019-03-14 07:00:00+00:00,70003.0,70033.84
2019-03-14 08:00:00+00:00,71672.0,70911.7
2019-03-14 09:00:00+00:00,73009.0,72943.65
2019-03-14 10:00:00+00:00,73787.0,73859.25
2019-03-14 11:00:00+00:00,73931.0,73577.42
2019-03-14 12:00:00+00:00,73322.0,73498.4
2019-03-14 13:00:00+00:00,71715.0,72552.45
2019-03-14 14:00:00+00:00,70648.0,71041.58
2019-03-14 15:00:00+00:00,69469.0,69946.97
2019-03-14 16:00:00+00:00,70047.0,70485.13
2019-03-14 17:00:00+00:00,71346.0,71798.12
2019-03-14 18:00:00+00:00,71192.0,71117.49
2019-03-14 19:00:00+00:00,67167.0,68115.805
2019-03-14 20:00:00+00:00,63333.0,63952.46
2019-03-14 21:00:00+00:00,60641.0,60797.395
2019-03-14 22:00:00+00:00,56761.0,56837.508
2019-03-14 23:00:00+00:00,53431.0,53554.105
2019-03-15 00:00:00+00:00,51314.0,51540.26
2019-03-15 01:00:00+00:00,50143.0,50488.8
2019-03-15 02:00:00+00:00,50239.0,50310.832
2019-03-15 03:00:00+00:00,51647.0,51094.39
2019-03-15 04:00:00+00:00,54692.0,54554.78
2019-03-15 05:00:00+00:00,61517.0,61738.727
2019-03-15 06:00:00+00:00,66621.0,67191.58
2019-03-15 07:00:00+00:00,68953.0,69546.4
2019-03-15 08:00:00+00:00,70656.0,69873.04
2019-03-15 09:00:00+00:00,71747.0,72012.42
2019-03-15 10:00:00+00:00,73280.0,72681.52
2019-03-15 11:00:00+00:00,72858.0,73124.96
2019-03-15 12:00:00+00:00,71448.0,72412.05
2019-03-15 13:00:00+00:00,70184.0,70573.71
2019-03-15 14:00:00+00:00,69066.0,69543.945
2019-03-15 15:00:00+00:00,68381.0,68434.71
2019-03-15 16:00:00+00:00,68421.0,69942.18
2019-03-15 17:00:00+00:00,69295.0,70013.23
2019-03-15 18:00:00+00:00,69927.0,69346.42
2019-03-15 19:00:00+00:00,65292.0,67093.5
2019-03-15 20:00:00+00:00,61214.0,61878.574
2019-03-15 21:00:00+00:00,58365.0,58733.13
2019-03-15 22:00:00+00:00,54736.0,54525.348
2019-03-15 23:00:00+00:00,51457.0,51683.4
2019-03-16 00:00:00+00:00,49096.0,49587.54
2019-03-16 01:00:00+00:00,47699.0,48241.74
2019-03-16 02:00:00+00:00,47446.0,47664.46
2019-03-16 03:00:00+00:00,47490.0,47827.895
2019-03-16 04:00:00+00:00,47625.0,47911.574
2019-03-16 05:00:00+00:00,47771.0,48775.46
2019-03-16 06:00:00+00:00,50213.0,50010.316
2019-03-16 07:00:00+00:00,53326.0,54122.71
2019-03-16 08:00:00+00:00,56496.0,56622.945
2019-03-16 09:00:00+00:00,57628.0,58684.25
2019-03-16 10:00:00+00:00,58946.0,58634.797
2019-03-16 11:00:00+00:00,58328.0,58901.965
2019-03-16 12:00:00+00:00,57055.0,56859.43
2019-03-16 13:00:00+00:00,56020.0,55713.645
2019-03-16 14:00:00+00:00,55498.0,55393.05
2019-03-16 15:00:00+00:00,54977.0,55790.78
2019-03-16 16:00:00+00:00,56239.0,56811.004
2019-03-16 17:00:00+00:00,58590.0,59316.32
2019-03-16 18:00:00+00:00,59313.0,58814.805
2019-03-16 19:00:00+00:00,55741.0,56494.652
2019-03-16 20:00:00+00:00,52828.0,52894.367
2019-03-16 21:00:00+00:00,51451.0,51724.7
2019-03-16 22:00:00+00:00,47993.0,48423.79
2019-03-16 23:00:00+00:00,45718.0,44833.492
2019-03-17 00:00:00+00:00,43340.0,43137.74
2019-03-17 01:00:00+00:00,42794.0,42173.797
2019-03-17 02:00:00+00:00,42546.0,42675.035
2019-03-17 03:00:00+00:00,42867.0,42423.414
2019-03-17 04:00:00+00:00,42613.0,42482.67
2019-03-17 05:00:00+00:00,42567.0,42042.723
2019-03-17 06:00:00+00:00,44814.0,44763.09
2019-03-17 07:00:00+00:00,47654.0,48445.44
2019-03-17 08:00:00+00:00,51002.0,50745.125
2019-03-17 09:00:00+00:00,53650.0,53438.594
2019-03-17 10:00:00+00:00,56408.0,55675.254
2019-03-17 11:00:00+00:00,54815.0,56537.63
2019-03-17 12:00:00+00:00,53701.0,52560.008
2019-03-17 13:00:00+00:00,52543.0,52536.93
2019-03-17 14:00:00+00:00,51684.0,52170.43
2019-03-17 15:00:00+00:00,52132.0,51930.3
2019-03-17 16:00:00+00:00,52230.0,54131.406
2019-03-17 17:00:00+00:00,55227.0,54616.383
2019-03-17 18:00:00+00:00,56655.0,56473.523
2019-03-17 19:00:00+00:00,54176.0,54767.746
2019-03-17 20:00:00+00:00,52648.0,52481.625
2019-03-17 21:00:00+00:00,53038.0,52323.645
2019-03-17 22:00:00+00:00,50728.0,50336.117
2019-03-17 23:00:00+00:00,48317.0,47876.715
2019-03-18 00:00:00+00:00,47249.0,46488.535
2019-03-18 01:00:00+00:00,47067.0,46745.445
2019-03-18 02:00:00+00:00,47962.0,47660.492
2019-03-18 03:00:00+00:00,49653.0,49935.9
2019-03-18 04:00:00+00:00,53514.0,53284.617
2019-03-18 05:00:00+00:00,61221.0,61149.38
2019-03-18 06:00:00+00:00,67212.0,66059.23
2019-03-18 07:00:00+00:00,69815.0,69995.25
2019-03-18 08:00:00+00:00,69888.0,70717.27
2019-03-18 09:00:00+00:00,71037.0,71130.39
2019-03-18 10:00:00+00:00,71654.0,72024.07
2019-03-18 11:00:00+00:00,71549.0,71297.766
2019-03-18 12:00:00+00:00,69743.0,71208.055
2019-03-18 13:00:00+00:00,67726.0,68912.305
2019-03-18 14:00:00+00:00,67588.0,66783.14
2019-03-18 15:00:00+00:00,65532.0,67079.76
2019-03-18 16:00:00+00:00,65944.0,66233.195
2019-03-18 17:00:00+00:00,68228.0,69903.0
2019-03-18 18:00:00+00:00,70292.0,68980.52
2019-03-18 19:00:00+00:00,65915.0,67228.27
2019-03-18 20:00:00+00:00,62093.0,62581.25
2019-03-18 21:00:00+00:00,58538.0,59707.8
2019-03-18 22:00:00+00:00,53710.0,54215.61
2019-03-18 23:00:00+00:00,51175.0,50163.773
2019-03-19 00:00:00+00:00,50076.0,49674.613
2019-03-19 01:00:00+00:00,49165.0,49545.902
2019-03-19 02:00:00+00:00,49886.0,49817.473
2019-03-19 03:00:00+00:00,51640.0,51454.49
2019-03-19 04:00:00+00:00,55324.0,55805.04
2019-03-19 05:00:00+00:00,62947.0,62749.285
2019-03-19 06:00:00+00:00,67543.0,67712.04
2019-03-19 07:00:00+00:00,68345.0,69353.14
2019-03-19 08:00:00+00:00,68539.0,69007.36
2019-03-19 09:00:00+00:00,69960.0,69870.97
2019-03-19 10:00:00+00:00,70635.0,70573.984
2019-03-19 11:00:00+00:00,68935.0,70033.66
2019-03-19 12:00:00+00:00,68167.0,68290.03
2019-03-19 13:00:00+00:00,67238.0,67088.125
2019-03-19 14:00:00+00:00,65972.0,66328.59
2019-03-19 15:00:00+00:00,64885.0,64991.31
2019-03-19 16:00:00+00:00,65543.0,65356.7
2019-03-19 17:00:00+00:00,67413.0,67845.56
2019-03-19 18:00:00+00:00,69996.0,67217.49
2019-03-19 19:00:00+00:00,66252.0,66831.375
2019-03-19 20:00:00+00:00,62426.0,62641.89
2019-03-19 21:00:00+00:00,59699.0,59916.926
2019-03-19 22:00:00+00:00,55478.0,56007.758
2019-03-19 23:00:00+00:00,51844.0,52349.973
2019-03-20 00:00:00+00:00,50179.0,50072.2
2019-03-20 01:00:00+00:00,49734.0,49626.32
2019-03-20 02:00:00+00:00,50262.0,50395.023
2019-03-20 03:00:00+00:00,51441.0,51768.383
2019-03-20 04:00:00+00:00,55536.0,54471.074
2019-03-20 05:00:00+00:00,62279.0,63671.82
2019-03-20 06:00:00+00:00,67097.0,66720.82
2019-03-20 07:00:00+00:00,68639.0,69414.45
2019-03-20 08:00:00+00:00,68336.0,69457.945
2019-03-20 09:00:00+00:00,68205.0,69564.74
2019-03-20 10:00:00+00:00,68071.0,68818.88
2019-03-20 11:00:00+00:00,67811.0,67526.91
2019-03-20 12:00:00+00:00,67871.0,67240.73
2019-03-20 13:00:00+00:00,66363.0,66883.43
2019-03-20 14:00:00+00:00,64883.0,65338.76
2019-03-20 15:00:00+00:00,64154.0,64006.156
2019-03-20 16:00:00+00:00,64775.0,64631.277
2019-03-20 17:00:00+00:00,66845.0,67288.29
2019-03-20 18:00:00+00:00,69172.0,67707.13
2019-03-20 19:00:00+00:00,65251.0,66317.21
2019-03-20 20:00:00+00:00,61591.0,61925.957
2019-03-20 21:00:00+00:00,58605.0,59133.125
2019-03-20 22:00:00+00:00,54157.0,54740.023
2019-03-20 23:00:00+00:00,50455.0,50941.2
2019-03-21 00:00:00+00:00,48180.0,48544.523
2019-03-21 01:00:00+00:00,47217.0,47314.062
2019-03-21 02:00:00+00:00,48127.0,47502.168
2019-03-21 03:00:00+00:00,49429.0,49716.29
2019-03-21 04:00:00+00:00,53544.0,52340.24
2019-03-21 05:00:00+00:00,60862.0,62130.316
2019-03-21 06:00:00+00:00,66198.0,66165.484
2019-03-21 07:00:00+00:00,68122.0,68708.195
2019-03-21 08:00:00+00:00,67685.0,68893.375
2019-03-21 09:00:00+00:00,67689.0,68894.414
2019-03-21 10:00:00+00:00,69163.0,68697.55
2019-03-21 11:00:00+00:00,68922.0,68947.2
2019-03-21 12:00:00+00:00,67553.0,68426.45
2019-03-21 13:00:00+00:00,65877.0,66511.695
2019-03-21 14:00:00+00:00,64591.0,64994.137
2019-03-21 15:00:00+00:00,63091.0,63614.184
2019-03-21 16:00:00+00:00,64245.0,63401.934
2019-03-21 17:00:00+00:00,66333.0,67142.06
2019-03-21 18:00:00+00:00,68757.0,67085.516
2019-03-21 19:00:00+00:00,64810.0,65473.066
2019-03-21 20:00:00+00:00,60815.0,61117.54
2019-03-21 21:00:00+00:00,57011.0,57905.23
2019-03-21 22:00:00+00:00,53135.0,52709.617
2019-03-21 23:00:00+00:00,49465.0,49736.348
2019-03-22 00:00:00+00:00,47777.0,47404.34
2019-03-22 01:00:00+00:00,47039.0,47066.93
2019-03-22 02:00:00+00:00,47369.0,47464.92
2019-03-22 03:00:00+00:00,48667.0,48750.387
2019-03-22 04:00:00+00:00,52630.0,51974.67
2019-03-22 05:00:00+00:00,59912.0,60819.434
2019-03-22 06:00:00+00:00,64994.0,65116.887
2019-03-22 07:00:00+00:00,67067.0,67367.586
2019-03-22 08:00:00+00:00,67366.0,67932.79
2019-03-22 09:00:00+00:00,67400.0,68701.16
2019-03-22 10:00:00+00:00,67479.0,68228.234
2019-03-22 11:00:00+00:00,66337.0,67003.445
2019-03-22 12:00:00+00:00,64868.0,65651.375
2019-03-22 13:00:00+00:00,63233.0,63823.492
2019-03-22 14:00:00+00:00,62128.0,62393.11
2019-03-22 15:00:00+00:00,60503.0,61361.12
2019-03-22 16:00:00+00:00,61452.0,60649.188
2019-03-22 17:00:00+00:00,63120.0,64066.8
2019-03-22 18:00:00+00:00,65750.0,64166.96
2019-03-22 19:00:00+00:00,62279.0,62654.387
2019-03-22 20:00:00+00:00,58522.0,58553.453
2019-03-22 21:00:00+00:00,55322.0,55797.75
2019-03-22 22:00:00+00:00,51646.0,51280.707
2019-03-22 23:00:00+00:00,48273.0,48303.965
2019-03-23 00:00:00+00:00,45974.0,46183.992
2019-03-23 01:00:00+00:00,44625.0,44976.477
2019-03-23 02:00:00+00:00,44995.0,44539.445
2019-03-23 03:00:00+00:00,45012.0,45792.24
2019-03-23 04:00:00+00:00,45541.0,44763.527
2019-03-23 05:00:00+00:00,46475.0,47953.383
2019-03-23 06:00:00+00:00,49958.0,49149.254
2019-03-23 07:00:00+00:00,53648.0,53926.426
2019-03-23 08:00:00+00:00,55813.0,56558.94
2019-03-23 09:00:00+00:00,56027.0,57290.656
2019-03-23 10:00:00+00:00,55990.0,56692.773
2019-03-23 11:00:00+00:00,55541.0,55316.527
2019-03-23 12:00:00+00:00,53938.0,54277.215
2019-03-23 13:00:00+00:00,52402.0,52565.41
2019-03-23 14:00:00+00:00,51589.0,51478.555
2019-03-23 15:00:00+00:00,51055.0,51424.848
2019-03-23 16:00:00+00:00,52547.0,51748.715
2019-03-23 17:00:00+00:00,54917.0,54953.87
2019-03-23 18:00:00+00:00,57011.0,55526.086
2019-03-23 19:00:00+00:00,53206.0,54444.777
2019-03-23 20:00:00+00:00,49955.0,50586.6
2019-03-23 21:00:00+00:00,48495.0,48539.65
2019-03-23 22:00:00+00:00,45303.0,45094.406
2019-03-23 23:00:00+00:00,42539.0,42332.53
2019-03-24 00:00:00+00:00,40936.0,40147.43
2019-03-24 01:00:00+00:00,39904.0,39869.61
2019-03-24 02:00:00+00:00,40016.0,39926.92
2019-03-24 03:00:00+00:00,40609.0,40034.79
2019-03-24 04:00:00+00:00,40451.0,40624.43
2019-03-24 05:00:00+00:00,39669.0,40352.203
2019-03-24 06:00:00+00:00,41896.0,41379.13
2019-03-24 07:00:00+00:00,44698.0,45727.273
2019-03-24 08:00:00+00:00,47479.0,47783.977
2019-03-24 09:00:00+00:00,49052.0,49769.543
2019-03-24 10:00:00+00:00,50876.0,51190.074
2019-03-24 11:00:00+00:00,50591.0,50627.82
2019-03-24 12:00:00+00:00,48863.0,48752.844
2019-03-24 13:00:00+00:00,47045.0,47397.035
2019-03-24 14:00:00+00:00,46279.0,46186.11
2019-03-24 15:00:00+00:00,46461.0,46536.1
2019-03-24 16:00:00+00:00,48173.0,48285.92
2019-03-24 17:00:00+00:00,52115.0,52171.42
2019-03-24 18:00:00+00:00,55571.0,54018.77
2019-03-24 19:00:00+00:00,52970.0,53269.75
2019-03-24 20:00:00+00:00,50476.0,50943.457
2019-03-24 21:00:00+00:00,50189.0,50303.004
2019-03-24 22:00:00+00:00,47424.0,46990.31
2019-03-24 23:00:00+00:00,44915.0,44623.24
2019-03-25 00:00:00+00:00,43918.0,43268.85
2019-03-25 01:00:00+00:00,43801.0,43539.062
2019-03-25 02:00:00+00:00,44473.0,44462.008
2019-03-25 03:00:00+00:00,46879.0,46673.008
2019-03-25 04:00:00+00:00,50634.0,51764.6
2019-03-25 05:00:00+00:00,57707.0,59245.766
2019-03-25 06:00:00+00:00,63336.0,63059.46
2019-03-25 07:00:00+00:00,67389.0,65758.516
2019-03-25 08:00:00+00:00,67584.0,68468.29
2019-03-25 09:00:00+00:00,69064.0,68631.94
2019-03-25 10:00:00+00:00,70321.0,70193.89
2019-03-25 11:00:00+00:00,69547.0,70093.875
2019-03-25 12:00:00+00:00,69222.0,68987.81
2019-03-25 13:00:00+00:00,68404.0,68427.09
2019-03-25 14:00:00+00:00,67940.0,67593.55
2019-03-25 15:00:00+00:00,66265.0,66965.61
2019-03-25 16:00:00+00:00,65499.0,66360.28
2019-03-25 17:00:00+00:00,66599.0,68034.25
2019-03-25 18:00:00+00:00,68769.0,69057.805
2019-03-25 19:00:00+00:00,65274.0,66849.484
2019-03-25 20:00:00+00:00,60693.0,61798.812
2019-03-25 21:00:00+00:00,57918.0,57498.773
2019-03-25 22:00:00+00:00,52802.0,54078.39
2019-03-25 23:00:00+00:00,50739.0,49438.938
2019-03-26 00:00:00+00:00,49285.0,49431.92
2019-03-26 01:00:00+00:00,49208.0,48521.777
2019-03-26 02:00:00+00:00,49306.0,50130.004
2019-03-26 03:00:00+00:00,50573.0,50533.27
2019-03-26 04:00:00+00:00,53654.0,53421.02
2019-03-26 05:00:00+00:00,60284.0,59954.297
2019-03-26 06:00:00+00:00,65950.0,65122.863
2019-03-26 07:00:00+00:00,68403.0,68228.195
2019-03-26 08:00:00+00:00,67938.0,69311.94
2019-03-26 09:00:00+00:00,69223.0,69006.414
2019-03-26 10:00:00+00:00,70454.0,69983.07
2019-03-26 11:00:00+00:00,68855.0,70004.84
2019-03-26 12:00:00+00:00,68196.0,68074.54
2019-03-26 13:00:00+00:00,67431.0,67192.74
2019-03-26 14:00:00+00:00,66561.0,66499.8
2019-03-26 15:00:00+00:00,65784.0,65399.266
2019-03-26 16:00:00+00:00,65662.0,66067.28
2019-03-26 17:00:00+00:00,66701.0,67477.64
2019-03-26 18:00:00+00:00,68131.0,67632.33
2019-03-26 19:00:00+00:00,64755.0,65334.605
2019-03-26 20:00:00+00:00,60939.0,61523.33
2019-03-26 21:00:00+00:00,57378.0,58378.305
2019-03-26 22:00:00+00:00,53170.0,53315.24
2019-03-26 23:00:00+00:00,49855.0,49947.188
2019-03-27 00:00:00+00:00,48173.0,48014.34
2019-03-27 01:00:00+00:00,47544.0,47523.574
2019-03-27 02:00:00+00:00,47980.0,48081.777
2019-03-27 03:00:00+00:00,49099.0,49450.508
2019-03-27 04:00:00+00:00,53099.0,52269.12
2019-03-27 05:00:00+00:00,60297.0,61546.95
2019-03-27 06:00:00+00:00,65623.0,65659.45
2019-03-27 07:00:00+00:00,68036.0,68045.83
2019-03-27 08:00:00+00:00,68244.0,68891.91
2019-03-27 09:00:00+00:00,69031.0,69545.37
2019-03-27 10:00:00+00:00,70060.0,69934.125
2019-03-27 11:00:00+00:00,68468.0,69702.54
2019-03-27 12:00:00+00:00,67619.0,67828.74
2019-03-27 13:00:00+00:00,66285.0,66609.15
2019-03-27 14:00:00+00:00,65396.0,65373.973
2019-03-27 15:00:00+00:00,64298.0,64304.934
2019-03-27 16:00:00+00:00,65197.0,64549.203
2019-03-27 17:00:00+00:00,66435.0,67161.414
2019-03-27 18:00:00+00:00,68491.0,66579.29
2019-03-27 19:00:00+00:00,64988.0,65473.297
2019-03-27 20:00:00+00:00,60557.0,61305.164
2019-03-27 21:00:00+00:00,57369.0,57636.188
2019-03-27 22:00:00+00:00,52714.0,53420.39
2019-03-27 23:00:00+00:00,49560.0,49176.723
2019-03-28 00:00:00+00:00,48397.0,47799.32
2019-03-28 01:00:00+00:00,47290.0,47826.42
2019-03-28 02:00:00+00:00,47860.0,47804.5
2019-03-28 03:00:00+00:00,49032.0,49303.203
2019-03-28 04:00:00+00:00,53122.0,52216.65
2019-03-28 05:00:00+00:00,59455.0,61741.74
2019-03-28 06:00:00+00:00,64108.0,64153.945
2019-03-28 07:00:00+00:00,66341.0,66610.84
2019-03-28 08:00:00+00:00,66486.0,67338.94
2019-03-28 09:00:00+00:00,67312.0,67762.26
2019-03-28 10:00:00+00:00,68527.0,68116.97
2019-03-28 11:00:00+00:00,67657.0,68150.82
2019-03-28 12:00:00+00:00,67292.0,66915.94
2019-03-28 13:00:00+00:00,66215.0,66256.19
2019-03-28 14:00:00+00:00,65087.0,65209.438
2019-03-28 15:00:00+00:00,63898.0,63987.035
2019-03-28 16:00:00+00:00,63787.0,64070.594
2019-03-28 17:00:00+00:00,64933.0,66113.09
2019-03-28 18:00:00+00:00,66496.0,66646.16
2019-03-28 19:00:00+00:00,63363.0,64210.645
2019-03-28 20:00:00+00:00,59882.0,60163.64
2019-03-28 21:00:00+00:00,56520.0,57042.45
2019-03-28 22:00:00+00:00,51893.0,52432.645
2019-03-28 23:00:00+00:00,48355.0,48532.11
2019-03-29 00:00:00+00:00,46476.0,46440.098
2019-03-29 01:00:00+00:00,45468.0,45735.19
2019-03-29 02:00:00+00:00,46274.0,45870.312
2019-03-29 03:00:00+00:00,48221.0,47898.855
2019-03-29 04:00:00+00:00,52060.0,52713.062
2019-03-29 05:00:00+00:00,58630.0,60252.18
2019-03-29 06:00:00+00:00,63690.0,63982.246
2019-03-29 07:00:00+00:00,66089.0,66256.67
2019-03-29 08:00:00+00:00,66350.0,67087.375
2019-03-29 09:00:00+00:00,67215.0,67699.32
2019-03-29 10:00:00+00:00,67533.0,68252.414
2019-03-29 11:00:00+00:00,66132.0,67049.09
2019-03-29 12:00:00+00:00,63949.0,65362.32
2019-03-29 13:00:00+00:00,62316.0,62818.0
2019-03-29 14:00:00+00:00,61178.0,61611.71
2019-03-29 15:00:00+00:00,60087.0,60335.38
2019-03-29 16:00:00+00:00,60197.0,60230.223
2019-03-29 17:00:00+00:00,61608.0,61091.293
2019-03-29 18:00:00+00:00,63875.0,62705.98
2019-03-29 19:00:00+00:00,60852.0,61270.48
2019-03-29 20:00:00+00:00,57220.0,57334.004
2019-03-29 21:00:00+00:00,53997.0,54196.496
2019-03-29 22:00:00+00:00,50142.0,49879.527
2019-03-29 23:00:00+00:00,46995.0,46775.105
2019-03-30 00:00:00+00:00,45258.0,44981.082
2019-03-30 01:00:00+00:00,44221.0,44385.863
2019-03-30 02:00:00+00:00,44270.0,44396.41
2019-03-30 03:00:00+00:00,44854.0,44950.76
2019-03-30 04:00:00+00:00,45447.0,45508.89
2019-03-30 05:00:00+00:00,45756.0,47690.13
2019-03-30 06:00:00+00:00,48863.0,48227.81
2019-03-30 07:00:00+00:00,52747.0,52648.285
2019-03-30 08:00:00+00:00,54427.0,55681.086
2019-03-30 09:00:00+00:00,54512.0,55737.66
2019-03-30 10:00:00+00:00,54422.0,54728.082
2019-03-30 11:00:00+00:00,53923.0,53404.227
2019-03-30 12:00:00+00:00,52231.0,52597.19
2019-03-30 13:00:00+00:00,50508.0,50904.547
2019-03-30 14:00:00+00:00,49742.0,49622.316
2019-03-30 15:00:00+00:00,49312.0,49655.64
2019-03-30 16:00:00+00:00,50618.0,50051.004
2019-03-30 17:00:00+00:00,52711.0,52653.22
2019-03-30 18:00:00+00:00,54915.0,53344.504
2019-03-30 19:00:00+00:00,52153.0,53148.04
2019-03-30 20:00:00+00:00,48971.0,50041.227
2019-03-30 21:00:00+00:00,47377.0,46835.125
2019-03-30 22:00:00+00:00,44718.0,43919.164
2019-03-30 23:00:00+00:00,42753.0,42090.477
2019-03-31 00:00:00+00:00,38066.0,40633.574
2019-03-31 01:00:00+00:00,40257.0,37269.824
2019-03-31 02:00:00+00:00,40193.0,40402.36
2019-03-31 03:00:00+00:00,40404.0,40674.49
2019-03-31 04:00:00+00:00,40981.0,39409.605
2019-03-31 05:00:00+00:00,41551.0,42886.355
2019-03-31 06:00:00+00:00,44029.0,44292.418
2019-03-31 07:00:00+00:00,47075.0,47863.938
2019-03-31 08:00:00+00:00,50369.0,49648.336
2019-03-31 09:00:00+00:00,52269.0,52942.375
2019-03-31 10:00:00+00:00,52511.0,52482.85
2019-03-31 11:00:00+00:00,50238.0,51124.94
2019-03-31 12:00:00+00:00,48244.0,48321.33
2019-03-31 13:00:00+00:00,46790.0,47296.8
2019-03-31 14:00:00+00:00,46418.0,46197.91
2019-03-31 15:00:00+00:00,47295.0,47256.473
2019-03-31 16:00:00+00:00,48868.0,49454.234
2019-03-31 17:00:00+00:00,50714.0,51283.92
2019-03-31 18:00:00+00:00,53045.0,51493.746
2019-03-31 19:00:00+00:00,51395.0,51086.32
2019-03-31 20:00:00+00:00,50809.0,49982.094
2019-03-31 21:00:00+00:00,47658.0,48473.582
2019-03-31 22:00:00+00:00,44450.0,44193.42
2019-03-31 23:00:00+00:00,42378.0,42502.633
2019-04-01 00:00:00+00:00,41689.0,41632.668
2019-04-01 01:00:00+00:00,42264.0,41906.734
2019-04-01 02:00:00+00:00,44459.0,43739.81
2019-04-01 03:00:00+00:00,48775.0,48381.184
2019-04-01 04:00:00+00:00,58264.0,57665.223
2019-04-01 05:00:00+00:00,63305.0,66761.85
2019-04-01 06:00:00+00:00,65413.0,66524.22
2019-04-01 07:00:00+00:00,65673.0,66532.195
2019-04-01 08:00:00+00:00,66011.0,67112.055
2019-04-01 09:00:00+00:00,66814.0,67191.766
2019-04-01 10:00:00+00:00,66184.0,66675.234
2019-04-01 11:00:00+00:00,65731.0,65731.97
2019-04-01 12:00:00+00:00,64603.0,64776.312
2019-04-01 13:00:00+00:00,63356.0,63533.613
2019-04-01 14:00:00+00:00,61489.0,62042.555
2019-04-01 15:00:00+00:00,60943.0,60862.656
2019-04-01 16:00:00+00:00,62036.0,61221.76
2019-04-01 17:00:00+00:00,63635.0,62791.234
2019-04-01 18:00:00+00:00,63819.0,62073.137
2019-04-01 19:00:00+00:00,61331.0,60679.008
2019-04-01 20:00:00+00:00,57358.0,56703.113
2019-04-01 21:00:00+00:00,52337.0,52750.383
2019-04-01 22:00:00+00:00,49607.0,48942.79
2019-04-01 23:00:00+00:00,47906.0,47924.246
2019-04-02 00:00:00+00:00,46977.0,47088.258
2019-04-02 01:00:00+00:00,47644.0,47613.688
2019-04-02 02:00:00+00:00,49147.0,49283.664
2019-04-02 03:00:00+00:00,52813.0,53386.586
2019-04-02 04:00:00+00:00,60899.0,60056.992
2019-04-02 05:00:00+00:00,65790.0,65919.36
2019-04-02 06:00:00+00:00,67942.0,68048.16
2019-04-02 07:00:00+00:00,67386.0,68830.97
2019-04-02 08:00:00+00:00,67368.0,68692.21
2019-04-02 09:00:00+00:00,68108.0,68184.28
2019-04-02 10:00:00+00:00,67977.0,67588.42
2019-04-02 11:00:00+00:00,68103.0,67432.58
2019-04-02 12:00:00+00:00,67101.0,67089.17
2019-04-02 13:00:00+00:00,66213.0,65970.195
2019-04-02 14:00:00+00:00,64707.0,64884.273
2019-04-02 15:00:00+00:00,64174.0,64203.88
2019-04-02 16:00:00+00:00,64340.0,64568.96
2019-04-02 17:00:00+00:00,64650.0,64667.164
2019-04-02 18:00:00+00:00,64971.0,63404.18
2019-04-02 19:00:00+00:00,62113.0,62321.348
2019-04-02 20:00:00+00:00,58210.0,58180.125
2019-04-02 21:00:00+00:00,53369.0,54051.105
2019-04-02 22:00:00+00:00,50219.0,49836.62
2019-04-02 23:00:00+00:00,48172.0,48326.973
2019-04-03 00:00:00+00:00,47006.0,47353.33
2019-04-03 01:00:00+00:00,47149.0,47447.312
2019-04-03 02:00:00+00:00,48294.0,48281.785
2019-04-03 03:00:00+00:00,52255.0,51991.67
2019-04-03 04:00:00+00:00,60398.0,60515.945
2019-04-03 05:00:00+00:00,64715.0,65669.86
2019-04-03 06:00:00+00:00,66094.0,67455.74
2019-04-03 07:00:00+00:00,66310.0,66908.125
2019-04-03 08:00:00+00:00,67558.0,67801.96
2019-04-03 09:00:00+00:00,69054.0,68685.57
2019-04-03 10:00:00+00:00,68127.0,68698.25
2019-04-03 11:00:00+00:00,67758.0,67679.25
2019-04-03 12:00:00+00:00,66507.0,66644.79
2019-04-03 13:00:00+00:00,65368.0,65464.082
2019-04-03 14:00:00+00:00,64132.0,63972.4
2019-04-03 15:00:00+00:00,64037.0,63794.63
2019-04-03 16:00:00+00:00,63749.0,64322.062
2019-04-03 17:00:00+00:00,64426.0,63567.58
2019-04-03 18:00:00+00:00,63655.0,63254.4
2019-04-03 19:00:00+00:00,60575.0,60943.477
2019-04-03 20:00:00+00:00,57217.0,57022.98
2019-04-03 21:00:00+00:00,52637.0,53101.062
2019-04-03 22:00:00+00:00,50148.0,49133.8
2019-04-03 23:00:00+00:00,48066.0,48493.64
2019-04-04 00:00:00+00:00,47154.0,47248.19
2019-04-04 01:00:00+00:00,47742.0,47702.707
2019-04-04 02:00:00+00:00,49077.0,49221.918
2019-04-04 03:00:00+00:00,52248.0,52847.87
2019-04-04 04:00:00+00:00,59715.0,59203.58
2019-04-04 05:00:00+00:00,64653.0,65059.49
2019-04-04 06:00:00+00:00,67072.0,67200.39
2019-04-04 07:00:00+00:00,66893.0,68039.11
2019-04-04 08:00:00+00:00,68078.0,68244.55
2019-04-04 09:00:00+00:00,69144.0,69134.625
2019-04-04 10:00:00+00:00,69116.0,68653.71
2019-04-04 11:00:00+00:00,68415.0,68655.51
2019-04-04 12:00:00+00:00,67688.0,67345.39
2019-04-04 13:00:00+00:00,66992.0,66677.695
2019-04-04 14:00:00+00:00,65025.0,65606.56
2019-04-04 15:00:00+00:00,64588.0,64568.547
2019-04-04 16:00:00+00:00,64412.0,64798.5
2019-04-04 17:00:00+00:00,64312.0,64727.37
2019-04-04 18:00:00+00:00,63957.0,63104.547
2019-04-04 19:00:00+00:00,61290.0,61577.895
2019-04-04 20:00:00+00:00,57881.0,57822.918
2019-04-04 21:00:00+00:00,53298.0,53784.016
2019-04-04 22:00:00+00:00,50211.0,49762.582
2019-04-04 23:00:00+00:00,48156.0,48313.94
2019-04-05 00:00:00+00:00,47029.0,47306.273
2019-04-05 01:00:00+00:00,47098.0,47401.055
2019-04-05 02:00:00+00:00,49016.0,48121.46
2019-04-05 03:00:00+00:00,52601.0,53318.113
2019-04-05 04:00:00+00:00,59962.0,59923.777
2019-04-05 05:00:00+00:00,65056.0,65077.285
2019-04-05 06:00:00+00:00,68053.0,67770.96
2019-04-05 07:00:00+00:00,68871.0,69112.36
2019-04-05 08:00:00+00:00,69220.0,70276.125
2019-04-05 09:00:00+00:00,69732.0,70230.055
2019-04-05 10:00:00+00:00,68777.0,69439.96
2019-04-05 11:00:00+00:00,67863.0,68266.83
2019-04-05 12:00:00+00:00,65916.0,66856.23
2019-04-05 13:00:00+00:00,64596.0,64904.117
2019-04-05 14:00:00+00:00,63420.0,63475.81
2019-04-05 15:00:00+00:00,63307.0,63154.51
2019-04-05 16:00:00+00:00,62756.0,63605.074
2019-04-05 17:00:00+00:00,62548.0,62269.777
2019-04-05 18:00:00+00:00,61565.0,61349.133
2019-04-05 19:00:00+00:00,58560.0,59291.543
2019-04-05 20:00:00+00:00,54986.0,55281.043
2019-04-05 21:00:00+00:00,51303.0,50865.805
2019-04-05 22:00:00+00:00,47929.0,48002.926
2019-04-05 23:00:00+00:00,45531.0,45805.97
2019-04-06 00:00:00+00:00,44483.0,44505.297
2019-04-06 01:00:00+00:00,44399.0,44540.02
2019-04-06 02:00:00+00:00,44636.0,45055.14
2019-04-06 03:00:00+00:00,44820.0,45640.977
2019-04-06 04:00:00+00:00,45730.0,46244.336
2019-04-06 05:00:00+00:00,48564.0,49058.31
2019-04-06 06:00:00+00:00,52944.0,52516.574
2019-04-06 07:00:00+00:00,55568.0,55929.8
2019-04-06 08:00:00+00:00,56094.0,56934.754
2019-04-06 09:00:00+00:00,55467.0,56640.91
2019-04-06 10:00:00+00:00,54809.0,54455.164
2019-04-06 11:00:00+00:00,53491.0,53438.008
2019-04-06 12:00:00+00:00,52214.0,52183.918
2019-04-06 13:00:00+00:00,51425.0,51280.598
2019-04-06 14:00:00+00:00,50153.0,51017.51
2019-04-06 15:00:00+00:00,50231.0,50151.29
2019-04-06 16:00:00+00:00,51410.0,50842.945
2019-04-06 17:00:00+00:00,51617.0,52141.47
2019-04-06 18:00:00+00:00,52164.0,50693.75
2019-04-06 19:00:00+00:00,51079.0,50755.926
2019-04-06 20:00:00+00:00,49038.0,49021.016
2019-04-06 21:00:00+00:00,45250.0,45600.23
2019-04-06 22:00:00+00:00,41823.0,41753.223
2019-04-06 23:00:00+00:00,39757.0,39725.406
2019-04-07 00:00:00+00:00,38616.0,38930.62
2019-04-07 01:00:00+00:00,38351.0,38818.953
2019-04-07 02:00:00+00:00,38766.0,37866.74
2019-04-07 03:00:00+00:00,38984.0,39010.58
2019-04-07 04:00:00+00:00,39073.0,38436.473
2019-04-07 05:00:00+00:00,40851.0,41154.17
2019-04-07 06:00:00+00:00,45224.0,45189.008
2019-04-07 07:00:00+00:00,47608.0,48388.69
2019-04-07 08:00:00+00:00,48981.0,49725.45
2019-04-07 09:00:00+00:00,50803.0,51205.223
2019-04-07 10:00:00+00:00,50690.0,50933.812
2019-04-07 11:00:00+00:00,48498.0,49093.676
2019-04-07 12:00:00+00:00,47062.0,46906.855
2019-04-07 13:00:00+00:00,46394.0,46184.668
2019-04-07 14:00:00+00:00,46010.0,45950.336
2019-04-07 15:00:00+00:00,46973.0,46616.188
2019-04-07 16:00:00+00:00,48754.0,48342.58
2019-04-07 17:00:00+00:00,50261.0,49536.797
2019-04-07 18:00:00+00:00,51490.0,50239.95
2019-04-07 19:00:00+00:00,50212.0,50631.832
2019-04-07 20:00:00+00:00,49340.0,48625.67
2019-04-07 21:00:00+00:00,46321.0,46206.67
2019-04-07 22:00:00+00:00,43145.0,43424.812
2019-04-07 23:00:00+00:00,41873.0,41336.56
2019-04-08 00:00:00+00:00,41370.0,41402.0
2019-04-08 01:00:00+00:00,41965.0,41933.348
2019-04-08 02:00:00+00:00,44044.0,43959.996
2019-04-08 03:00:00+00:00,48584.0,48454.723
2019-04-08 04:00:00+00:00,57122.0,57865.766
2019-04-08 05:00:00+00:00,62459.0,63130.65
2019-04-08 06:00:00+00:00,65288.0,65773.52
2019-04-08 07:00:00+00:00,65642.0,66458.86
2019-04-08 08:00:00+00:00,66498.0,67109.24
2019-04-08 09:00:00+00:00,66946.0,67765.586
2019-04-08 10:00:00+00:00,66799.0,66654.66
2019-04-08 11:00:00+00:00,66438.0,66388.5
2019-04-08 12:00:00+00:00,65504.0,65439.348
2019-04-08 13:00:00+00:00,64585.0,64393.133
2019-04-08 14:00:00+00:00,62798.0,63239.754
2019-04-08 15:00:00+00:00,61934.0,62188.793
2019-04-08 16:00:00+00:00,62395.0,62060.37
2019-04-08 17:00:00+00:00,62711.0,62995.133
2019-04-08 18:00:00+00:00,62591.0,61892.598
2019-04-08 19:00:00+00:00,60176.0,60228.83
2019-04-08 20:00:00+00:00,56200.0,55706.883
2019-04-08 21:00:00+00:00,51335.0,51796.28
2019-04-08 22:00:00+00:00,48958.0,48132.22
2019-04-08 23:00:00+00:00,46923.0,47373.52
2019-04-09 00:00:00+00:00,46074.0,46003.566
2019-04-09 01:00:00+00:00,46508.0,46574.902
2019-04-09 02:00:00+00:00,48031.0,47939.06
2019-04-09 03:00:00+00:00,51795.0,52274.54
2019-04-09 04:00:00+00:00,59597.0,59193.23
2019-04-09 05:00:00+00:00,64334.0,64831.87
2019-04-09 06:00:00+00:00,66998.0,66779.01
2019-04-09 07:00:00+00:00,67601.0,68011.88
2019-04-09 08:00:00+00:00,68516.0,69117.945
2019-04-09 09:00:00+00:00,68933.0,69448.086
2019-04-09 10:00:00+00:00,68429.0,68491.47
2019-04-09 11:00:00+00:00,67887.0,67953.08
2019-04-09 12:00:00+00:00,66683.0,66809.66
2019-04-09 13:00:00+00:00,65342.0,65591.65
2019-04-09 14:00:00+00:00,64300.0,64033.766
2019-04-09 15:00:00+00:00,64151.0,63964.996
2019-04-09 16:00:00+00:00,64226.0,64260.957
2019-04-09 17:00:00+00:00,64578.0,63874.33
2019-04-09 18:00:00+00:00,64139.0,63092.46
2019-04-09 19:00:00+00:00,60996.0,61209.633
2019-04-09 20:00:00+00:00,57217.0,57165.445
2019-04-09 21:00:00+00:00,52571.0,53104.99
2019-04-09 22:00:00+00:00,49586.0,49130.914
2019-04-09 23:00:00+00:00,47862.0,47815.53
2019-04-10 00:00:00+00:00,46881.0,47130.246
2019-04-10 01:00:00+00:00,47828.0,47390.75
2019-04-10 02:00:00+00:00,49406.0,49589.688
2019-04-10 03:00:00+00:00,53087.0,53703.59
2019-04-10 04:00:00+00:00,60031.0,60615.152
2019-04-10 05:00:00+00:00,64553.0,65023.953
2019-04-10 06:00:00+00:00,67086.0,66961.195
2019-04-10 07:00:00+00:00,67177.0,68041.805
2019-04-10 08:00:00+00:00,68327.0,68551.945
2019-04-10 09:00:00+00:00,69087.0,69225.945
2019-04-10 10:00:00+00:00,68589.0,68591.02
2019-04-10 11:00:00+00:00,67704.0,67991.53
2019-04-10 12:00:00+00:00,66713.0,66591.914
2019-04-10 13:00:00+00:00,65474.0,65662.41
2019-04-10 14:00:00+00:00,64040.0,64200.5
2019-04-10 15:00:00+00:00,63727.0,63790.5
2019-04-10 16:00:00+00:00,63512.0,64006.78
2019-04-10 17:00:00+00:00,63503.0,63744.99
2019-04-10 18:00:00+00:00,62951.0,62418.973
2019-04-10 19:00:00+00:00,60536.0,60567.094
2019-04-10 20:00:00+00:00,57116.0,57058.01
2019-04-10 21:00:00+00:00,53248.0,53011.707
2019-04-10 22:00:00+00:00,49947.0,50061.215
2019-04-10 23:00:00+00:00,48422.0,47986.97
2019-04-11 00:00:00+00:00,47460.0,47836.566
2019-04-11 01:00:00+00:00,47932.0,47831.074
2019-04-11 02:00:00+00:00,49575.0,49321.15
2019-04-11 03:00:00+00:00,52528.0,53416.754
2019-04-11 04:00:00+00:00,59540.0,58733.055
2019-04-11 05:00:00+00:00,64431.0,64805.38
2019-04-11 06:00:00+00:00,66444.0,66960.016
2019-04-11 07:00:00+00:00,65941.0,67405.11
2019-04-11 08:00:00+00:00,67192.0,67272.3
2019-04-11 09:00:00+00:00,69354.0,68227.734
2019-04-11 10:00:00+00:00,68266.0,68950.01
2019-04-11 11:00:00+00:00,66954.0,67603.77
2019-04-11 12:00:00+00:00,65285.0,65822.61
2019-04-11 13:00:00+00:00,64781.0,64316.96
2019-04-11 14:00:00+00:00,63441.0,63444.547
2019-04-11 15:00:00+00:00,63374.0,63114.195
2019-04-11 16:00:00+00:00,63267.0,63361.83
2019-04-11 17:00:00+00:00,63181.0,62644.11
2019-04-11 18:00:00+00:00,62991.0,61553.586
2019-04-11 19:00:00+00:00,60599.0,60491.914
2019-04-11 20:00:00+00:00,57170.0,57357.73
2019-04-11 21:00:00+00:00,52724.0,53076.113
2019-04-11 22:00:00+00:00,49766.0,49187.2
2019-04-11 23:00:00+00:00,48400.0,47824.93
2019-04-12 00:00:00+00:00,47716.0,47761.508
2019-04-12 01:00:00+00:00,48199.0,48401.645
2019-04-12 02:00:00+00:00,49646.0,49758.402
2019-04-12 03:00:00+00:00,52669.0,53523.19
2019-04-12 04:00:00+00:00,59374.0,58845.973
2019-04-12 05:00:00+00:00,64428.0,64482.32
2019-04-12 06:00:00+00:00,67442.0,66858.04
2019-04-12 07:00:00+00:00,67449.0,68578.58
2019-04-12 08:00:00+00:00,68335.0,68810.33
2019-04-12 09:00:00+00:00,68763.0,69164.29
2019-04-12 10:00:00+00:00,67411.0,68223.47
2019-04-12 11:00:00+00:00,66180.0,66673.555
2019-04-12 12:00:00+00:00,64907.0,65088.18
2019-04-12 13:00:00+00:00,63736.0,63848.312
2019-04-12 14:00:00+00:00,62778.0,62554.12
2019-04-12 15:00:00+00:00,62366.0,62511.953
2019-04-12 16:00:00+00:00,62161.0,62331.668
2019-04-12 17:00:00+00:00,61680.0,61296.367
2019-04-12 18:00:00+00:00,60990.0,60308.527
2019-04-12 19:00:00+00:00,58568.0,58822.754
2019-04-12 20:00:00+00:00,55669.0,55542.04
2019-04-12 21:00:00+00:00,52206.0,51819.12
2019-04-12 22:00:00+00:00,48828.0,48988.523
2019-04-12 23:00:00+00:00,46632.0,46669.094
2019-04-13 00:00:00+00:00,45338.0,45654.54
2019-04-13 01:00:00+00:00,45208.0,45245.434
2019-04-13 02:00:00+00:00,45177.0,45684.17
2019-04-13 03:00:00+00:00,45428.0,45438.21
2019-04-13 04:00:00+00:00,46854.0,46523.41
2019-04-13 05:00:00+00:00,49873.0,50391.434
2019-04-13 06:00:00+00:00,53549.0,53795.75
2019-04-13 07:00:00+00:00,56572.0,56487.42
2019-04-13 08:00:00+00:00,57654.0,58091.824
2019-04-13 09:00:00+00:00,57612.0,58402.605
2019-04-13 10:00:00+00:00,57498.0,56957.8
2019-04-13 11:00:00+00:00,55717.0,56327.86
2019-04-13 12:00:00+00:00,53558.0,54184.69
2019-04-13 13:00:00+00:00,53140.0,52433.05
2019-04-13 14:00:00+00:00,52749.0,52758.08
2019-04-13 15:00:00+00:00,53279.0,52682.297
2019-04-13 16:00:00+00:00,54873.0,53787.043
2019-04-13 17:00:00+00:00,54895.0,54919.906
2019-04-13 18:00:00+00:00,54518.0,53020.902
2019-04-13 19:00:00+00:00,52860.0,52601.293
2019-04-13 20:00:00+00:00,51199.0,51086.418
2019-04-13 21:00:00+00:00,47285.0,47980.684
2019-04-13 22:00:00+00:00,44343.0,43764.535
2019-04-13 23:00:00+00:00,42491.0,42110.363
2019-04-14 00:00:00+00:00,41297.0,41245.906
2019-04-14 01:00:00+00:00,41270.0,41056.438
2019-04-14 02:00:00+00:00,41595.0,41411.016
2019-04-14 03:00:00+00:00,41496.0,41669.676
2019-04-14 04:00:00+00:00,41168.0,40621.555
2019-04-14 05:00:00+00:00,42681.0,43095.324
2019-04-14 06:00:00+00:00,46088.0,46552.027
2019-04-14 07:00:00+00:00,49141.0,49358.926
2019-04-14 08:00:00+00:00,51353.0,51317.6
2019-04-14 09:00:00+00:00,53356.0,53448.63
2019-04-14 10:00:00+00:00,52872.0,53430.43
2019-04-14 11:00:00+00:00,51122.0,51068.547
2019-04-14 12:00:00+00:00,49152.0,49574.77
2019-04-14 13:00:00+00:00,48193.0,48239.086
2019-04-14 14:00:00+00:00,48140.0,47939.688
2019-04-14 15:00:00+00:00,49326.0,49292.7
2019-04-14 16:00:00+00:00,50939.0,50996.945
2019-04-14 17:00:00+00:00,51623.0,51814.953
2019-04-14 18:00:00+00:00,52149.0,50933.27
2019-04-14 19:00:00+00:00,51529.0,51175.055
2019-04-14 20:00:00+00:00,50933.0,50510.832
2019-04-14 21:00:00+00:00,47588.0,48085.387
2019-04-14 22:00:00+00:00,44953.0,44281.54
2019-04-14 23:00:00+00:00,43756.0,43144.6
2019-04-15 00:00:00+00:00,42997.0,43154.184
2019-04-15 01:00:00+00:00,43217.0,43502.73
2019-04-15 02:00:00+00:00,45172.0,44797.98
2019-04-15 03:00:00+00:00,49518.0,49085.797
2019-04-15 04:00:00+00:00,57303.0,58205.395
2019-04-15 05:00:00+00:00,63007.0,62881.074
2019-04-15 06:00:00+00:00,65559.0,66386.016
2019-04-15 07:00:00+00:00,66378.0,66839.98
2019-04-15 08:00:00+00:00,66151.0,67959.11
2019-04-15 09:00:00+00:00,66404.0,67169.45
2019-04-15 10:00:00+00:00,65427.0,66198.125
2019-04-15 11:00:00+00:00,64978.0,64902.965
2019-04-15 12:00:00+00:00,63650.0,63971.75
2019-04-15 13:00:00+00:00,62602.0,62490.887
2019-04-15 14:00:00+00:00,61034.0,61377.12
2019-04-15 15:00:00+00:00,61079.0,60505.22
2019-04-15 16:00:00+00:00,61795.0,61797.47
2019-04-15 17:00:00+00:00,62773.0,62486.168
2019-04-15 18:00:00+00:00,62523.0,61280.496
2019-04-15 19:00:00+00:00,60257.0,59794.062
2019-04-15 20:00:00+00:00,56485.0,56119.695
2019-04-15 21:00:00+00:00,52733.0,52253.004
2019-04-15 22:00:00+00:00,49227.0,49716.363
2019-04-15 23:00:00+00:00,47801.0,47151.504
2019-04-16 00:00:00+00:00,47353.0,47019.094
2019-04-16 01:00:00+00:00,47984.0,47846.992
2019-04-16 02:00:00+00:00,49538.0,49742.176
2019-04-16 03:00:00+00:00,53404.0,53480.895
2019-04-16 04:00:00+00:00,60265.0,60839.305
2019-04-16 05:00:00+00:00,65506.0,65019.34
2019-04-16 06:00:00+00:00,67906.0,67915.766
2019-04-16 07:00:00+00:00,68176.0,68833.6
2019-04-16 08:00:00+00:00,67415.0,69572.69
2019-04-16 09:00:00+00:00,67530.0,68021.125
2019-04-16 10:00:00+00:00,67533.0,67016.39
2019-04-16 11:00:00+00:00,66374.0,66924.77
2019-04-16 12:00:00+00:00,64798.0,65289.996
2019-04-16 13:00:00+00:00,63793.0,63693.402
2019-04-16 14:00:00+00:00,62369.0,62703.082
2019-04-16 15:00:00+00:00,62661.0,61990.453
2019-04-16 16:00:00+00:00,63607.0,63312.387
2019-04-16 17:00:00+00:00,63433.0,63363.88
2019-04-16 18:00:00+00:00,63348.0,61320.867
2019-04-16 19:00:00+00:00,61358.0,60757.734
2019-04-16 20:00:00+00:00,57228.0,58008.48
2019-04-16 21:00:00+00:00,52657.0,52879.582
2019-04-16 22:00:00+00:00,49410.0,49234.223
2019-04-16 23:00:00+00:00,47451.0,47390.484
2019-04-17 00:00:00+00:00,47095.0,46604.902
2019-04-17 01:00:00+00:00,47150.0,47731.08
2019-04-17 02:00:00+00:00,48695.0,48453.258
2019-04-17 03:00:00+00:00,52588.0,52689.254
2019-04-17 04:00:00+00:00,59488.0,60167.2
2019-04-17 05:00:00+00:00,64682.0,64445.883
2019-04-17 06:00:00+00:00,67256.0,67430.03
2019-04-17 07:00:00+00:00,67519.0,68171.99
2019-04-17 08:00:00+00:00,68565.0,68871.516
2019-04-17 09:00:00+00:00,68638.0,69574.42
2019-04-17 10:00:00+00:00,67190.0,68139.37
2019-04-17 11:00:00+00:00,65942.0,66626.59
2019-04-17 12:00:00+00:00,64617.0,64879.344
2019-04-17 13:00:00+00:00,63074.0,63664.887
2019-04-17 14:00:00+00:00,61612.0,61906.15
2019-04-17 15:00:00+00:00,61200.0,61426.62
2019-04-17 16:00:00+00:00,61382.0,61325.7
2019-04-17 17:00:00+00:00,62099.0,61090.707
2019-04-17 18:00:00+00:00,61962.0,61046.66
2019-04-17 19:00:00+00:00,60254.0,59261.613
2019-04-17 20:00:00+00:00,56319.0,56874.855
2019-04-17 21:00:00+00:00,51984.0,51948.086
2019-04-17 22:00:00+00:00,48564.0,48552.113
2019-04-17 23:00:00+00:00,46622.0,46474.5
2019-04-18 00:00:00+00:00,45884.0,45718.37
2019-04-18 01:00:00+00:00,46137.0,46331.26
2019-04-18 02:00:00+00:00,47714.0,47385.71
2019-04-18 03:00:00+00:00,51344.0,51279.68
2019-04-18 04:00:00+00:00,57495.0,58498.113
2019-04-18 05:00:00+00:00,62390.0,62306.133
2019-04-18 06:00:00+00:00,65342.0,65460.57
2019-04-18 07:00:00+00:00,65674.0,66582.34
2019-04-18 08:00:00+00:00,65604.0,67033.71
2019-04-18 09:00:00+00:00,64994.0,66594.125
2019-04-18 10:00:00+00:00,64547.0,64450.15
2019-04-18 11:00:00+00:00,64714.0,63804.258
2019-04-18 12:00:00+00:00,63071.0,63671.668
2019-04-18 13:00:00+00:00,61640.0,61817.43
2019-04-18 14:00:00+00:00,60080.0,60523.777
2019-04-18 15:00:00+00:00,59518.0,59613.17
2019-04-18 16:00:00+00:00,59106.0,59780.3
2019-04-18 17:00:00+00:00,59594.0,58790.703
2019-04-18 18:00:00+00:00,58907.0,59395.74
2019-04-18 19:00:00+00:00,56681.0,56810.035
2019-04-18 20:00:00+00:00,52716.0,53522.426
2019-04-18 21:00:00+00:00,48073.0,48530.46
2019-04-18 22:00:00+00:00,44272.0,44606.742
2019-04-18 23:00:00+00:00,41890.0,42029.777
2019-04-19 00:00:00+00:00,40730.0,40819.734
2019-04-19 01:00:00+00:00,40410.0,40825.094
2019-04-19 02:00:00+00:00,40164.0,40564.242
2019-04-19 03:00:00+00:00,39772.0,40027.457
2019-04-19 04:00:00+00:00,39029.0,38849.69
2019-04-19 05:00:00+00:00,41432.0,40986.793
2019-04-19 06:00:00+00:00,44857.0,45748.13
2019-04-19 07:00:00+00:00,47113.0,48523.715
2019-04-19 08:00:00+00:00,48761.0,49181.168
2019-04-19 09:00:00+00:00,50366.0,50671.664
2019-04-19 10:00:00+00:00,49645.0,50500.152
2019-04-19 11:00:00+00:00,48109.0,48271.54
2019-04-19 12:00:00+00:00,46644.0,46710.676
2019-04-19 13:00:00+00:00,45131.0,45658.598
2019-04-19 14:00:00+00:00,44099.0,44454.664
2019-04-19 15:00:00+00:00,44739.0,44463.74
2019-04-19 16:00:00+00:00,46096.0,45804.586
2019-04-19 17:00:00+00:00,46692.0,46581.76
2019-04-19 18:00:00+00:00,46868.0,47330.664
2019-04-19 19:00:00+00:00,46790.0,46448.094
2019-04-19 20:00:00+00:00,45107.0,45597.383
2019-04-19 21:00:00+00:00,41320.0,41299.918
2019-04-19 22:00:00+00:00,38498.0,37436.72
2019-04-19 23:00:00+00:00,36753.0,36313.97
2019-04-20 00:00:00+00:00,35692.0,36286.555
2019-04-20 01:00:00+00:00,35485.0,36185.52
2019-04-20 02:00:00+00:00,36311.0,35781.824
2019-04-20 03:00:00+00:00,37734.0,37696.727
2019-04-20 04:00:00+00:00,38895.0,38129.305
2019-04-20 05:00:00+00:00,42167.0,42010.746
2019-04-20 06:00:00+00:00,45889.0,46377.414
2019-04-20 07:00:00+00:00,48811.0,48833.574
2019-04-20 08:00:00+00:00,49480.0,50842.336
2019-04-20 09:00:00+00:00,49923.0,50656.992
2019-04-20 10:00:00+00:00,49645.0,48919.094
2019-04-20 11:00:00+00:00,48420.0,48119.316
2019-04-20 12:00:00+00:00,47051.0,47063.82
2019-04-20 13:00:00+00:00,45868.0,46101.668
2019-04-20 14:00:00+00:00,44989.0,45654.586
2019-04-20 15:00:00+00:00,46140.0,45599.387
2019-04-20 16:00:00+00:00,47024.0,47350.96
2019-04-20 17:00:00+00:00,47210.0,47464.16
2019-04-20 18:00:00+00:00,46505.0,47868.086
2019-04-20 19:00:00+00:00,45850.0,46197.133
2019-04-20 20:00:00+00:00,43386.0,43677.96
2019-04-20 21:00:00+00:00,40428.0,40664.754
2019-04-20 22:00:00+00:00,37149.0,38358.926
2019-04-20 23:00:00+00:00,34763.0,35347.297
2019-04-21 00:00:00+00:00,33809.0,33473.965
2019-04-21 01:00:00+00:00,33295.0,33396.18
2019-04-21 02:00:00+00:00,33917.0,33102.816
2019-04-21 03:00:00+00:00,34429.0,34934.45
2019-04-21 04:00:00+00:00,34526.0,33647.117
2019-04-21 05:00:00+00:00,36578.0,36776.516
2019-04-21 06:00:00+00:00,40236.0,40482.652
2019-04-21 07:00:00+00:00,42850.0,43513.824
2019-04-21 08:00:00+00:00,43794.0,45113.535
2019-04-21 09:00:00+00:00,44666.0,45573.727
2019-04-21 10:00:00+00:00,43869.0,43328.71
2019-04-21 11:00:00+00:00,42083.0,42128.543
2019-04-21 12:00:00+00:00,40417.0,40580.434
2019-04-21 13:00:00+00:00,39231.0,39516.754
2019-04-21 14:00:00+00:00,38932.0,38960.195
2019-04-21 15:00:00+00:00,39878.0,39850.254
2019-04-21 16:00:00+00:00,41250.0,41779.246
2019-04-21 17:00:00+00:00,42516.0,42074.734
2019-04-21 18:00:00+00:00,43520.0,43347.26
2019-04-21 19:00:00+00:00,43583.0,44255.57
2019-04-21 20:00:00+00:00,41375.0,42187.203
2019-04-21 21:00:00+00:00,38372.0,37672.883
2019-04-21 22:00:00+00:00,35745.0,35743.047
2019-04-21 23:00:00+00:00,34390.0,33902.54
2019-04-22 00:00:00+00:00,33733.0,34056.113
2019-04-22 01:00:00+00:00,33577.0,33925.3
2019-04-22 02:00:00+00:00,34224.0,33081.523
2019-04-22 03:00:00+00:00,34752.0,35816.516
2019-04-22 04:00:00+00:00,35351.0,34441.09
2019-04-22 05:00:00+00:00,37583.0,37306.58
2019-04-22 06:00:00+00:00,40898.0,41563.97
2019-04-22 07:00:00+00:00,43662.0,44076.996
2019-04-22 08:00:00+00:00,45937.0,45854.316
2019-04-22 09:00:00+00:00,48221.0,47379.305
2019-04-22 10:00:00+00:00,47932.0,46775.14
2019-04-22 11:00:00+00:00,46393.0,46409.492
2019-04-22 12:00:00+00:00,45143.0,45278.426
2019-04-22 13:00:00+00:00,44730.0,44792.305
2019-04-22 14:00:00+00:00,44900.0,45312.89
2019-04-22 15:00:00+00:00,44032.0,46430.3
2019-04-22 16:00:00+00:00,44706.0,44310.156
2019-04-22 17:00:00+00:00,44731.0,45226.453
2019-04-22 18:00:00+00:00,46823.0,45766.316
2019-04-22 19:00:00+00:00,47480.0,45304.645
2019-04-22 20:00:00+00:00,45917.0,44997.254
2019-04-22 21:00:00+00:00,43274.0,42692.75
2019-04-22 22:00:00+00:00,40355.0,40811.844
2019-04-22 23:00:00+00:00,38812.0,38561.203
2019-04-23 00:00:00+00:00,38110.0,38021.24
2019-04-23 01:00:00+00:00,38259.0,38283.46
2019-04-23 02:00:00+00:00,40006.0,39557.805
2019-04-23 03:00:00+00:00,44430.0,44717.97
2019-04-23 04:00:00+00:00,52952.0,53016.58
2019-04-23 05:00:00+00:00,59647.0,59925.152
2019-04-23 06:00:00+00:00,63472.0,63748.383
2019-04-23 07:00:00+00:00,64733.0,64728.8
2019-04-23 08:00:00+00:00,65955.0,66468.29
2019-04-23 09:00:00+00:00,67207.0,67684.42
2019-04-23 10:00:00+00:00,67193.0,67076.27
2019-04-23 11:00:00+00:00,67206.0,66893.12
2019-04-23 12:00:00+00:00,65756.0,66168.98
2019-04-23 13:00:00+00:00,64490.0,64612.465
2019-04-23 14:00:00+00:00,63600.0,62902.785
2019-04-23 15:00:00+00:00,62203.0,63005.844
2019-04-23 16:00:00+00:00,62754.0,61857.45
2019-04-23 17:00:00+00:00,62070.0,62865.65
2019-04-23 18:00:00+00:00,60587.0,60199.996
2019-04-23 19:00:00+00:00,58459.0,58529.754
2019-04-23 20:00:00+00:00,54244.0,54972.016
2019-04-23 21:00:00+00:00,49875.0,49579.24
2019-04-23 22:00:00+00:00,46814.0,46744.703
2019-04-23 23:00:00+00:00,45179.0,45036.742
2019-04-24 00:00:00+00:00,44215.0,44390.53
2019-04-24 01:00:00+00:00,44778.0,44520.195
2019-04-24 02:00:00+00:00,45879.0,46388.37
2019-04-24 03:00:00+00:00,49221.0,49343.742
2019-04-24 04:00:00+00:00,55420.0,56452.055
2019-04-24 05:00:00+00:00,61443.0,60633.95
2019-04-24 06:00:00+00:00,63877.0,64581.777
2019-04-24 07:00:00+00:00,64479.0,65022.902
2019-04-24 08:00:00+00:00,66053.0,66059.85
2019-04-24 09:00:00+00:00,66709.0,67359.56
2019-04-24 10:00:00+00:00,66029.0,66122.47
2019-04-24 11:00:00+00:00,65668.0,65396.184
2019-04-24 12:00:00+00:00,64644.0,64583.605
2019-04-24 13:00:00+00:00,63414.0,63456.316
2019-04-24 14:00:00+00:00,61757.0,62145.625
2019-04-24 15:00:00+00:00,61296.0,61381.297
2019-04-24 16:00:00+00:00,61891.0,60978.598
2019-04-24 17:00:00+00:00,62081.0,61735.29
2019-04-24 18:00:00+00:00,60826.0,61008.547
2019-04-24 19:00:00+00:00,59584.0,58195.793
2019-04-24 20:00:00+00:00,55049.0,56163.992
2019-04-24 21:00:00+00:00,50892.0,50329.668
2019-04-24 22:00:00+00:00,47672.0,47668.867
2019-04-24 23:00:00+00:00,45412.0,45659.605
2019-04-25 00:00:00+00:00,43747.0,44379.074
2019-04-25 01:00:00+00:00,43769.0,43625.094
2019-04-25 02:00:00+00:00,45554.0,44562.484
2019-04-25 03:00:00+00:00,49353.0,49469.81
2019-04-25 04:00:00+00:00,56128.0,56832.547
2019-04-25 05:00:00+00:00,61657.0,61249.473
2019-04-25 06:00:00+00:00,64947.0,65186.215
2019-04-25 07:00:00+00:00,65820.0,66243.93
2019-04-25 08:00:00+00:00,66445.0,67138.33
2019-04-25 09:00:00+00:00,67547.0,67903.69
2019-04-25 10:00:00+00:00,67238.0,67510.86
2019-04-25 11:00:00+00:00,65556.0,66766.75
2019-04-25 12:00:00+00:00,64287.0,64518.266
2019-04-25 13:00:00+00:00,63463.0,63328.984
2019-04-25 14:00:00+00:00,62644.0,62221.86
2019-04-25 15:00:00+00:00,62516.0,62189.37
2019-04-25 16:00:00+00:00,61547.0,62271.254
2019-04-25 17:00:00+00:00,61340.0,60690.09
2019-04-25 18:00:00+00:00,60072.0,60317.39
2019-04-25 19:00:00+00:00,59206.0,57715.08
2019-04-25 20:00:00+00:00,55704.0,55748.164
2019-04-25 21:00:00+00:00,51336.0,51007.47
2019-04-25 22:00:00+00:00,48756.0,47857.17
2019-04-25 23:00:00+00:00,46016.0,46869.066
2019-04-26 00:00:00+00:00,44616.0,44712.656
2019-04-26 01:00:00+00:00,44841.0,44603.312
2019-04-26 02:00:00+00:00,46326.0,45732.367
2019-04-26 03:00:00+00:00,49616.0,49767.293
2019-04-26 04:00:00+00:00,56369.0,56430.355
2019-04-26 05:00:00+00:00,61896.0,61931.754
2019-04-26 06:00:00+00:00,65351.0,65384.227
2019-04-26 07:00:00+00:00,66807.0,66675.54
2019-04-26 08:00:00+00:00,68160.0,68262.09
2019-04-26 09:00:00+00:00,69037.0,69660.07
2019-04-26 10:00:00+00:00,67592.0,68885.43
2019-04-26 11:00:00+00:00,65010.0,67230.2
2019-04-26 12:00:00+00:00,63521.0,63926.055
2019-04-26 13:00:00+00:00,61711.0,62718.3
2019-04-26 14:00:00+00:00,60433.0,60662.99
2019-04-26 15:00:00+00:00,60898.0,60162.953
2019-04-26 16:00:00+00:00,60701.0,60772.824
2019-04-26 17:00:00+00:00,60926.0,60050.125
2019-04-26 18:00:00+00:00,58899.0,59119.227
2019-04-26 19:00:00+00:00,56585.0,56088.902
2019-04-26 20:00:00+00:00,53313.0,53734.094
2019-04-26 21:00:00+00:00,49384.0,49093.984
2019-04-26 22:00:00+00:00,45365.0,45839.48
2019-04-26 23:00:00+00:00,43260.0,42961.39
2019-04-27 00:00:00+00:00,42115.0,42061.332
2019-04-27 01:00:00+00:00,42064.0,41988.25
2019-04-27 02:00:00+00:00,42425.0,42758.457
2019-04-27 03:00:00+00:00,42488.0,42912.562
2019-04-27 04:00:00+00:00,42914.0,42417.395
2019-04-27 05:00:00+00:00,46503.0,45961.348
2019-04-27 06:00:00+00:00,50148.0,50892.285
2019-04-27 07:00:00+00:00,52690.0,53242.844
2019-04-27 08:00:00+00:00,54913.0,54203.957
2019-04-27 09:00:00+00:00,55467.0,55768.965
2019-04-27 10:00:00+00:00,54948.0,54479.684
2019-04-27 11:00:00+00:00,53309.0,53367.367
2019-04-27 12:00:00+00:00,51299.0,51720.88
2019-04-27 13:00:00+00:00,50934.0,50247.977
2019-04-27 14:00:00+00:00,50554.0,50776.707
2019-04-27 15:00:00+00:00,51611.0,51000.754
2019-04-27 16:00:00+00:00,52678.0,52514.53
2019-04-27 17:00:00+00:00,51899.0,52227.484
2019-04-27 18:00:00+00:00,50936.0,50083.242
2019-04-27 19:00:00+00:00,49766.0,49371.13
2019-04-27 20:00:00+00:00,47666.0,48055.22
2019-04-27 21:00:00+00:00,43590.0,44136.527
2019-04-27 22:00:00+00:00,41191.0,40081.39
2019-04-27 23:00:00+00:00,39474.0,39181.11
2019-04-28 00:00:00+00:00,38170.0,38499.555
2019-04-28 01:00:00+00:00,37997.0,38181.74
2019-04-28 02:00:00+00:00,38242.0,38083.934
2019-04-28 03:00:00+00:00,38328.0,38865.55
2019-04-28 04:00:00+00:00,38721.0,36994.44
2019-04-28 05:00:00+00:00,40817.0,41472.957
2019-04-28 06:00:00+00:00,43683.0,44737.85
2019-04-28 07:00:00+00:00,46767.0,46667.17
2019-04-28 08:00:00+00:00,48593.0,49180.047
2019-04-28 09:00:00+00:00,50597.0,50631.426
2019-04-28 10:00:00+00:00,50914.0,50194.605
2019-04-28 11:00:00+00:00,49299.0,49180.492
2019-04-28 12:00:00+00:00,48180.0,47701.484
2019-04-28 13:00:00+00:00,46781.0,47289.297
2019-04-28 14:00:00+00:00,45878.0,46455.598
2019-04-28 15:00:00+00:00,46715.0,46766.098
2019-04-28 16:00:00+00:00,48449.0,48373.77
2019-04-28 17:00:00+00:00,49345.0,50053.535
2019-04-28 18:00:00+00:00,49553.0,50128.047
2019-04-28 19:00:00+00:00,50416.0,48601.637
2019-04-28 20:00:00+00:00,49385.0,49214.62
2019-04-28 21:00:00+00:00,46178.0,46312.957
2019-04-28 22:00:00+00:00,43769.0,43077.293
2019-04-28 23:00:00+00:00,42294.0,41878.652
2019-04-29 00:00:00+00:00,42197.0,41433.57
2019-04-29 01:00:00+00:00,43048.0,42830.516
2019-04-29 02:00:00+00:00,44545.0,45199.242
2019-04-29 03:00:00+00:00,48618.0,48987.863
2019-04-29 04:00:00+00:00,56322.0,56002.98
2019-04-29 05:00:00+00:00,61957.0,62427.45
2019-04-29 06:00:00+00:00,64572.0,65432.215
2019-04-29 07:00:00+00:00,64949.0,65839.93
2019-04-29 08:00:00+00:00,66040.0,66713.76
2019-04-29 09:00:00+00:00,67473.0,67165.33
2019-04-29 10:00:00+00:00,67886.0,66992.27
2019-04-29 11:00:00+00:00,67227.0,67456.64
2019-04-29 12:00:00+00:00,65950.0,66234.75
2019-04-29 13:00:00+00:00,65394.0,64843.574
2019-04-29 14:00:00+00:00,63819.0,64005.508
2019-04-29 15:00:00+00:00,63388.0,63131.83
2019-04-29 16:00:00+00:00,63575.0,63620.74
2019-04-29 17:00:00+00:00,63262.0,63749.887
2019-04-29 18:00:00+00:00,61353.0,61737.594
2019-04-29 19:00:00+00:00,59395.0,58924.62
2019-04-29 20:00:00+00:00,56074.0,55781.29
2019-04-29 21:00:00+00:00,51715.0,51681.426
2019-04-29 22:00:00+00:00,48310.0,48528.01
2019-04-29 23:00:00+00:00,46774.0,46381.707
2019-04-30 00:00:00+00:00,45969.0,46024.793
2019-04-30 01:00:00+00:00,46501.0,46362.88
2019-04-30 02:00:00+00:00,48191.0,48070.156
2019-04-30 03:00:00+00:00,51047.0,52411.105
2019-04-30 04:00:00+00:00,57385.0,57910.258
2019-04-30 05:00:00+00:00,62624.0,62835.887
2019-04-30 06:00:00+00:00,65169.0,65375.367
2019-04-30 07:00:00+00:00,65333.0,66314.836
2019-04-30 08:00:00+00:00,65607.0,66800.5
2019-04-30 09:00:00+00:00,65904.0,66570.5
2019-04-30 10:00:00+00:00,65871.0,65344.316
2019-04-30 11:00:00+00:00,64911.0,65190.04
2019-04-30 12:00:00+00:00,62970.0,63774.47
2019-04-30 13:00:00+00:00,61840.0,61875.734
2019-04-30 14:00:00+00:00,60027.0,60873.098
2019-04-30 15:00:00+00:00,59327.0,59669.14
2019-04-30 16:00:00+00:00,58847.0,59164.11
2019-04-30 17:00:00+00:00,58780.0,58197.523
2019-04-30 18:00:00+00:00,57210.0,58341.02
2019-04-30 19:00:00+00:00,55879.0,55491.555
2019-04-30 20:00:00+00:00,52277.0,53228.098
2019-04-30 21:00:00+00:00,48529.0,48115.02
2019-04-30 22:00:00+00:00,45045.0,45308.75
2019-04-30 23:00:00+00:00,42773.0,42700.387
2019-05-01 00:00:00+00:00,40989.0,41641.867
2019-05-01 01:00:00+00:00,40708.0,40549.1
2019-05-01 02:00:00+00:00,40730.0,40748.4
2019-05-01 03:00:00+00:00,40033.0,40911.895
2019-05-01 04:00:00+00:00,38611.0,38771.65
2019-05-01 05:00:00+00:00,40392.0,40370.31
2019-05-01 06:00:00+00:00,44289.0,44377.004
2019-05-01 07:00:00+00:00,47231.0,47856.18
2019-05-01 08:00:00+00:00,49327.0,49251.15
2019-05-01 09:00:00+00:00,50843.0,51118.375
2019-05-01 10:00:00+00:00,49428.0,50724.023
2019-05-01 11:00:00+00:00,47222.0,47784.414
2019-05-01 12:00:00+00:00,45680.0,45962.65
2019-05-01 13:00:00+00:00,45618.0,44876.24
2019-05-01 14:00:00+00:00,45012.0,45093.86
2019-05-01 15:00:00+00:00,45552.0,45524.27
2019-05-01 16:00:00+00:00,46752.0,46452.34
2019-05-01 17:00:00+00:00,47995.0,47385.332
2019-05-01 18:00:00+00:00,47985.0,47887.016
2019-05-01 19:00:00+00:00,47861.0,47363.156
2019-05-01 20:00:00+00:00,47283.0,46390.03
2019-05-01 21:00:00+00:00,43566.0,44058.383
2019-05-01 22:00:00+00:00,41007.0,40182.203
2019-05-01 23:00:00+00:00,39841.0,39233.21
2019-05-02 00:00:00+00:00,39803.0,39523.613
2019-05-02 01:00:00+00:00,40439.0,40755.266
2019-05-02 02:00:00+00:00,42587.0,42303.324
2019-05-02 03:00:00+00:00,46979.0,47036.805
2019-05-02 04:00:00+00:00,55297.0,54477.312
2019-05-02 05:00:00+00:00,61404.0,61663.934
2019-05-02 06:00:00+00:00,64073.0,64264.234
2019-05-02 07:00:00+00:00,65010.0,65197.805
2019-05-02 08:00:00+00:00,65756.0,66767.53
2019-05-02 09:00:00+00:00,66664.0,66898.35
2019-05-02 10:00:00+00:00,66149.0,66237.12
2019-05-02 11:00:00+00:00,65493.0,65691.31
2019-05-02 12:00:00+00:00,64654.0,64435.36
2019-05-02 13:00:00+00:00,64440.0,63429.598
2019-05-02 14:00:00+00:00,63433.0,63065.57
2019-05-02 15:00:00+00:00,63377.0,62995.11
2019-05-02 16:00:00+00:00,63194.0,63357.54
2019-05-02 17:00:00+00:00,62346.0,62864.535
2019-05-02 18:00:00+00:00,60182.0,60969.195
2019-05-02 19:00:00+00:00,58811.0,58161.58
2019-05-02 20:00:00+00:00,55559.0,54974.11
2019-05-02 21:00:00+00:00,51545.0,51062.945
2019-05-02 22:00:00+00:00,47971.0,48420.96
2019-05-02 23:00:00+00:00,46245.0,45974.742
2019-05-03 00:00:00+00:00,45147.0,45439.316
2019-05-03 01:00:00+00:00,45288.0,45255.387
2019-05-03 02:00:00+00:00,46835.0,46421.84
2019-05-03 03:00:00+00:00,50067.0,50562.547
2019-05-03 04:00:00+00:00,57367.0,58156.07
2019-05-03 05:00:00+00:00,62177.0,63371.965
2019-05-03 06:00:00+00:00,64660.0,64971.57
2019-05-03 07:00:00+00:00,66549.0,65831.15
2019-05-03 08:00:00+00:00,67276.0,68404.74
2019-05-03 09:00:00+00:00,67585.0,68324.03
2019-05-03 10:00:00+00:00,66380.0,67279.62
2019-05-03 11:00:00+00:00,65178.0,65835.84
2019-05-03 12:00:00+00:00,63602.0,64096.95
2019-05-03 13:00:00+00:00,62863.0,62610.734
2019-05-03 14:00:00+00:00,61854.0,61798.566
2019-05-03 15:00:00+00:00,61855.0,61384.418
2019-05-03 16:00:00+00:00,61329.0,61377.004
2019-05-03 17:00:00+00:00,60617.0,60275.145
2019-05-03 18:00:00+00:00,58661.0,58815.51
2019-05-03 19:00:00+00:00,56811.0,56306.05
2019-05-03 20:00:00+00:00,54198.0,53694.44
2019-05-03 21:00:00+00:00,50241.0,50020.445
2019-05-03 22:00:00+00:00,46505.0,47010.992
2019-05-03 23:00:00+00:00,44206.0,44368.176
2019-05-04 00:00:00+00:00,43047.0,43138.883
2019-05-04 01:00:00+00:00,42586.0,42970.613
2019-05-04 02:00:00+00:00,43451.0,42778.504
2019-05-04 03:00:00+00:00,43390.0,44581.902
2019-05-04 04:00:00+00:00,44545.0,44160.1
2019-05-04 05:00:00+00:00,47395.0,48548.824
2019-05-04 06:00:00+00:00,51925.0,51553.832
2019-05-04 07:00:00+00:00,54963.0,54985.34
2019-05-04 08:00:00+00:00,57160.0,56511.82
2019-05-04 09:00:00+00:00,57516.0,58321.664
2019-05-04 10:00:00+00:00,56916.0,56791.113
2019-05-04 11:00:00+00:00,55706.0,55453.684
2019-05-04 12:00:00+00:00,54246.0,54366.734
2019-05-04 13:00:00+00:00,53218.0,53254.008
2019-05-04 14:00:00+00:00,52408.0,52708.035
2019-05-04 15:00:00+00:00,52856.0,52571.465
2019-05-04 16:00:00+00:00,53294.0,53240.16
2019-05-04 17:00:00+00:00,52521.0,52790.465
2019-05-04 18:00:00+00:00,50652.0,50718.03
2019-05-04 19:00:00+00:00,49982.0,49080.35
2019-05-04 20:00:00+00:00,48707.0,48550.156
2019-05-04 21:00:00+00:00,45786.0,45325.312
2019-05-04 22:00:00+00:00,42640.0,42518.402
2019-05-04 23:00:00+00:00,40691.0,39974.215
2019-05-05 00:00:00+00:00,39822.0,39226.004
2019-05-05 01:00:00+00:00,39619.0,39539.39
2019-05-05 02:00:00+00:00,39438.0,39945.67
2019-05-05 03:00:00+00:00,39168.0,38753.902
2019-05-05 04:00:00+00:00,38765.0,39874.61
2019-05-05 05:00:00+00:00,40821.0,40827.008
2019-05-05 06:00:00+00:00,44131.0,44570.758
2019-05-05 07:00:00+00:00,47162.0,47265.098
2019-05-05 08:00:00+00:00,50054.0,49470.438
2019-05-05 09:00:00+00:00,52365.0,52517.83
2019-05-05 10:00:00+00:00,52425.0,52305.562
2019-05-05 11:00:00+00:00,50001.0,50753.125
2019-05-05 12:00:00+00:00,47914.0,48257.38
2019-05-05 13:00:00+00:00,47475.0,46938.066
2019-05-05 14:00:00+00:00,47754.0,47777.89
2019-05-05 15:00:00+00:00,49082.0,49482.105
2019-05-05 16:00:00+00:00,50124.0,50377.45
2019-05-05 17:00:00+00:00,50392.0,50621.035
2019-05-05 18:00:00+00:00,50296.0,50032.113
2019-05-05 19:00:00+00:00,51197.0,49167.37
2019-05-05 20:00:00+00:00,51027.0,50691.438
2019-05-05 21:00:00+00:00,47669.0,47832.863
2019-05-05 22:00:00+00:00,44759.0,44485.13
2019-05-05 23:00:00+00:00,43156.0,42983.945
2019-05-06 00:00:00+00:00,43109.0,42600.633
2019-05-06 01:00:00+00:00,43958.0,43790.977
2019-05-06 02:00:00+00:00,45963.0,46129.863
2019-05-06 03:00:00+00:00,50415.0,50973.227
2019-05-06 04:00:00+00:00,57589.0,58887.293
2019-05-06 05:00:00+00:00,63259.0,62693.434
2019-05-06 06:00:00+00:00,66102.0,66484.46
2019-05-06 07:00:00+00:00,66118.0,67494.89
2019-05-06 08:00:00+00:00,68293.0,67646.52
2019-05-06 09:00:00+00:00,70321.0,69306.35
2019-05-06 10:00:00+00:00,69448.0,69779.125
2019-05-06 11:00:00+00:00,68155.0,69068.305
2019-05-06 12:00:00+00:00,66763.0,67196.57
2019-05-06 13:00:00+00:00,66015.0,65763.77
2019-05-06 14:00:00+00:00,64616.0,64267.207
2019-05-06 15:00:00+00:00,64828.0,64210.41
2019-05-06 16:00:00+00:00,64780.0,65266.55
2019-05-06 17:00:00+00:00,64251.0,64627.766
2019-05-06 18:00:00+00:00,62349.0,62247.227
2019-05-06 19:00:00+00:00,60077.0,59979.89
2019-05-06 20:00:00+00:00,56456.0,56385.953
2019-05-06 21:00:00+00:00,52687.0,51997.195
2019-05-06 22:00:00+00:00,49848.0,49715.902
2019-05-06 23:00:00+00:00,48176.0,48074.938
2019-05-07 00:00:00+00:00,47415.0,47458.883
2019-05-07 01:00:00+00:00,48365.0,47864.152
2019-05-07 02:00:00+00:00,49838.0,50134.625
2019-05-07 03:00:00+00:00,52930.0,53452.62
2019-05-07 04:00:00+00:00,59190.0,59150.848
2019-05-07 05:00:00+00:00,63886.0,64321.113
2019-05-07 06:00:00+00:00,66242.0,66240.82
2019-05-07 07:00:00+00:00,66592.0,67318.8
2019-05-07 08:00:00+00:00,66805.0,68057.3
2019-05-07 09:00:00+00:00,68502.0,67386.35
2019-05-07 10:00:00+00:00,68086.0,68145.63
2019-05-07 11:00:00+00:00,67432.0,67352.05
2019-05-07 12:00:00+00:00,66106.0,66424.8
2019-05-07 13:00:00+00:00,65014.0,65049.36
2019-05-07 14:00:00+00:00,63361.0,63966.406
2019-05-07 15:00:00+00:00,62887.0,63159.99
2019-05-07 16:00:00+00:00,62281.0,62890.098
2019-05-07 17:00:00+00:00,61962.0,61915.426
2019-05-07 18:00:00+00:00,60962.0,61088.73
2019-05-07 19:00:00+00:00,59300.0,58921.582
2019-05-07 20:00:00+00:00,55746.0,56364.203
2019-05-07 21:00:00+00:00,51827.0,51561.93
2019-05-07 22:00:00+00:00,48512.0,48617.805
2019-05-07 23:00:00+00:00,46506.0,46441.848
2019-05-08 00:00:00+00:00,45843.0,45680.79
2019-05-08 01:00:00+00:00,46565.0,46191.918
2019-05-08 02:00:00+00:00,48576.0,48281.336
2019-05-08 03:00:00+00:00,51611.0,53442.863
2019-05-08 04:00:00+00:00,58059.0,57815.902
2019-05-08 05:00:00+00:00,63508.0,63457.137
2019-05-08 06:00:00+00:00,66012.0,66177.27
2019-05-08 07:00:00+00:00,66074.0,67125.1
2019-05-08 08:00:00+00:00,67099.0,67561.625
2019-05-08 09:00:00+00:00,68922.0,68150.11
2019-05-08 10:00:00+00:00,68998.0,68552.93
2019-05-08 11:00:00+00:00,68362.0,68503.234
2019-05-08 12:00:00+00:00,67805.0,67337.86
2019-05-08 13:00:00+00:00,67618.0,66701.555
2019-05-08 14:00:00+00:00,65896.0,66175.086
2019-05-08 15:00:00+00:00,65679.0,65317.125
2019-05-08 16:00:00+00:00,65285.0,65658.586
2019-05-08 17:00:00+00:00,65037.0,64783.406
2019-05-08 18:00:00+00:00,62534.0,63667.543
2019-05-08 19:00:00+00:00,60082.0,60069.402
2019-05-08 20:00:00+00:00,57256.0,57068.934
2019-05-08 21:00:00+00:00,52524.0,53004.38
2019-05-08 22:00:00+00:00,49448.0,49059.207
2019-05-08 23:00:00+00:00,46823.0,47667.68
2019-05-09 00:00:00+00:00,46359.0,45779.6
2019-05-09 01:00:00+00:00,46342.0,46906.43
2019-05-09 02:00:00+00:00,47819.0,47411.184
2019-05-09 03:00:00+00:00,51400.0,51472.81
2019-05-09 04:00:00+00:00,58087.0,60002.434
2019-05-09 05:00:00+00:00,63301.0,63714.906
2019-05-09 06:00:00+00:00,66125.0,66097.836
2019-05-09 07:00:00+00:00,66591.0,67294.82
2019-05-09 08:00:00+00:00,67945.0,68104.4
2019-05-09 09:00:00+00:00,68800.0,69191.71
2019-05-09 10:00:00+00:00,67861.0,68466.32
2019-05-09 11:00:00+00:00,67604.0,67289.164
2019-05-09 12:00:00+00:00,66573.0,66572.36
2019-05-09 13:00:00+00:00,65864.0,65558.86
2019-05-09 14:00:00+00:00,63770.0,64623.785
2019-05-09 15:00:00+00:00,63379.0,63469.457
2019-05-09 16:00:00+00:00,63131.0,63333.273
2019-05-09 17:00:00+00:00,62697.0,63178.96
2019-05-09 18:00:00+00:00,61522.0,61695.49
2019-05-09 19:00:00+00:00,59757.0,59623.305
2019-05-09 20:00:00+00:00,56543.0,56546.543
2019-05-09 21:00:00+00:00,52246.0,52223.67
2019-05-09 22:00:00+00:00,48181.0,48826.613
2019-05-09 23:00:00+00:00,46430.0,45979.1
2019-05-10 00:00:00+00:00,46049.0,45620.164
2019-05-10 01:00:00+00:00,46063.0,46598.766
2019-05-10 02:00:00+00:00,48176.0,47340.555
2019-05-10 03:00:00+00:00,51347.0,52645.688
2019-05-10 04:00:00+00:00,57507.0,58225.27
2019-05-10 05:00:00+00:00,63923.0,62939.18
2019-05-10 06:00:00+00:00,66330.0,66870.484
2019-05-10 07:00:00+00:00,66452.0,67368.31
2019-05-10 08:00:00+00:00,68363.0,67881.09
2019-05-10 09:00:00+00:00,69022.0,69681.65
2019-05-10 10:00:00+00:00,68142.0,68523.805
2019-05-10 11:00:00+00:00,66523.0,67635.484
2019-05-10 12:00:00+00:00,64343.0,65368.367
2019-05-10 13:00:00+00:00,62597.0,63419.508
2019-05-10 14:00:00+00:00,61970.0,61531.613
2019-05-10 15:00:00+00:00,61515.0,61850.465
2019-05-10 16:00:00+00:00,60554.0,61223.344
2019-05-10 17:00:00+00:00,60469.0,59840.12
2019-05-10 18:00:00+00:00,58660.0,59385.605
2019-05-10 19:00:00+00:00,57068.0,56672.72
2019-05-10 20:00:00+00:00,54146.0,54273.76
2019-05-10 21:00:00+00:00,50442.0,49890.547
2019-05-10 22:00:00+00:00,46781.0,47079.062
2019-05-10 23:00:00+00:00,44025.0,44455.535
2019-05-11 00:00:00+00:00,42607.0,42690.82
2019-05-11 01:00:00+00:00,42285.0,42332.812
2019-05-11 02:00:00+00:00,42653.0,42587.473
2019-05-11 03:00:00+00:00,42996.0,43017.344
2019-05-11 04:00:00+00:00,43919.0,43780.836
2019-05-11 05:00:00+00:00,47486.0,47401.887
2019-05-11 06:00:00+00:00,51309.0,51968.414
2019-05-11 07:00:00+00:00,53635.0,54624.45
2019-05-11 08:00:00+00:00,55752.0,55069.793
2019-05-11 09:00:00+00:00,56675.0,56909.566
2019-05-11 10:00:00+00:00,56106.0,56228.832
2019-05-11 11:00:00+00:00,54351.0,54617.645
2019-05-11 12:00:00+00:00,52218.0,52761.348
2019-05-11 13:00:00+00:00,52234.0,51078.29
2019-05-11 14:00:00+00:00,51543.0,51831.188
2019-05-11 15:00:00+00:00,51986.0,51413.188
2019-05-11 16:00:00+00:00,52817.0,52477.25
2019-05-11 17:00:00+00:00,52724.0,52469.8
2019-05-11 18:00:00+00:00,51312.0,51066.336
2019-05-11 19:00:00+00:00,50381.0,49504.266
2019-05-11 20:00:00+00:00,49005.0,48798.383
2019-05-11 21:00:00+00:00,46067.0,45467.457
2019-05-11 22:00:00+00:00,42593.0,42786.12
2019-05-11 23:00:00+00:00,40744.0,40160.918
2019-05-12 00:00:00+00:00,39948.0,39631.094
2019-05-12 01:00:00+00:00,39660.0,39853.664
2019-05-12 02:00:00+00:00,39791.0,40041.348
2019-05-12 03:00:00+00:00,39540.0,39391.07
2019-05-12 04:00:00+00:00,39458.0,39407.082
2019-05-12 05:00:00+00:00,41386.0,41868.99
2019-05-12 06:00:00+00:00,44826.0,45205.414
2019-05-12 07:00:00+00:00,47662.0,48044.21
2019-05-12 08:00:00+00:00,49270.0,49933.594
2019-05-12 09:00:00+00:00,50579.0,51375.996
2019-05-12 10:00:00+00:00,50499.0,50376.47
2019-05-12 11:00:00+00:00,48178.0,48945.844
2019-05-12 12:00:00+00:00,46895.0,46530.62
2019-05-12 13:00:00+00:00,46016.0,46120.58
2019-05-12 14:00:00+00:00,45682.0,45858.113
2019-05-12 15:00:00+00:00,46624.0,46849.746
2019-05-12 16:00:00+00:00,48297.0,48034.363
2019-05-12 17:00:00+00:00,49241.0,49316.76
2019-05-12 18:00:00+00:00,48774.0,49475.05
2019-05-12 19:00:00+00:00,49120.0,48109.875
2019-05-12 20:00:00+00:00,48890.0,48515.137
2019-05-12 21:00:00+00:00,45284.0,45717.11
2019-05-12 22:00:00+00:00,43262.0,42104.586
2019-05-12 23:00:00+00:00,41948.0,41755.09
2019-05-13 00:00:00+00:00,41257.0,41514.793
2019-05-13 01:00:00+00:00,42080.0,41927.902
2019-05-13 02:00:00+00:00,44263.0,44046.445
2019-05-13 03:00:00+00:00,47962.0,49304.777
2019-05-13 04:00:00+00:00,55753.0,54730.76
2019-05-13 05:00:00+00:00,61270.0,61875.33
2019-05-13 06:00:00+00:00,64280.0,64444.574
2019-05-13 07:00:00+00:00,64692.0,65613.27
2019-05-13 08:00:00+00:00,65852.0,66386.53
2019-05-13 09:00:00+00:00,67354.0,67144.836
2019-05-13 10:00:00+00:00,66603.0,67008.16
2019-05-13 11:00:00+00:00,65450.0,66141.04
2019-05-13 12:00:00+00:00,64087.0,64458.805
2019-05-13 13:00:00+00:00,63075.0,63009.426
2019-05-13 14:00:00+00:00,61903.0,61573.895
2019-05-13 15:00:00+00:00,61662.0,61472.59
2019-05-13 16:00:00+00:00,61505.0,61701.875
2019-05-13 17:00:00+00:00,61167.0,61268.88
2019-05-13 18:00:00+00:00,59959.0,59926.89
2019-05-13 19:00:00+00:00,58305.0,57847.332
2019-05-13 20:00:00+00:00,55383.0,54358.938
2019-05-13 21:00:00+00:00,50308.0,51168.617
2019-05-13 22:00:00+00:00,47583.0,46920.516
2019-05-13 23:00:00+00:00,45801.0,45821.566
2019-05-14 00:00:00+00:00,45032.0,44830.805
2019-05-14 01:00:00+00:00,45533.0,45510.188
2019-05-14 02:00:00+00:00,47666.0,46991.83
2019-05-14 03:00:00+00:00,50745.0,52445.863
2019-05-14 04:00:00+00:00,57502.0,57205.81
2019-05-14 05:00:00+00:00,62989.0,63012.727
2019-05-14 06:00:00+00:00,65478.0,65684.02
2019-05-14 07:00:00+00:00,66200.0,66569.73
2019-05-14 08:00:00+00:00,67475.0,67799.2
2019-05-14 09:00:00+00:00,68844.0,68560.43
2019-05-14 10:00:00+00:00,67367.0,68447.67
2019-05-14 11:00:00+00:00,66347.0,66782.5
2019-05-14 12:00:00+00:00,65096.0,65258.37
2019-05-14 13:00:00+00:00,64479.0,64058.65
2019-05-14 14:00:00+00:00,62873.0,63193.355
2019-05-14 15:00:00+00:00,62424.0,62456.4
2019-05-14 16:00:00+00:00,62511.0,62156.363
2019-05-14 17:00:00+00:00,62406.0,61926.785
2019-05-14 18:00:00+00:00,61172.0,60894.57
2019-05-14 19:00:00+00:00,59170.0,58743.832
2019-05-14 20:00:00+00:00,55997.0,55655.684
2019-05-14 21:00:00+00:00,51726.0,51729.332
2019-05-14 22:00:00+00:00,48608.0,48408.766
2019-05-14 23:00:00+00:00,46550.0,46727.04
2019-05-15 00:00:00+00:00,45856.0,45631.48
2019-05-15 01:00:00+00:00,46453.0,46308.734
2019-05-15 02:00:00+00:00,48125.0,47966.34
2019-05-15 03:00:00+00:00,51149.0,52123.84
2019-05-15 04:00:00+00:00,58060.0,57594.383
2019-05-15 05:00:00+00:00,63308.0,63604.066
2019-05-15 06:00:00+00:00,65788.0,66121.0
2019-05-15 07:00:00+00:00,66201.0,66832.89
2019-05-15 08:00:00+00:00,66975.0,67718.195
2019-05-15 09:00:00+00:00,68663.0,68037.37
2019-05-15 10:00:00+00:00,68306.0,68313.555
2019-05-15 11:00:00+00:00,66994.0,67786.39
2019-05-15 12:00:00+00:00,66268.0,65920.26
2019-05-15 13:00:00+00:00,65541.0,65233.336
2019-05-15 14:00:00+00:00,63997.0,64143.49
2019-05-15 15:00:00+00:00,64149.0,63534.035
2019-05-15 16:00:00+00:00,64184.0,64123.92
2019-05-15 17:00:00+00:00,63865.0,63554.234
2019-05-15 18:00:00+00:00,61774.0,62073.945
2019-05-15 19:00:00+00:00,59980.0,59253.85
2019-05-15 20:00:00+00:00,56408.0,56975.78
2019-05-15 21:00:00+00:00,52068.0,51883.695
2019-05-15 22:00:00+00:00,49005.0,48714.71
2019-05-15 23:00:00+00:00,47275.0,47127.844
2019-05-16 00:00:00+00:00,46660.0,46528.914
2019-05-16 01:00:00+00:00,47086.0,47196.8
2019-05-16 02:00:00+00:00,48744.0,48596.71
2019-05-16 03:00:00+00:00,52016.0,52909.305
2019-05-16 04:00:00+00:00,58858.0,59061.496
2019-05-16 05:00:00+00:00,63574.0,64319.625
2019-05-16 06:00:00+00:00,66600.0,66024.88
2019-05-16 07:00:00+00:00,67932.0,67739.61
2019-05-16 08:00:00+00:00,68866.0,69575.24
2019-05-16 09:00:00+00:00,69525.0,69744.89
2019-05-16 10:00:00+00:00,68332.0,69163.81
2019-05-16 11:00:00+00:00,67746.0,67678.125
2019-05-16 12:00:00+00:00,66911.0,66706.49
2019-05-16 13:00:00+00:00,66217.0,65818.83
2019-05-16 14:00:00+00:00,65828.0,65058.11
2019-05-16 15:00:00+00:00,65916.0,65624.37
2019-05-16 16:00:00+00:00,65084.0,65751.44
2019-05-16 17:00:00+00:00,64473.0,63631.86
2019-05-16 18:00:00+00:00,62471.0,62875.555
2019-05-16 19:00:00+00:00,60780.0,60024.17
2019-05-16 20:00:00+00:00,57418.0,57768.773
2019-05-16 21:00:00+00:00,52981.0,53148.48
2019-05-16 22:00:00+00:00,49509.0,49826.984
2019-05-16 23:00:00+00:00,47913.0,47652.383
2019-05-17 00:00:00+00:00,46910.0,47301.06
2019-05-17 01:00:00+00:00,47368.0,47271.223
2019-05-17 02:00:00+00:00,48738.0,48739.277
2019-05-17 03:00:00+00:00,51846.0,52469.58
2019-05-17 04:00:00+00:00,59021.0,58813.53
2019-05-17 05:00:00+00:00,64368.0,64892.64
2019-05-17 06:00:00+00:00,66840.0,67050.95
2019-05-17 07:00:00+00:00,67050.0,67755.836
2019-05-17 08:00:00+00:00,67531.0,68516.91
2019-05-17 09:00:00+00:00,68460.0,68534.16
2019-05-17 10:00:00+00:00,67882.0,68101.766
2019-05-17 11:00:00+00:00,66597.0,67341.37
2019-05-17 12:00:00+00:00,64343.0,65525.535
2019-05-17 13:00:00+00:00,63230.0,63342.766
2019-05-17 14:00:00+00:00,62088.0,62295.758
2019-05-17 15:00:00+00:00,61452.0,61993.582
2019-05-17 16:00:00+00:00,60784.0,61143.19
2019-05-17 17:00:00+00:00,60370.0,60120.996
2019-05-17 18:00:00+00:00,58757.0,59455.95
2019-05-17 19:00:00+00:00,56815.0,56899.836
2019-05-17 20:00:00+00:00,54095.0,54141.688
2019-05-17 21:00:00+00:00,49818.0,50107.01
2019-05-17 22:00:00+00:00,45784.0,46293.72
2019-05-17 23:00:00+00:00,43888.0,43380.477
2019-05-18 00:00:00+00:00,42720.0,42861.008
2019-05-18 01:00:00+00:00,42354.0,42725.297
2019-05-18 02:00:00+00:00,42609.0,42677.44
2019-05-18 03:00:00+00:00,42294.0,43166.55
2019-05-18 04:00:00+00:00,43283.0,42702.242
2019-05-18 05:00:00+00:00,46801.0,47139.41
2019-05-18 06:00:00+00:00,50640.0,51023.69
2019-05-18 07:00:00+00:00,52771.0,53558.59
2019-05-18 08:00:00+00:00,54060.0,54166.414
2019-05-18 09:00:00+00:00,54789.0,54838.785
2019-05-18 10:00:00+00:00,54461.0,54011.754
2019-05-18 11:00:00+00:00,52949.0,52999.28
2019-05-18 12:00:00+00:00,51357.0,51458.363
2019-05-18 13:00:00+00:00,50347.0,50294.496
2019-05-18 14:00:00+00:00,49188.0,49790.066
2019-05-18 15:00:00+00:00,49489.0,49271.52
2019-05-18 16:00:00+00:00,50491.0,50082.234
2019-05-18 17:00:00+00:00,50265.0,50533.414
2019-05-18 18:00:00+00:00,49032.0,49339.54
2019-05-18 19:00:00+00:00,48365.0,47866.07
2019-05-18 20:00:00+00:00,47297.0,47076.797
2019-05-18 21:00:00+00:00,43907.0,44038.9
2019-05-18 22:00:00+00:00,40825.0,40409.63
2019-05-18 23:00:00+00:00,37939.0,38260.65
2019-05-19 00:00:00+00:00,36358.0,36462.816
2019-05-19 01:00:00+00:00,35985.0,35984.883
2019-05-19 02:00:00+00:00,36707.0,35804.285
2019-05-19 03:00:00+00:00,36404.0,37347.195
2019-05-19 04:00:00+00:00,36541.0,35174.926
2019-05-19 05:00:00+00:00,39214.0,39198.88
2019-05-19 06:00:00+00:00,42867.0,43501.918
2019-05-19 07:00:00+00:00,45364.0,45796.38
2019-05-19 08:00:00+00:00,47264.0,47905.55
2019-05-19 09:00:00+00:00,49563.0,49259.87
2019-05-19 10:00:00+00:00,49895.0,49598.832
2019-05-19 11:00:00+00:00,48041.0,48275.59
2019-05-19 12:00:00+00:00,46241.0,46268.008
2019-05-19 13:00:00+00:00,45970.0,45058.38
2019-05-19 14:00:00+00:00,45791.0,45779.6
2019-05-19 15:00:00+00:00,47129.0,46478.914
2019-05-19 16:00:00+00:00,48630.0,48717.38
2019-05-19 17:00:00+00:00,49591.0,48855.34
2019-05-19 18:00:00+00:00,49557.0,49410.19
2019-05-19 19:00:00+00:00,49059.0,49044.305
2019-05-19 20:00:00+00:00,48627.0,48273.99
2019-05-19 21:00:00+00:00,45028.0,45429.523
2019-05-19 22:00:00+00:00,42019.0,41968.125
2019-05-19 23:00:00+00:00,40291.0,40136.86
2019-05-20 00:00:00+00:00,39945.0,39474.89
2019-05-20 01:00:00+00:00,40490.0,40433.695
2019-05-20 02:00:00+00:00,41991.0,42557.082
2019-05-20 03:00:00+00:00,45595.0,46363.28
2019-05-20 04:00:00+00:00,54850.0,53367.117
2019-05-20 05:00:00+00:00,60857.0,62517.76
2019-05-20 06:00:00+00:00,63708.0,64557.793
2019-05-20 07:00:00+00:00,64674.0,65059.48
2019-05-20 08:00:00+00:00,66171.0,66228.95
2019-05-20 09:00:00+00:00,67710.0,67790.97
2019-05-20 10:00:00+00:00,67840.0,67312.15
2019-05-20 11:00:00+00:00,67847.0,67601.96
2019-05-20 12:00:00+00:00,66451.0,66780.46
2019-05-20 13:00:00+00:00,65520.0,65421.43
2019-05-20 14:00:00+00:00,64158.0,63924.17
2019-05-20 15:00:00+00:00,64148.0,63598.734
2019-05-20 16:00:00+00:00,64001.0,64127.004
2019-05-20 17:00:00+00:00,63053.0,63574.477
2019-05-20 18:00:00+00:00,61509.0,61061.215
2019-05-20 19:00:00+00:00,58774.0,59513.5
2019-05-20 20:00:00+00:00,55579.0,55035.203
2019-05-20 21:00:00+00:00,50876.0,51122.863
2019-05-20 22:00:00+00:00,47567.0,47510.332
2019-05-20 23:00:00+00:00,45649.0,45746.633
2019-05-21 00:00:00+00:00,44509.0,44785.242
2019-05-21 01:00:00+00:00,45003.0,44707.664
2019-05-21 02:00:00+00:00,46832.0,46415.71
2019-05-21 03:00:00+00:00,50124.0,51109.03
2019-05-21 04:00:00+00:00,57611.0,58041.26
2019-05-21 05:00:00+00:00,63201.0,63367.883
2019-05-21 06:00:00+00:00,66871.0,66076.83
2019-05-21 07:00:00+00:00,67699.0,68019.05
2019-05-21 08:00:00+00:00,68655.0,69254.77
2019-05-21 09:00:00+00:00,70254.0,69810.555
2019-05-21 10:00:00+00:00,69909.0,69991.14
2019-05-21 11:00:00+00:00,68677.0,69460.99
2019-05-21 12:00:00+00:00,67855.0,67644.81
2019-05-21 13:00:00+00:00,66839.0,66840.48
2019-05-21 14:00:00+00:00,65311.0,65524.734
2019-05-21 15:00:00+00:00,65372.0,65035.59
2019-05-21 16:00:00+00:00,64942.0,65200.746
2019-05-21 17:00:00+00:00,64185.0,64491.18
2019-05-21 18:00:00+00:00,61951.0,62416.684
2019-05-21 19:00:00+00:00,60016.0,59635.547
2019-05-21 20:00:00+00:00,56523.0,56874.36
2019-05-21 21:00:00+00:00,51380.0,51935.93
2019-05-21 22:00:00+00:00,48081.0,47793.9
2019-05-21 23:00:00+00:00,46444.0,46220.586
2019-05-22 00:00:00+00:00,45570.0,45633.023
2019-05-22 01:00:00+00:00,45699.0,46056.125
2019-05-22 02:00:00+00:00,47035.0,46917.145
2019-05-22 03:00:00+00:00,50206.0,50691.77
2019-05-22 04:00:00+00:00,57763.0,57470.523
2019-05-22 05:00:00+00:00,64320.0,63781.133
2019-05-22 06:00:00+00:00,67356.0,67237.87
2019-05-22 07:00:00+00:00,67936.0,68272.75
2019-05-22 08:00:00+00:00,68644.0,69423.28
2019-05-22 09:00:00+00:00,69777.0,69837.35
2019-05-22 10:00:00+00:00,68346.0,69412.01
2019-05-22 11:00:00+00:00,67151.0,67832.24
2019-05-22 12:00:00+00:00,65840.0,66158.484
2019-05-22 13:00:00+00:00,64434.0,64913.29
2019-05-22 14:00:00+00:00,62352.0,63282.266
2019-05-22 15:00:00+00:00,62792.0,62062.42
2019-05-22 16:00:00+00:00,63153.0,63000.88
2019-05-22 17:00:00+00:00,63030.0,63009.97
2019-05-22 18:00:00+00:00,61143.0,61277.008
2019-05-22 19:00:00+00:00,59108.0,58572.99
2019-05-22 20:00:00+00:00,55858.0,55953.684
2019-05-22 21:00:00+00:00,51287.0,51401.137
2019-05-22 22:00:00+00:00,47641.0,47556.152
2019-05-22 23:00:00+00:00,46414.0,45423.316
2019-05-23 00:00:00+00:00,45754.0,45572.844
2019-05-23 01:00:00+00:00,45821.0,46189.277
2019-05-23 02:00:00+00:00,47563.0,47062.836
2019-05-23 03:00:00+00:00,50252.0,51334.293
2019-05-23 04:00:00+00:00,57344.0,56261.293
2019-05-23 05:00:00+00:00,62628.0,63094.234
2019-05-23 06:00:00+00:00,65560.0,65430.13
2019-05-23 07:00:00+00:00,65902.0,66637.28
2019-05-23 08:00:00+00:00,66043.0,67379.54
2019-05-23 09:00:00+00:00,66476.0,67009.625
2019-05-23 10:00:00+00:00,66192.0,65974.24
2019-05-23 11:00:00+00:00,65353.0,65490.01
2019-05-23 12:00:00+00:00,64108.0,64280.918
2019-05-23 13:00:00+00:00,63124.0,63054.055
2019-05-23 14:00:00+00:00,62248.0,62016.727
2019-05-23 15:00:00+00:00,62297.0,61869.88
2019-05-23 16:00:00+00:00,62570.0,62196.23
2019-05-23 17:00:00+00:00,62065.0,61871.523
2019-05-23 18:00:00+00:00,60327.0,60330.65
2019-05-23 19:00:00+00:00,58697.0,57974.434
2019-05-23 20:00:00+00:00,55789.0,55657.19
2019-05-23 21:00:00+00:00,51146.0,51445.11
2019-05-23 22:00:00+00:00,48113.0,47580.848
2019-05-23 23:00:00+00:00,45964.0,46093.574
2019-05-24 00:00:00+00:00,44927.0,44855.02
2019-05-24 01:00:00+00:00,45245.0,45154.176
2019-05-24 02:00:00+00:00,46712.0,46345.24
2019-05-24 03:00:00+00:00,49768.0,50238.7
2019-05-24 04:00:00+00:00,57174.0,56739.0
2019-05-24 05:00:00+00:00,62293.0,63237.3
2019-05-24 06:00:00+00:00,65065.0,65314.875
2019-05-24 07:00:00+00:00,66062.0,66177.516
2019-05-24 08:00:00+00:00,66838.0,67638.53
2019-05-24 09:00:00+00:00,67282.0,68098.64
2019-05-24 10:00:00+00:00,66634.0,66929.164
2019-05-24 11:00:00+00:00,65369.0,66189.14
2019-05-24 12:00:00+00:00,63228.0,64278.32
2019-05-24 13:00:00+00:00,62295.0,62249.508
2019-05-24 14:00:00+00:00,60909.0,61254.293
2019-05-24 15:00:00+00:00,60490.0,60513.598
2019-05-24 16:00:00+00:00,60376.0,60093.01
2019-05-24 17:00:00+00:00,60554.0,59719.88
2019-05-24 18:00:00+00:00,58408.0,59053.695
2019-05-24 19:00:00+00:00,56112.0,55993.535
2019-05-24 20:00:00+00:00,53233.0,53112.94
2019-05-24 21:00:00+00:00,48579.0,49105.848
2019-05-24 22:00:00+00:00,45501.0,45034.508
2019-05-24 23:00:00+00:00,43161.0,43483.727
2019-05-25 00:00:00+00:00,41423.0,41902.68
2019-05-25 01:00:00+00:00,40880.0,41191.84
2019-05-25 02:00:00+00:00,41320.0,40778.293
2019-05-25 03:00:00+00:00,41053.0,41974.945
2019-05-25 04:00:00+00:00,43172.0,40133.65
2019-05-25 05:00:00+00:00,46903.0,47227.715
2019-05-25 06:00:00+00:00,50919.0,51198.734
2019-05-25 07:00:00+00:00,53290.0,54187.24
2019-05-25 08:00:00+00:00,54014.0,54801.68
2019-05-25 09:00:00+00:00,54148.0,54975.06
2019-05-25 10:00:00+00:00,53832.0,53528.42
2019-05-25 11:00:00+00:00,51753.0,52513.906
2019-05-25 12:00:00+00:00,49961.0,50229.84
2019-05-25 13:00:00+00:00,49301.0,48983.586
2019-05-25 14:00:00+00:00,48276.0,48916.973
2019-05-25 15:00:00+00:00,49174.0,48442.24
2019-05-25 16:00:00+00:00,50442.0,50108.59
2019-05-25 17:00:00+00:00,50767.0,50228.97
2019-05-25 18:00:00+00:00,49114.0,49697.875
2019-05-25 19:00:00+00:00,47854.0,47547.008
2019-05-25 20:00:00+00:00,46822.0,46409.734
2019-05-25 21:00:00+00:00,43590.0,43498.406
2019-05-25 22:00:00+00:00,40410.0,40388.812
2019-05-25 23:00:00+00:00,38467.0,38170.734
2019-05-26 00:00:00+00:00,37543.0,37366.02
2019-05-26 01:00:00+00:00,37629.0,37411.28
2019-05-26 02:00:00+00:00,37972.0,37976.15
2019-05-26 03:00:00+00:00,37553.0,38062.914
2019-05-26 04:00:00+00:00,37277.0,37226.414
2019-05-26 05:00:00+00:00,39828.0,39844.34
2019-05-26 06:00:00+00:00,42690.0,44112.29
2019-05-26 07:00:00+00:00,45673.0,45522.734
2019-05-26 08:00:00+00:00,47443.0,48204.773
2019-05-26 09:00:00+00:00,49648.0,49610.53
2019-05-26 10:00:00+00:00,50102.0,49334.484
2019-05-26 11:00:00+00:00,48171.0,48429.5
2019-05-26 12:00:00+00:00,46441.0,46496.098
2019-05-26 13:00:00+00:00,45505.0,45479.934
2019-05-26 14:00:00+00:00,45514.0,45454.246
2019-05-26 15:00:00+00:00,47601.0,46871.52
2019-05-26 16:00:00+00:00,48519.0,49569.254
2019-05-26 17:00:00+00:00,48795.0,49117.297
2019-05-26 18:00:00+00:00,47926.0,49020.195
2019-05-26 19:00:00+00:00,47608.0,47298.92
2019-05-26 20:00:00+00:00,47476.0,46974.145
2019-05-26 21:00:00+00:00,44262.0,44322.758
2019-05-26 22:00:00+00:00,43212.0,41340.113
2019-05-26 23:00:00+00:00,41933.0,41793.188
2019-05-27 00:00:00+00:00,41190.0,41208.73
2019-05-27 01:00:00+00:00,41067.0,41565.62
2019-05-27 02:00:00+00:00,42227.0,42399.473
2019-05-27 03:00:00+00:00,45402.0,45736.44
2019-05-27 04:00:00+00:00,53964.0,52588.188
2019-05-27 05:00:00+00:00,60458.0,61073.34
2019-05-27 06:00:00+00:00,63264.0,64258.316
2019-05-27 07:00:00+00:00,64099.0,64699.15
2019-05-27 08:00:00+00:00,66242.0,65955.31
2019-05-27 09:00:00+00:00,68025.0,68147.79
2019-05-27 10:00:00+00:00,67403.0,67848.586
2019-05-27 11:00:00+00:00,66291.0,67259.44
2019-05-27 12:00:00+00:00,64977.0,65348.46
2019-05-27 13:00:00+00:00,64022.0,64000.09
2019-05-27 14:00:00+00:00,63483.0,62269.492
2019-05-27 15:00:00+00:00,62836.0,63380.8
2019-05-27 16:00:00+00:00,62548.0,62150.652
2019-05-27 17:00:00+00:00,62057.0,62675.137
2019-05-27 18:00:00+00:00,59501.0,60025.848
2019-05-27 19:00:00+00:00,57855.0,57038.957
2019-05-27 20:00:00+00:00,55011.0,54992.26
2019-05-27 21:00:00+00:00,50690.0,50630.61
2019-05-27 22:00:00+00:00,47251.0,47330.773
2019-05-27 23:00:00+00:00,45365.0,45247.645
2019-05-28 00:00:00+00:00,44262.0,44447.707
2019-05-28 01:00:00+00:00,44541.0,44357.773
2019-05-28 02:00:00+00:00,46094.0,45724.176
2019-05-28 03:00:00+00:00,49125.0,49715.555
2019-05-28 04:00:00+00:00,56446.0,56825.227
2019-05-28 05:00:00+00:00,62028.0,62519.254
2019-05-28 06:00:00+00:00,64713.0,65104.52
2019-05-28 07:00:00+00:00,65032.0,65917.44
2019-05-28 08:00:00+00:00,65940.0,66687.805
2019-05-28 09:00:00+00:00,67277.0,67219.414
2019-05-28 10:00:00+00:00,66920.0,66924.85
2019-05-28 11:00:00+00:00,65878.0,66431.91
2019-05-28 12:00:00+00:00,64474.0,64801.574
2019-05-28 13:00:00+00:00,63516.0,63488.91
2019-05-28 14:00:00+00:00,62950.0,62260.58
2019-05-28 15:00:00+00:00,63027.0,62519.45
2019-05-28 16:00:00+00:00,62811.0,62498.74
2019-05-28 17:00:00+00:00,62090.0,61893.094
2019-05-28 18:00:00+00:00,60184.0,59729.027
2019-05-28 19:00:00+00:00,58055.0,57860.785
2019-05-28 20:00:00+00:00,54943.0,54823.0
2019-05-28 21:00:00+00:00,50002.0,50512.773
2019-05-28 22:00:00+00:00,47015.0,46401.69
2019-05-28 23:00:00+00:00,45435.0,45131.094
2019-05-29 00:00:00+00:00,44447.0,44534.496
2019-05-29 01:00:00+00:00,45382.0,44844.445
2019-05-29 02:00:00+00:00,46630.0,47118.9
2019-05-29 03:00:00+00:00,49388.0,50568.23
2019-05-29 04:00:00+00:00,56072.0,56139.766
2019-05-29 05:00:00+00:00,60956.0,61849.73
2019-05-29 06:00:00+00:00,63466.0,63719.426
2019-05-29 07:00:00+00:00,64506.0,64595.23
2019-05-29 08:00:00+00:00,65667.0,66192.28
2019-05-29 09:00:00+00:00,66608.0,66675.42
2019-05-29 10:00:00+00:00,65959.0,66117.125
2019-05-29 11:00:00+00:00,64821.0,65239.188
2019-05-29 12:00:00+00:00,63222.0,63722.652
2019-05-29 13:00:00+00:00,61816.0,62162.395
2019-05-29 14:00:00+00:00,60220.0,60840.375
2019-05-29 15:00:00+00:00,59928.0,59862.027
2019-05-29 16:00:00+00:00,59379.0,59589.508
2019-05-29 17:00:00+00:00,59022.0,58452.273
2019-05-29 18:00:00+00:00,56952.0,58103.95
2019-05-29 19:00:00+00:00,54930.0,55143.023
2019-05-29 20:00:00+00:00,52490.0,52059.574
2019-05-29 21:00:00+00:00,48448.0,48600.27
2019-05-29 22:00:00+00:00,45844.0,45190.605
2019-05-29 23:00:00+00:00,43476.0,43906.977
2019-05-30 00:00:00+00:00,42008.0,42200.426
2019-05-30 01:00:00+00:00,41897.0,41743.336
2019-05-30 02:00:00+00:00,41593.0,42243.188
2019-05-30 03:00:00+00:00,40840.0,41725.727
2019-05-30 04:00:00+00:00,40270.0,40816.465
2019-05-30 05:00:00+00:00,42941.0,42570.65
2019-05-30 06:00:00+00:00,45952.0,46843.14
2019-05-30 07:00:00+00:00,47894.0,49008.336
2019-05-30 08:00:00+00:00,49238.0,49681.56
2019-05-30 09:00:00+00:00,50719.0,50449.426
2019-05-30 10:00:00+00:00,50828.0,50394.273
2019-05-30 11:00:00+00:00,49061.0,49672.94
2019-05-30 12:00:00+00:00,47205.0,47698.605
2019-05-30 13:00:00+00:00,46846.0,46148.43
2019-05-30 14:00:00+00:00,46873.0,46619.1
2019-05-30 15:00:00+00:00,48082.0,47512.773
2019-05-30 16:00:00+00:00,48892.0,49823.97
2019-05-30 17:00:00+00:00,49154.0,49278.973
2019-05-30 18:00:00+00:00,48403.0,48890.47
2019-05-30 19:00:00+00:00,47989.0,47872.79
2019-05-30 20:00:00+00:00,47261.0,47416.13
2019-05-30 21:00:00+00:00,43675.0,44008.246
2019-05-30 22:00:00+00:00,40912.0,40252.164
2019-05-30 23:00:00+00:00,39699.0,38726.66
2019-05-31 00:00:00+00:00,39060.0,39107.348
2019-05-31 01:00:00+00:00,38852.0,39689.215
2019-05-31 02:00:00+00:00,39289.0,39076.7
2019-05-31 03:00:00+00:00,41492.0,40586.88
2019-05-31 04:00:00+00:00,47068.0,45748.832
2019-05-31 05:00:00+00:00,52250.0,53009.94
2019-05-31 06:00:00+00:00,56079.0,56267.266
2019-05-31 07:00:00+00:00,56713.0,58201.676
2019-05-31 08:00:00+00:00,56922.0,58169.6
2019-05-31 09:00:00+00:00,57925.0,58248.797
2019-05-31 10:00:00+00:00,58640.0,57767.08
2019-05-31 11:00:00+00:00,57383.0,57635.664
2019-05-31 12:00:00+00:00,56167.0,56097.99
2019-05-31 13:00:00+00:00,54821.0,55285.465
2019-05-31 14:00:00+00:00,53581.0,54231.965
2019-05-31 15:00:00+00:00,54222.0,53412.08
2019-05-31 16:00:00+00:00,54441.0,54653.594
2019-05-31 17:00:00+00:00,53619.0,54351.43
2019-05-31 18:00:00+00:00,51818.0,51654.145
2019-05-31 19:00:00+00:00,50473.0,49991.777
2019-05-31 20:00:00+00:00,49067.0,48336.906
2019-05-31 21:00:00+00:00,45458.0,45543.91
2019-05-31 22:00:00+00:00,42619.0,42031.305
2019-05-31 23:00:00+00:00,40315.0,40203.08
2019-06-01 00:00:00+00:00,39210.0,38622.113
2019-06-01 01:00:00+00:00,38697.0,38558.035
2019-06-01 02:00:00+00:00,39000.0,38815.164
2019-06-01 03:00:00+00:00,38987.0,38945.996
2019-06-01 04:00:00+00:00,41363.0,40256.668
2019-06-01 05:00:00+00:00,44774.0,45475.645
2019-06-01 06:00:00+00:00,49027.0,48604.773
2019-06-01 07:00:00+00:00,51519.0,51997.82
2019-06-01 08:00:00+00:00,53534.0,53500.656
2019-06-01 09:00:00+00:00,54804.0,55291.414
2019-06-01 10:00:00+00:00,54060.0,54523.28
2019-06-01 11:00:00+00:00,52489.0,52489.395
2019-06-01 12:00:00+00:00,51632.0,51118.832
2019-06-01 13:00:00+00:00,50857.0,50925.293
2019-06-01 14:00:00+00:00,50476.0,50925.14
2019-06-01 15:00:00+00:00,50390.0,51163.65
2019-06-01 16:00:00+00:00,50568.0,50573.582
2019-06-01 17:00:00+00:00,49983.0,50202.156
2019-06-01 18:00:00+00:00,48219.0,48772.53
2019-06-01 19:00:00+00:00,46929.0,47253.668
2019-06-01 20:00:00+00:00,46328.0,45473.637
2019-06-01 21:00:00+00:00,43376.0,43232.895
2019-06-01 22:00:00+00:00,40351.0,40441.93
2019-06-01 23:00:00+00:00,38488.0,38211.1
2019-06-02 00:00:00+00:00,36763.0,37207.625
2019-06-02 01:00:00+00:00,36563.0,35910.01
2019-06-02 02:00:00+00:00,36064.0,36665.574
2019-06-02 03:00:00+00:00,35443.0,34945.695
2019-06-02 04:00:00+00:00,36699.0,35639.7
2019-06-02 05:00:00+00:00,38852.0,39813.727
2019-06-02 06:00:00+00:00,42803.0,42360.12
2019-06-02 07:00:00+00:00,45972.0,46134.83
2019-06-02 08:00:00+00:00,47470.0,48435.203
2019-06-02 09:00:00+00:00,48974.0,49630.56
2019-06-02 10:00:00+00:00,48933.0,48961.664
2019-06-02 11:00:00+00:00,47566.0,47576.406
2019-06-02 12:00:00+00:00,46584.0,46268.547
2019-06-02 13:00:00+00:00,45627.0,45783.01
2019-06-02 14:00:00+00:00,45448.0,45303.574
2019-06-02 15:00:00+00:00,46696.0,46193.742
2019-06-02 16:00:00+00:00,47998.0,47691.605
2019-06-02 17:00:00+00:00,49072.0,48157.188
2019-06-02 18:00:00+00:00,49058.0,48898.047
2019-06-02 19:00:00+00:00,48182.0,48472.07
2019-06-02 20:00:00+00:00,48391.0,47613.508
2019-06-02 21:00:00+00:00,45697.0,45402.37
2019-06-02 22:00:00+00:00,43806.0,43084.777
2019-06-02 23:00:00+00:00,42036.0,42352.418
2019-06-03 00:00:00+00:00,41219.0,41183.953
2019-06-03 01:00:00+00:00,40880.0,41445.79
2019-06-03 02:00:00+00:00,41232.0,41956.2
2019-06-03 03:00:00+00:00,44883.0,43446.566
2019-06-03 04:00:00+00:00,53980.0,53486.305
2019-06-03 05:00:00+00:00,60684.0,62908.04
2019-06-03 06:00:00+00:00,63741.0,65111.87
2019-06-03 07:00:00+00:00,65045.0,65455.83
2019-06-03 08:00:00+00:00,66488.0,66973.11
2019-06-03 09:00:00+00:00,68138.0,68365.48
2019-06-03 10:00:00+00:00,67932.0,68306.164
2019-06-03 11:00:00+00:00,67675.0,67988.61
2019-06-03 12:00:00+00:00,66724.0,66952.586
2019-06-03 13:00:00+00:00,66465.0,65747.914
2019-06-03 14:00:00+00:00,65233.0,64915.508
2019-06-03 15:00:00+00:00,65063.0,64435.652
2019-06-03 16:00:00+00:00,63696.0,65249.746
2019-06-03 17:00:00+00:00,62885.0,62440.246
2019-06-03 18:00:00+00:00,61139.0,60443.73
2019-06-03 19:00:00+00:00,58770.0,58920.86
2019-06-03 20:00:00+00:00,55269.0,55613.66
2019-06-03 21:00:00+00:00,50884.0,50887.723
2019-06-03 22:00:00+00:00,47321.0,47582.312
2019-06-03 23:00:00+00:00,45760.0,45404.16
2019-06-04 00:00:00+00:00,44857.0,45046.797
2019-06-04 01:00:00+00:00,44813.0,45146.61
2019-06-04 02:00:00+00:00,45704.0,45982.457
2019-06-04 03:00:00+00:00,48782.0,48797.727
2019-06-04 04:00:00+00:00,56984.0,56688.285
2019-06-04 05:00:00+00:00,62305.0,63228.754
2019-06-04 06:00:00+00:00,64846.0,65124.09
2019-06-04 07:00:00+00:00,65828.0,65979.63
2019-06-04 08:00:00+00:00,66977.0,67626.56
2019-06-04 09:00:00+00:00,68036.0,68232.91
2019-06-04 10:00:00+00:00,67866.0,67627.44
2019-06-04 11:00:00+00:00,67586.0,67497.83
2019-06-04 12:00:00+00:00,66590.0,66567.54
2019-06-04 13:00:00+00:00,65413.0,65479.055
2019-06-04 14:00:00+00:00,63999.0,64157.977
2019-06-04 15:00:00+00:00,64055.0,63552.035
2019-06-04 16:00:00+00:00,63315.0,63838.17
2019-06-04 17:00:00+00:00,62690.0,62492.824
2019-06-04 18:00:00+00:00,61217.0,61296.535
2019-06-04 19:00:00+00:00,58827.0,59030.777
2019-06-04 20:00:00+00:00,56585.0,55448.66
2019-06-04 21:00:00+00:00,52909.0,52394.055
2019-06-04 22:00:00+00:00,49689.0,49533.07
2019-06-04 23:00:00+00:00,47795.0,47618.637
2019-06-05 00:00:00+00:00,46510.0,46850.785
2019-06-05 01:00:00+00:00,45963.0,46490.402
2019-06-05 02:00:00+00:00,46954.0,46437.527
2019-06-05 03:00:00+00:00,49548.0,49184.06
2019-06-05 04:00:00+00:00,57040.0,56447.047
2019-06-05 05:00:00+00:00,63757.0,63168.207
2019-06-05 06:00:00+00:00,66735.0,67285.0
2019-06-05 07:00:00+00:00,67076.0,67886.945
2019-06-05 08:00:00+00:00,69040.0,68532.21
2019-06-05 09:00:00+00:00,70194.0,70711.53
2019-06-05 10:00:00+00:00,69661.0,69867.2
2019-06-05 11:00:00+00:00,69325.0,69472.875
2019-06-05 12:00:00+00:00,67757.0,68417.2
2019-06-05 13:00:00+00:00,66503.0,66871.19
2019-06-05 14:00:00+00:00,65628.0,65157.516
2019-06-05 15:00:00+00:00,64839.0,65093.734
2019-06-05 16:00:00+00:00,63944.0,64312.05
2019-06-05 17:00:00+00:00,63178.0,63045.69
2019-06-05 18:00:00+00:00,60936.0,60654.348
2019-06-05 19:00:00+00:00,57854.0,58696.54
2019-06-05 20:00:00+00:00,55693.0,55215.22
2019-06-05 21:00:00+00:00,51793.0,51892.465
2019-06-05 22:00:00+00:00,49259.0,48167.844
2019-06-05 23:00:00+00:00,47757.0,47229.33
2019-06-06 00:00:00+00:00,46711.0,46805.016
2019-06-06 01:00:00+00:00,47162.0,46841.906
2019-06-06 02:00:00+00:00,47388.0,48355.383
2019-06-06 03:00:00+00:00,50317.0,49160.656
2019-06-06 04:00:00+00:00,56981.0,57028.473
2019-06-06 05:00:00+00:00,63170.0,62559.41
2019-06-06 06:00:00+00:00,66714.0,66024.16
2019-06-06 07:00:00+00:00,67429.0,68003.78
2019-06-06 08:00:00+00:00,68764.0,69109.86
2019-06-06 09:00:00+00:00,69914.0,69873.71
2019-06-06 10:00:00+00:00,69714.0,69660.4
2019-06-06 11:00:00+00:00,68366.0,69180.02
2019-06-06 12:00:00+00:00,66987.0,67433.79
2019-06-06 13:00:00+00:00,65769.0,65941.55
2019-06-06 14:00:00+00:00,64397.0,64702.168
2019-06-06 15:00:00+00:00,63553.0,63832.965
2019-06-06 16:00:00+00:00,62067.0,62854.684
2019-06-06 17:00:00+00:00,60696.0,60679.86
2019-06-06 18:00:00+00:00,58466.0,58448.484
2019-06-06 19:00:00+00:00,55550.0,56885.12
2019-06-06 20:00:00+00:00,53417.0,53262.16
2019-06-06 21:00:00+00:00,49187.0,49865.113
2019-06-06 22:00:00+00:00,46352.0,45770.574
2019-06-06 23:00:00+00:00,44725.0,44284.668
2019-06-07 00:00:00+00:00,43686.0,43672.914
2019-06-07 01:00:00+00:00,44122.0,43711.125
2019-06-07 02:00:00+00:00,44882.0,45290.234
2019-06-07 03:00:00+00:00,47540.0,47739.04
2019-06-07 04:00:00+00:00,54123.0,54525.945
2019-06-07 05:00:00+00:00,59510.0,59763.48
2019-06-07 06:00:00+00:00,62585.0,62496.86
2019-06-07 07:00:00+00:00,63471.0,64119.15
2019-06-07 08:00:00+00:00,64763.0,65401.746
2019-06-07 09:00:00+00:00,65941.0,65817.516
2019-06-07 10:00:00+00:00,65814.0,65518.22
2019-06-07 11:00:00+00:00,64568.0,65240.88
2019-06-07 12:00:00+00:00,62905.0,63567.184
2019-06-07 13:00:00+00:00,62256.0,61880.844
2019-06-07 14:00:00+00:00,61601.0,61454.383
2019-06-07 15:00:00+00:00,61293.0,61030.312
2019-06-07 16:00:00+00:00,59769.0,60431.406
2019-06-07 17:00:00+00:00,58773.0,58237.105
2019-06-07 18:00:00+00:00,56954.0,56424.48
2019-06-07 19:00:00+00:00,54229.0,55352.31
2019-06-07 20:00:00+00:00,52400.0,51250.367
2019-06-07 21:00:00+00:00,48980.0,48717.32
2019-06-07 22:00:00+00:00,45671.0,45766.6
2019-06-07 23:00:00+00:00,44454.0,43496.73
2019-06-08 00:00:00+00:00,43319.0,43551.426
2019-06-08 01:00:00+00:00,42267.0,43196.61
2019-06-08 02:00:00+00:00,42592.0,42098.62
2019-06-08 03:00:00+00:00,42442.0,43565.31
2019-06-08 04:00:00+00:00,44732.0,46046.215
2019-06-08 05:00:00+00:00,47520.0,48456.39
2019-06-08 06:00:00+00:00,50758.0,50979.906
2019-06-08 07:00:00+00:00,53776.0,53377.496
2019-06-08 08:00:00+00:00,55429.0,55763.79
2019-06-08 09:00:00+00:00,57200.0,56270.14
2019-06-08 10:00:00+00:00,55285.0,56768.523
2019-06-08 11:00:00+00:00,53224.0,53282.227
2019-06-08 12:00:00+00:00,50859.0,51779.05
2019-06-08 13:00:00+00:00,49663.0,49818.086
2019-06-08 14:00:00+00:00,49495.0,49263.113
2019-06-08 15:00:00+00:00,50453.0,49880.863
2019-06-08 16:00:00+00:00,50249.0,51230.574
2019-06-08 17:00:00+00:00,49886.0,49624.367
2019-06-08 18:00:00+00:00,48010.0,48703.24
2019-06-08 19:00:00+00:00,45920.0,46881.348
2019-06-08 20:00:00+00:00,44953.0,44248.285
2019-06-08 21:00:00+00:00,42217.0,41985.992
2019-06-08 22:00:00+00:00,39626.0,39000.43
2019-06-08 23:00:00+00:00,37824.0,37383.348
2019-06-09 00:00:00+00:00,36853.0,36665.625
2019-06-09 01:00:00+00:00,36331.0,36566.867
2019-06-09 02:00:00+00:00,35812.0,36122.84
2019-06-09 03:00:00+00:00,35175.0,35408.625
2019-06-09 04:00:00+00:00,35848.0,35568.965
2019-06-09 05:00:00+00:00,38327.0,38540.72
2019-06-09 06:00:00+00:00,41749.0,42000.336
2019-06-09 07:00:00+00:00,44571.0,44830.29
2019-06-09 08:00:00+00:00,46252.0,47064.75
2019-06-09 09:00:00+00:00,48115.0,48671.04
2019-06-09 10:00:00+00:00,47906.0,47986.27
2019-06-09 11:00:00+00:00,45906.0,46496.152
2019-06-09 12:00:00+00:00,44214.0,44580.34
2019-06-09 13:00:00+00:00,43539.0,43460.04
2019-06-09 14:00:00+00:00,43134.0,43693.22
2019-06-09 15:00:00+00:00,43560.0,44121.41
2019-06-09 16:00:00+00:00,44411.0,44725.81
2019-06-09 17:00:00+00:00,44542.0,45144.812
2019-06-09 18:00:00+00:00,44101.0,44903.23
2019-06-09 19:00:00+00:00,43610.0,44394.086
2019-06-09 20:00:00+00:00,43276.0,43317.586
2019-06-09 21:00:00+00:00,40628.0,39987.89
2019-06-09 22:00:00+00:00,38468.0,38038.17
2019-06-09 23:00:00+00:00,36900.0,36822.97
2019-06-10 00:00:00+00:00,36234.0,35866.402
2019-06-10 01:00:00+00:00,35420.0,36129.69
2019-06-10 02:00:00+00:00,35480.0,35256.914
2019-06-10 03:00:00+00:00,35620.0,36398.797
2019-06-10 04:00:00+00:00,36625.0,35407.297
2019-06-10 05:00:00+00:00,38647.0,39545.203
2019-06-10 06:00:00+00:00,41696.0,42261.465
2019-06-10 07:00:00+00:00,44324.0,44861.605
2019-06-10 08:00:00+00:00,46152.0,46500.4
2019-06-10 09:00:00+00:00,48164.0,48651.65
2019-06-10 10:00:00+00:00,48649.0,48672.047
2019-06-10 11:00:00+00:00,47502.0,47590.31
2019-06-10 12:00:00+00:00,46032.0,46283.36
2019-06-10 13:00:00+00:00,46098.0,45146.86
2019-06-10 14:00:00+00:00,46569.0,46137.42
2019-06-10 15:00:00+00:00,47885.0,47378.76
2019-06-10 16:00:00+00:00,48977.0,48762.477
2019-06-10 17:00:00+00:00,48509.0,48897.703
2019-06-10 18:00:00+00:00,47088.0,47560.016
2019-06-10 19:00:00+00:00,46938.0,46427.44
2019-06-10 20:00:00+00:00,46397.0,45688.73
2019-06-10 21:00:00+00:00,42796.0,43294.81
2019-06-10 22:00:00+00:00,40928.0,40146.957
2019-06-10 23:00:00+00:00,39535.0,39321.043
2019-06-11 00:00:00+00:00,38770.0,38681.316
2019-06-11 01:00:00+00:00,38782.0,39053.418
2019-06-11 02:00:00+00:00,40276.0,40202.316
2019-06-11 03:00:00+00:00,44671.0,44486.79
2019-06-11 04:00:00+00:00,52910.0,54259.043
2019-06-11 05:00:00+00:00,59271.0,59183.223
2019-06-11 06:00:00+00:00,61895.0,62905.3
2019-06-11 07:00:00+00:00,63497.0,63633.95
2019-06-11 08:00:00+00:00,65095.0,65660.49
2019-06-11 09:00:00+00:00,66763.0,66602.97
2019-06-11 10:00:00+00:00,66563.0,66532.305
2019-06-11 11:00:00+00:00,65651.0,66322.195
2019-06-11 12:00:00+00:00,64109.0,64697.055
2019-06-11 13:00:00+00:00,63665.0,63053.883
2019-06-11 14:00:00+00:00,62397.0,62305.16
2019-06-11 15:00:00+00:00,62486.0,62241.434
2019-06-11 16:00:00+00:00,62216.0,62066.824
2019-06-11 17:00:00+00:00,61139.0,61993.758
2019-06-11 18:00:00+00:00,58673.0,58577.94
2019-06-11 19:00:00+00:00,56701.0,56477.754
2019-06-11 20:00:00+00:00,54510.0,53249.99
2019-06-11 21:00:00+00:00,51027.0,50216.887
2019-06-11 22:00:00+00:00,47894.0,47891.99
2019-06-11 23:00:00+00:00,46163.0,46049.016
2019-06-12 00:00:00+00:00,45569.0,45315.242
2019-06-12 01:00:00+00:00,45736.0,45834.95
2019-06-12 02:00:00+00:00,46357.0,46990.04
2019-06-12 03:00:00+00:00,48911.0,48642.79
2019-06-12 04:00:00+00:00,56291.0,55656.84
2019-06-12 05:00:00+00:00,61743.0,62579.164
2019-06-12 06:00:00+00:00,64681.0,64653.246
2019-06-12 07:00:00+00:00,66068.0,65950.42
2019-06-12 08:00:00+00:00,68161.0,68028.7
2019-06-12 09:00:00+00:00,70661.0,69578.266
2019-06-12 10:00:00+00:00,69775.0,70571.484
2019-06-12 11:00:00+00:00,68389.0,69367.11
2019-06-12 12:00:00+00:00,67427.0,67390.25
2019-06-12 13:00:00+00:00,66129.0,66543.55
2019-06-12 14:00:00+00:00,64680.0,64726.816
2019-06-12 15:00:00+00:00,63985.0,64043.793
2019-06-12 16:00:00+00:00,63147.0,62976.824
2019-06-12 17:00:00+00:00,61785.0,62040.844
2019-06-12 18:00:00+00:00,59742.0,59092.48
2019-06-12 19:00:00+00:00,57292.0,57750.562
2019-06-12 20:00:00+00:00,54725.0,54583.887
2019-06-12 21:00:00+00:00,51139.0,50714.42
2019-06-12 22:00:00+00:00,47489.0,47921.13
2019-06-12 23:00:00+00:00,45706.0,45329.73
2019-06-13 00:00:00+00:00,44700.0,44800.598
2019-06-13 01:00:00+00:00,44710.0,44724.766
2019-06-13 02:00:00+00:00,45940.0,45618.31
2019-06-13 03:00:00+00:00,48384.0,48915.473
2019-06-13 04:00:00+00:00,55112.0,55842.605
2019-06-13 05:00:00+00:00,60463.0,61161.383
2019-06-13 06:00:00+00:00,63477.0,63690.883
2019-06-13 07:00:00+00:00,64658.0,64923.58
2019-06-13 08:00:00+00:00,65066.0,66520.5
2019-06-13 09:00:00+00:00,67251.0,66219.234
2019-06-13 10:00:00+00:00,67231.0,67183.13
2019-06-13 11:00:00+00:00,66602.0,66698.05
2019-06-13 12:00:00+00:00,65395.0,65718.766
2019-06-13 13:00:00+00:00,64063.0,64352.633
2019-06-13 14:00:00+00:00,62083.0,62873.973
2019-06-13 15:00:00+00:00,61668.0,61408.87
2019-06-13 16:00:00+00:00,60860.0,61125.254
2019-06-13 17:00:00+00:00,59937.0,59855.04
2019-06-13 18:00:00+00:00,57273.0,57859.426
2019-06-13 19:00:00+00:00,54761.0,55647.6
2019-06-13 20:00:00+00:00,53507.0,52462.293
2019-06-13 21:00:00+00:00,50231.0,49863.367
2019-06-13 22:00:00+00:00,47283.0,46971.07
2019-06-13 23:00:00+00:00,45635.0,45121.676
2019-06-14 00:00:00+00:00,44544.0,44539.36
2019-06-14 01:00:00+00:00,44756.0,44377.184
2019-06-14 02:00:00+00:00,45129.0,45736.246
2019-06-14 03:00:00+00:00,47588.0,47073.13
2019-06-14 04:00:00+00:00,54756.0,54680.18
2019-06-14 05:00:00+00:00,60271.0,60892.062
2019-06-14 06:00:00+00:00,63893.0,63234.152
2019-06-14 07:00:00+00:00,64964.0,65482.29
2019-06-14 08:00:00+00:00,66451.0,67023.92
2019-06-14 09:00:00+00:00,67600.0,67886.24
2019-06-14 10:00:00+00:00,66875.0,67406.734
2019-06-14 11:00:00+00:00,65484.0,66307.586
2019-06-14 12:00:00+00:00,64685.0,64457.363
2019-06-14 13:00:00+00:00,63697.0,63740.656
2019-06-14 14:00:00+00:00,62102.0,62676.02
2019-06-14 15:00:00+00:00,61535.0,60946.043
2019-06-14 16:00:00+00:00,60694.0,60551.504
2019-06-14 17:00:00+00:00,59857.0,59443.438
2019-06-14 18:00:00+00:00,57358.0,57746.566
2019-06-14 19:00:00+00:00,54876.0,55547.87
2019-06-14 20:00:00+00:00,53063.0,52249.156
2019-06-14 21:00:00+00:00,49393.0,49290.84
2019-06-14 22:00:00+00:00,46098.0,46089.81
2019-06-14 23:00:00+00:00,43997.0,43904.484
2019-06-15 00:00:00+00:00,42534.0,42788.156
2019-06-15 01:00:00+00:00,42275.0,42132.977
2019-06-15 02:00:00+00:00,41801.0,42627.48
2019-06-15 03:00:00+00:00,40772.0,41973.637
2019-06-15 04:00:00+00:00,43668.0,41926.45
2019-06-15 05:00:00+00:00,48052.0,48160.43
2019-06-15 06:00:00+00:00,50793.0,52197.293
2019-06-15 07:00:00+00:00,54299.0,53420.79
2019-06-15 08:00:00+00:00,56826.0,56348.79
2019-06-15 09:00:00+00:00,57716.0,58233.85
2019-06-15 10:00:00+00:00,56112.0,57044.125
2019-06-15 11:00:00+00:00,54439.0,54404.336
2019-06-15 12:00:00+00:00,52023.0,53083.78
2019-06-15 13:00:00+00:00,51383.0,50912.363
2019-06-15 14:00:00+00:00,51779.0,51024.67
2019-06-15 15:00:00+00:00,51981.0,51972.848
2019-06-15 16:00:00+00:00,51502.0,51696.668
2019-06-15 17:00:00+00:00,51320.0,50549.293
2019-06-15 18:00:00+00:00,48801.0,49212.645
2019-06-15 19:00:00+00:00,46717.0,47100.72
2019-06-15 20:00:00+00:00,45988.0,45479.223
2019-06-15 21:00:00+00:00,43444.0,42912.395
2019-06-15 22:00:00+00:00,40835.0,40355.625
2019-06-15 23:00:00+00:00,38770.0,38631.734
2019-06-16 00:00:00+00:00,37788.0,37536.715
2019-06-16 01:00:00+00:00,37135.0,37304.36
2019-06-16 02:00:00+00:00,37261.0,36770.51
2019-06-16 03:00:00+00:00,37253.0,36937.562
2019-06-16 04:00:00+00:00,38056.0,38739.293
2019-06-16 05:00:00+00:00,40255.0,40651.69
2019-06-16 06:00:00+00:00,43292.0,43773.492
2019-06-16 07:00:00+00:00,45561.0,46439.574
2019-06-16 08:00:00+00:00,47269.0,47950.8
2019-06-16 09:00:00+00:00,49781.0,49612.152
2019-06-16 10:00:00+00:00,49490.0,49982.03
2019-06-16 11:00:00+00:00,47883.0,48068.78
2019-06-16 12:00:00+00:00,46866.0,46597.594
2019-06-16 13:00:00+00:00,46584.0,46289.137
2019-06-16 14:00:00+00:00,45806.0,46905.125
2019-06-16 15:00:00+00:00,46620.0,46337.266
2019-06-16 16:00:00+00:00,47743.0,47863.516
2019-06-16 17:00:00+00:00,47833.0,48684.2
2019-06-16 18:00:00+00:00,47349.0,48121.875
2019-06-16 19:00:00+00:00,46499.0,47245.35
2019-06-16 20:00:00+00:00,47146.0,45765.184
2019-06-16 21:00:00+00:00,44400.0,44256.918
2019-06-16 22:00:00+00:00,42322.0,41816.504
2019-06-16 23:00:00+00:00,41212.0,40709.3
2019-06-17 00:00:00+00:00,40263.0,40579.2
2019-06-17 01:00:00+00:00,40621.0,40413.414
2019-06-17 02:00:00+00:00,42429.0,42139.414
2019-06-17 03:00:00+00:00,45779.0,46866.574
2019-06-17 04:00:00+00:00,53437.0,53914.17
2019-06-17 05:00:00+00:00,59930.0,59970.22
2019-06-17 06:00:00+00:00,63507.0,63661.51
2019-06-17 07:00:00+00:00,64826.0,65229.76
2019-06-17 08:00:00+00:00,66211.0,66895.47
2019-06-17 09:00:00+00:00,67681.0,67852.625
2019-06-17 10:00:00+00:00,67571.0,67624.03
2019-06-17 11:00:00+00:00,67161.0,67390.45
2019-06-17 12:00:00+00:00,65766.0,66240.25
2019-06-17 13:00:00+00:00,64726.0,64637.15
2019-06-17 14:00:00+00:00,63539.0,63134.16
2019-06-17 15:00:00+00:00,62779.0,63166.57
2019-06-17 16:00:00+00:00,61909.0,62395.242
2019-06-17 17:00:00+00:00,61245.0,61265.332
2019-06-17 18:00:00+00:00,59083.0,59891.96
2019-06-17 19:00:00+00:00,56693.0,57225.656
2019-06-17 20:00:00+00:00,54893.0,53729.277
2019-06-17 21:00:00+00:00,51534.0,50911.59
2019-06-17 22:00:00+00:00,48080.0,48290.6
2019-06-17 23:00:00+00:00,46556.0,45966.156
2019-06-18 00:00:00+00:00,45671.0,45640.344
2019-06-18 01:00:00+00:00,45770.0,45617.24
2019-06-18 02:00:00+00:00,46413.0,46846.77
2019-06-18 03:00:00+00:00,48816.0,48589.1
2019-06-18 04:00:00+00:00,56419.0,55548.004
2019-06-18 05:00:00+00:00,62318.0,62872.293
2019-06-18 06:00:00+00:00,65265.0,65308.56
2019-06-18 07:00:00+00:00,66496.0,66525.94
2019-06-18 08:00:00+00:00,68090.0,68487.7
2019-06-18 09:00:00+00:00,70014.0,69515.414
2019-06-18 10:00:00+00:00,69004.0,69817.555
2019-06-18 11:00:00+00:00,68469.0,68579.44
2019-06-18 12:00:00+00:00,67634.0,67536.33
2019-06-18 13:00:00+00:00,66603.0,66681.086
2019-06-18 14:00:00+00:00,65363.0,65166.684
2019-06-18 15:00:00+00:00,64695.0,64694.227
2019-06-18 16:00:00+00:00,63861.0,63900.742
2019-06-18 17:00:00+00:00,62573.0,62743.18
2019-06-18 18:00:00+00:00,60106.0,59875.477
2019-06-18 19:00:00+00:00,57812.0,58014.797
2019-06-18 20:00:00+00:00,55758.0,55245.61
2019-06-18 21:00:00+00:00,52056.0,51725.348
2019-06-18 22:00:00+00:00,48891.0,48703.062
2019-06-18 23:00:00+00:00,47162.0,46811.727
2019-06-19 00:00:00+00:00,45882.0,46243.273
2019-06-19 01:00:00+00:00,46089.0,45813.5
2019-06-19 02:00:00+00:00,46534.0,47065.836
2019-06-19 03:00:00+00:00,48682.0,48514.19
2019-06-19 04:00:00+00:00,55961.0,55326.074
2019-06-19 05:00:00+00:00,61049.0,62371.652
2019-06-19 06:00:00+00:00,64158.0,63963.305
2019-06-19 07:00:00+00:00,65418.0,65529.105
2019-06-19 08:00:00+00:00,67289.0,67309.664
2019-06-19 09:00:00+00:00,69075.0,68788.87
2019-06-19 10:00:00+00:00,69444.0,68977.87
2019-06-19 11:00:00+00:00,68878.0,69142.65
2019-06-19 12:00:00+00:00,68209.0,68061.98
2019-06-19 13:00:00+00:00,66760.0,67308.016
2019-06-19 14:00:00+00:00,64642.0,65473.227
2019-06-19 15:00:00+00:00,64479.0,63879.42
2019-06-19 16:00:00+00:00,63974.0,64068.293
2019-06-19 17:00:00+00:00,62476.0,63018.867
2019-06-19 18:00:00+00:00,59668.0,59802.73
2019-06-19 19:00:00+00:00,56751.0,57652.57
2019-06-19 20:00:00+00:00,54164.0,54472.01
2019-06-19 21:00:00+00:00,49930.0,50391.395
2019-06-19 22:00:00+00:00,46499.0,46616.027
2019-06-19 23:00:00+00:00,44488.0,44398.48
2019-06-20 00:00:00+00:00,44207.0,43415.41
2019-06-20 01:00:00+00:00,43894.0,44562.516
2019-06-20 02:00:00+00:00,43939.0,44752.48
2019-06-20 03:00:00+00:00,43085.0,45736.992
2019-06-20 04:00:00+00:00,44762.0,46628.215
2019-06-20 05:00:00+00:00,48791.0,48608.26
2019-06-20 06:00:00+00:00,50652.0,52734.027
2019-06-20 07:00:00+00:00,52351.0,52807.387
2019-06-20 08:00:00+00:00,54006.0,54003.207
2019-06-20 09:00:00+00:00,56106.0,54781.36
2019-06-20 10:00:00+00:00,56099.0,55623.258
2019-06-20 11:00:00+00:00,54762.0,54712.63
2019-06-20 12:00:00+00:00,54125.0,53357.266
2019-06-20 13:00:00+00:00,52914.0,53251.1
2019-06-20 14:00:00+00:00,51334.0,52650.266
2019-06-20 15:00:00+00:00,51824.0,52039.387
2019-06-20 16:00:00+00:00,53058.0,54024.234
2019-06-20 17:00:00+00:00,51962.0,54161.883
2019-06-20 18:00:00+00:00,50403.0,50992.344
2019-06-20 19:00:00+00:00,49062.0,49186.27
2019-06-20 20:00:00+00:00,48560.0,47922.55
2019-06-20 21:00:00+00:00,45296.0,45929.844
2019-06-20 22:00:00+00:00,43126.0,41697.88
2019-06-20 23:00:00+00:00,41277.0,40573.5
2019-06-21 00:00:00+00:00,40942.0,39823.19
2019-06-21 01:00:00+00:00,40678.0,41135.805
2019-06-21 02:00:00+00:00,41764.0,41169.316
2019-06-21 03:00:00+00:00,43541.0,43445.05
2019-06-21 04:00:00+00:00,49314.0,48777.32
2019-06-21 05:00:00+00:00,53922.0,54811.363
2019-06-21 06:00:00+00:00,57160.0,57294.72
2019-06-21 07:00:00+00:00,58652.0,58972.656
2019-06-21 08:00:00+00:00,60123.0,60316.3
2019-06-21 09:00:00+00:00,61814.0,61565.72
2019-06-21 10:00:00+00:00,61737.0,61613.938
2019-06-21 11:00:00+00:00,61190.0,60825.32
2019-06-21 12:00:00+00:00,59704.0,60333.156
2019-06-21 13:00:00+00:00,58686.0,58819.547
2019-06-21 14:00:00+00:00,57346.0,58658.055
2019-06-21 15:00:00+00:00,56984.0,58981.973
2019-06-21 16:00:00+00:00,56591.0,56809.38
2019-06-21 17:00:00+00:00,55510.0,56900.273
2019-06-21 18:00:00+00:00,53177.0,54336.074
2019-06-21 19:00:00+00:00,50189.0,51933.746
2019-06-21 20:00:00+00:00,49320.0,47822.277
2019-06-21 21:00:00+00:00,46035.0,46131.71
2019-06-21 22:00:00+00:00,43039.0,42990.637
2019-06-21 23:00:00+00:00,40946.0,40876.535
2019-06-22 00:00:00+00:00,39745.0,39447.387
2019-06-22 01:00:00+00:00,39082.0,39074.516
2019-06-22 02:00:00+00:00,39235.0,38890.406
2019-06-22 03:00:00+00:00,39323.0,39423.477
2019-06-22 04:00:00+00:00,41663.0,41853.69
2019-06-22 05:00:00+00:00,45044.0,45402.86
2019-06-22 06:00:00+00:00,48629.0,48911.418
2019-06-22 07:00:00+00:00,51502.0,51669.152
2019-06-22 08:00:00+00:00,53329.0,53722.375
2019-06-22 09:00:00+00:00,54846.0,54944.15
2019-06-22 10:00:00+00:00,54835.0,54462.484
2019-06-22 11:00:00+00:00,52565.0,53485.09
2019-06-22 12:00:00+00:00,51576.0,50995.64
2019-06-22 13:00:00+00:00,51401.0,50821.125
2019-06-22 14:00:00+00:00,50780.0,51843.805
2019-06-22 15:00:00+00:00,50588.0,51205.242
2019-06-22 16:00:00+00:00,50393.0,50255.62
2019-06-22 17:00:00+00:00,49531.0,50157.902
2019-06-22 18:00:00+00:00,47580.0,48742.516
2019-06-22 19:00:00+00:00,45979.0,46753.76
2019-06-22 20:00:00+00:00,45457.0,44813.39
2019-06-22 21:00:00+00:00,43010.0,42485.098
2019-06-22 22:00:00+00:00,39660.0,40136.457
2019-06-22 23:00:00+00:00,37867.0,37389.2
2019-06-23 00:00:00+00:00,37252.0,36601.45
2019-06-23 01:00:00+00:00,36926.0,36825.156
2019-06-23 02:00:00+00:00,36052.0,37230.13
2019-06-23 03:00:00+00:00,35139.0,34071.617
2019-06-23 04:00:00+00:00,36010.0,35996.094
2019-06-23 05:00:00+00:00,38534.0,38940.86
2019-06-23 06:00:00+00:00,41693.0,42144.652
2019-06-23 07:00:00+00:00,44457.0,44552.027
2019-06-23 08:00:00+00:00,46461.0,47007.402
2019-06-23 09:00:00+00:00,48577.0,48844.39
2019-06-23 10:00:00+00:00,49215.0,48528.96
2019-06-23 11:00:00+00:00,47712.0,48002.41
2019-06-23 12:00:00+00:00,46233.0,46449.617
2019-06-23 13:00:00+00:00,45475.0,45411.84
2019-06-23 14:00:00+00:00,45655.0,45502.047
2019-06-23 15:00:00+00:00,46231.0,46775.01
2019-06-23 16:00:00+00:00,47512.0,46979.777
2019-06-23 17:00:00+00:00,47959.0,47771.496
2019-06-23 18:00:00+00:00,47668.0,47561.324
2019-06-23 19:00:00+00:00,46814.0,47208.508
2019-06-23 20:00:00+00:00,47624.0,46428.703
2019-06-23 21:00:00+00:00,44653.0,44734.93
2019-06-23 22:00:00+00:00,42438.0,41792.97
2019-06-23 23:00:00+00:00,41078.0,40675.305
2019-06-24 00:00:00+00:00,40148.0,40185.617
2019-06-24 01:00:00+00:00,40429.0,40205.29
2019-06-24 02:00:00+00:00,42317.0,41931.35
2019-06-24 03:00:00+00:00,45111.0,46806.086
2019-06-24 04:00:00+00:00,53700.0,52363.84
2019-06-24 05:00:00+00:00,60592.0,61296.055
2019-06-24 06:00:00+00:00,63852.0,64660.312
2019-06-24 07:00:00+00:00,64844.0,65431.145
2019-06-24 08:00:00+00:00,66678.0,66771.664
2019-06-24 09:00:00+00:00,68237.0,68563.52
2019-06-24 10:00:00+00:00,68363.0,68045.25
2019-06-24 11:00:00+00:00,67856.0,68340.22
2019-06-24 12:00:00+00:00,66774.0,66930.47
2019-06-24 13:00:00+00:00,66396.0,65809.78
2019-06-24 14:00:00+00:00,65648.0,64656.24
2019-06-24 15:00:00+00:00,65162.0,65254.55
2019-06-24 16:00:00+00:00,64378.0,64982.543
2019-06-24 17:00:00+00:00,63381.0,63455.73
2019-06-24 18:00:00+00:00,61517.0,60867.71
2019-06-24 19:00:00+00:00,58852.0,59272.176
2019-06-24 20:00:00+00:00,56723.0,55725.184
2019-06-24 21:00:00+00:00,52512.0,52503.242
2019-06-24 22:00:00+00:00,49377.0,48977.62
2019-06-24 23:00:00+00:00,47547.0,47380.79
2019-06-25 00:00:00+00:00,46640.0,46625.14
2019-06-25 01:00:00+00:00,46084.0,46840.016
2019-06-25 02:00:00+00:00,46891.0,46727.74
2019-06-25 03:00:00+00:00,50178.0,49127.027
2019-06-25 04:00:00+00:00,57381.0,57978.156
2019-06-25 05:00:00+00:00,63513.0,63173.95
2019-06-25 06:00:00+00:00,66292.0,66639.62
2019-06-25 07:00:00+00:00,67856.0,67488.555
2019-06-25 08:00:00+00:00,69504.0,69650.9
2019-06-25 09:00:00+00:00,70541.0,70902.65
2019-06-25 10:00:00+00:00,70567.0,70247.79
2019-06-25 11:00:00+00:00,70002.0,70357.12
2019-06-25 12:00:00+00:00,68847.0,69064.28
2019-06-25 13:00:00+00:00,67847.0,67904.31
2019-06-25 14:00:00+00:00,66608.0,66565.41
2019-06-25 15:00:00+00:00,65640.0,66160.19
2019-06-25 16:00:00+00:00,64448.0,65078.516
2019-06-25 17:00:00+00:00,64048.0,63422.95
2019-06-25 18:00:00+00:00,61713.0,62031.977
2019-06-25 19:00:00+00:00,59418.0,59461.176
2019-06-25 20:00:00+00:00,57314.0,56719.723
2019-06-25 21:00:00+00:00,53481.0,53265.34
2019-06-25 22:00:00+00:00,49882.0,49944.89
2019-06-25 23:00:00+00:00,47789.0,47640.152
2019-06-26 00:00:00+00:00,46711.0,46741.684
2019-06-26 01:00:00+00:00,46552.0,46752.473
2019-06-26 02:00:00+00:00,47487.0,47381.16
2019-06-26 03:00:00+00:00,50097.0,49746.23
2019-06-26 04:00:00+00:00,57894.0,57398.58
2019-06-26 05:00:00+00:00,64339.0,64312.37
2019-06-26 06:00:00+00:00,67719.0,67558.26
2019-06-26 07:00:00+00:00,68679.0,68862.89
2019-06-26 08:00:00+00:00,70336.0,70296.33
2019-06-26 09:00:00+00:00,71365.0,71800.68
2019-06-26 10:00:00+00:00,71364.0,71040.89
2019-06-26 11:00:00+00:00,71028.0,71130.74
2019-06-26 12:00:00+00:00,69809.0,70210.97
2019-06-26 13:00:00+00:00,68819.0,68903.42
2019-06-26 14:00:00+00:00,67749.0,67592.8
2019-06-26 15:00:00+00:00,66637.0,67328.98
2019-06-26 16:00:00+00:00,65913.0,66251.586
2019-06-26 17:00:00+00:00,65047.0,65195.484
2019-06-26 18:00:00+00:00,62613.0,62620.453
2019-06-26 19:00:00+00:00,59984.0,60342.62
2019-06-26 20:00:00+00:00,57738.0,57280.652
2019-06-26 21:00:00+00:00,53677.0,53691.395
2019-06-26 22:00:00+00:00,50345.0,49986.87
2019-06-26 23:00:00+00:00,48576.0,48150.27
2019-06-27 00:00:00+00:00,47575.0,47610.992
2019-06-27 01:00:00+00:00,47071.0,47707.816
2019-06-27 02:00:00+00:00,47882.0,47680.45
2019-06-27 03:00:00+00:00,49961.0,49865.02
2019-06-27 04:00:00+00:00,56758.0,56264.48
2019-06-27 05:00:00+00:00,63092.0,62857.508
2019-06-27 06:00:00+00:00,66321.0,66457.82
2019-06-27 07:00:00+00:00,66868.0,67499.72
2019-06-27 08:00:00+00:00,68634.0,68286.67
2019-06-27 09:00:00+00:00,69771.0,70267.59
2019-06-27 10:00:00+00:00,69756.0,69618.45
2019-06-27 11:00:00+00:00,69425.0,69332.68
2019-06-27 12:00:00+00:00,68296.0,68658.016
2019-06-27 13:00:00+00:00,67072.0,67468.54
2019-06-27 14:00:00+00:00,65910.0,65981.95
2019-06-27 15:00:00+00:00,65108.0,65891.93
2019-06-27 16:00:00+00:00,64134.0,65091.492
2019-06-27 17:00:00+00:00,63307.0,63443.957
2019-06-27 18:00:00+00:00,61002.0,61235.598
2019-06-27 19:00:00+00:00,58086.0,59164.234
2019-06-27 20:00:00+00:00,56062.0,55721.875
2019-06-27 21:00:00+00:00,52084.0,52416.11
2019-06-27 22:00:00+00:00,48487.0,48456.19
2019-06-27 23:00:00+00:00,46544.0,46140.973
2019-06-28 00:00:00+00:00,45591.0,45420.223
2019-06-28 01:00:00+00:00,45625.0,45655.74
2019-06-28 02:00:00+00:00,46508.0,46585.38
2019-06-28 03:00:00+00:00,48681.0,48953.453
2019-06-28 04:00:00+00:00,55753.0,55962.348
2019-06-28 05:00:00+00:00,61167.0,62048.668
2019-06-28 06:00:00+00:00,64068.0,64274.785
2019-06-28 07:00:00+00:00,64729.0,65381.266
2019-06-28 08:00:00+00:00,66191.0,66411.6
2019-06-28 09:00:00+00:00,67033.0,67696.39
2019-06-28 10:00:00+00:00,66355.0,66658.03
2019-06-28 11:00:00+00:00,65028.0,65746.58
2019-06-28 12:00:00+00:00,63649.0,63943.992
2019-06-28 13:00:00+00:00,62249.0,62685.703
2019-06-28 14:00:00+00:00,61674.0,61213.152
2019-06-28 15:00:00+00:00,61534.0,61334.17
2019-06-28 16:00:00+00:00,60855.0,61022.785
2019-06-28 17:00:00+00:00,59734.0,59627.074
2019-06-28 18:00:00+00:00,57489.0,57340.06
2019-06-28 19:00:00+00:00,54903.0,55531.918
2019-06-28 20:00:00+00:00,53109.0,52464.285
2019-06-28 21:00:00+00:00,49645.0,49390.965
2019-06-28 22:00:00+00:00,45881.0,46254.75
2019-06-28 23:00:00+00:00,43748.0,43471.34
2019-06-29 00:00:00+00:00,42352.0,42530.625
2019-06-29 01:00:00+00:00,41850.0,41981.184
2019-06-29 02:00:00+00:00,41427.0,41917.56
2019-06-29 03:00:00+00:00,41307.0,40555.953
2019-06-29 04:00:00+00:00,43354.0,43227.676
2019-06-29 05:00:00+00:00,47278.0,47280.23
2019-06-29 06:00:00+00:00,50911.0,51474.332
2019-06-29 07:00:00+00:00,53842.0,53967.168
2019-06-29 08:00:00+00:00,55129.0,55666.945
2019-06-29 09:00:00+00:00,55873.0,56290.055
2019-06-29 10:00:00+00:00,55532.0,55437.82
2019-06-29 11:00:00+00:00,54209.0,54224.26
2019-06-29 12:00:00+00:00,52940.0,52897.305
2019-06-29 13:00:00+00:00,52444.0,51973.53
2019-06-29 14:00:00+00:00,51816.0,51974.58
2019-06-29 15:00:00+00:00,51759.0,51566.004
2019-06-29 16:00:00+00:00,52144.0,51624.062
2019-06-29 17:00:00+00:00,51199.0,51559.168
2019-06-29 18:00:00+00:00,49275.0,49004.645
2019-06-29 19:00:00+00:00,47244.0,47822.09
2019-06-29 20:00:00+00:00,46843.0,46044.996
2019-06-29 21:00:00+00:00,44434.0,43899.535
2019-06-29 22:00:00+00:00,41504.0,41379.32
2019-06-29 23:00:00+00:00,39717.0,39016.81
2019-06-30 00:00:00+00:00,38668.0,38293.96
2019-06-30 01:00:00+00:00,37438.0,38102.156
2019-06-30 02:00:00+00:00,36737.0,36683.79
2019-06-30 03:00:00+00:00,36391.0,34908.1
2019-06-30 04:00:00+00:00,37818.0,38114.44
2019-06-30 05:00:00+00:00,40580.0,40723.48
2019-06-30 06:00:00+00:00,44380.0,44049.664
2019-06-30 07:00:00+00:00,46856.0,47465.633
2019-06-30 08:00:00+00:00,49117.0,49150.406
2019-06-30 09:00:00+00:00,50818.0,51389.188
2019-06-30 10:00:00+00:00,50657.0,50941.44
2019-06-30 11:00:00+00:00,49620.0,49387.79
2019-06-30 12:00:00+00:00,48444.0,48471.195
2019-06-30 13:00:00+00:00,48069.0,47596.99
2019-06-30 14:00:00+00:00,48530.0,48054.53
2019-06-30 15:00:00+00:00,49882.0,49169.805
2019-06-30 16:00:00+00:00,50525.0,50384.477
2019-06-30 17:00:00+00:00,51153.0,49871.16
2019-06-30 18:00:00+00:00,50495.0,50278.25
2019-06-30 19:00:00+00:00,49588.0,49325.293
2019-06-30 20:00:00+00:00,50505.0,49116.72
2019-06-30 21:00:00+00:00,47531.0,47719.8
2019-06-30 22:00:00+00:00,45127.0,44496.86
2019-06-30 23:00:00+00:00,43415.0,43310.434
2019-07-01 00:00:00+00:00,42688.0,42538.91
2019-07-01 01:00:00+00:00,43056.0,42964.2
2019-07-01 02:00:00+00:00,43998.0,44752.06
2019-07-01 03:00:00+00:00,46912.0,47296.664
2019-07-01 04:00:00+00:00,55630.0,54879.734
2019-07-01 05:00:00+00:00,61821.0,63349.363
2019-07-01 06:00:00+00:00,65528.0,65411.47
2019-07-01 07:00:00+00:00,66976.0,67214.47
2019-07-01 08:00:00+00:00,69134.0,68984.59
2019-07-01 09:00:00+00:00,70613.0,70803.31
2019-07-01 10:00:00+00:00,70178.0,70430.48
2019-07-01 11:00:00+00:00,69724.0,70066.29
2019-07-01 12:00:00+00:00,69478.0,68742.08
2019-07-01 13:00:00+00:00,68696.0,68488.266
2019-07-01 14:00:00+00:00,67023.0,67051.88
2019-07-01 15:00:00+00:00,66109.0,66756.836
2019-07-01 16:00:00+00:00,65697.0,66141.93
2019-07-01 17:00:00+00:00,64668.0,65103.867
2019-07-01 18:00:00+00:00,61682.0,62552.145
2019-07-01 19:00:00+00:00,58580.0,59487.383
2019-07-01 20:00:00+00:00,55946.0,55708.844
2019-07-01 21:00:00+00:00,51597.0,51896.086
2019-07-01 22:00:00+00:00,48401.0,48321.918
2019-07-01 23:00:00+00:00,46824.0,46586.418
2019-07-02 00:00:00+00:00,45895.0,46067.523
2019-07-02 01:00:00+00:00,45706.0,46099.582
2019-07-02 02:00:00+00:00,46641.0,46596.082
2019-07-02 03:00:00+00:00,49237.0,49240.152
2019-07-02 04:00:00+00:00,56520.0,56495.695
2019-07-02 05:00:00+00:00,61903.0,62448.68
2019-07-02 06:00:00+00:00,65843.0,64808.305
2019-07-02 07:00:00+00:00,67180.0,67236.72
2019-07-02 08:00:00+00:00,68235.0,68864.53
2019-07-02 09:00:00+00:00,69147.0,69420.234
2019-07-02 10:00:00+00:00,68659.0,68882.18
2019-07-02 11:00:00+00:00,68076.0,68112.22
2019-07-02 12:00:00+00:00,66956.0,67188.13
2019-07-02 13:00:00+00:00,65554.0,65952.51
2019-07-02 14:00:00+00:00,64307.0,64559.88
2019-07-02 15:00:00+00:00,63725.0,64574.582
2019-07-02 16:00:00+00:00,62812.0,64515.14
2019-07-02 17:00:00+00:00,61832.0,62555.836
2019-07-02 18:00:00+00:00,59781.0,60043.742
2019-07-02 19:00:00+00:00,57037.0,57964.406
2019-07-02 20:00:00+00:00,54367.0,54342.445
2019-07-02 21:00:00+00:00,50414.0,50434.793
2019-07-02 22:00:00+00:00,47189.0,47027.965
2019-07-02 23:00:00+00:00,45396.0,45051.953
2019-07-03 00:00:00+00:00,44830.0,44340.46
2019-07-03 01:00:00+00:00,45020.0,45039.21
2019-07-03 02:00:00+00:00,45782.0,46204.004
2019-07-03 03:00:00+00:00,48478.0,48462.887
2019-07-03 04:00:00+00:00,56124.0,55867.93
2019-07-03 05:00:00+00:00,61614.0,62296.266
2019-07-03 06:00:00+00:00,65046.0,64471.703
2019-07-03 07:00:00+00:00,66529.0,66352.69
2019-07-03 08:00:00+00:00,68067.0,68526.98
2019-07-03 09:00:00+00:00,69600.0,69281.5
2019-07-03 10:00:00+00:00,68226.0,69301.67
2019-07-03 11:00:00+00:00,67424.0,67677.49
2019-07-03 12:00:00+00:00,65595.0,66422.14
2019-07-03 13:00:00+00:00,64560.0,64531.8
2019-07-03 14:00:00+00:00,63368.0,63514.85
2019-07-03 15:00:00+00:00,63233.0,62898.55
2019-07-03 16:00:00+00:00,62904.0,62481.992
2019-07-03 17:00:00+00:00,61768.0,61993.223
2019-07-03 18:00:00+00:00,59470.0,59131.027
2019-07-03 19:00:00+00:00,57145.0,57159.992
2019-07-03 20:00:00+00:00,55149.0,54323.7
2019-07-03 21:00:00+00:00,50871.0,51083.703
2019-07-03 22:00:00+00:00,47393.0,47376.215
2019-07-03 23:00:00+00:00,46062.0,45281.723
2019-07-04 00:00:00+00:00,44847.0,45191.254
2019-07-04 01:00:00+00:00,44948.0,44879.914
2019-07-04 02:00:00+00:00,45783.0,45920.523
2019-07-04 03:00:00+00:00,48638.0,48123.74
2019-07-04 04:00:00+00:00,55930.0,56099.56
2019-07-04 05:00:00+00:00,61690.0,62090.33
2019-07-04 06:00:00+00:00,64959.0,64853.17
2019-07-04 07:00:00+00:00,66070.0,66243.48
2019-07-04 08:00:00+00:00,67053.0,67900.55
2019-07-04 09:00:00+00:00,68464.0,68317.92
2019-07-04 10:00:00+00:00,68143.0,68180.27
2019-07-04 11:00:00+00:00,67568.0,67718.65
2019-07-04 12:00:00+00:00,66410.0,66639.17
2019-07-04 13:00:00+00:00,65348.0,65432.312
2019-07-04 14:00:00+00:00,64381.0,64055.625
2019-07-04 15:00:00+00:00,64169.0,63803.254
2019-07-04 16:00:00+00:00,63506.0,63470.438
2019-07-04 17:00:00+00:00,62675.0,62446.258
2019-07-04 18:00:00+00:00,60193.0,60126.78
2019-07-04 19:00:00+00:00,57863.0,57987.4
2019-07-04 20:00:00+00:00,55719.0,55073.863
2019-07-04 21:00:00+00:00,51898.0,51590.83
2019-07-04 22:00:00+00:00,48560.0,48457.71
2019-07-04 23:00:00+00:00,46694.0,46388.727
2019-07-05 00:00:00+00:00,45839.0,45679.82
2019-07-05 01:00:00+00:00,45662.0,45941.688
2019-07-05 02:00:00+00:00,46436.0,46509.49
2019-07-05 03:00:00+00:00,48780.0,48627.805
2019-07-05 04:00:00+00:00,56001.0,55934.918
2019-07-05 05:00:00+00:00,61690.0,62287.914
2019-07-05 06:00:00+00:00,64787.0,64829.473
2019-07-05 07:00:00+00:00,66132.0,66067.51
2019-07-05 08:00:00+00:00,66561.0,67954.43
2019-07-05 09:00:00+00:00,67396.0,67810.28
2019-07-05 10:00:00+00:00,67078.0,67122.36
2019-07-05 11:00:00+00:00,66044.0,66567.555
2019-07-05 12:00:00+00:00,64727.0,65051.727
2019-07-05 13:00:00+00:00,64052.0,63721.062
2019-07-05 14:00:00+00:00,63160.0,62921.133
2019-07-05 15:00:00+00:00,62333.0,62505.496
2019-07-05 16:00:00+00:00,62004.0,61501.676
2019-07-05 17:00:00+00:00,60536.0,60990.74
2019-07-05 18:00:00+00:00,57304.0,57830.77
2019-07-05 19:00:00+00:00,54993.0,55321.082
2019-07-05 20:00:00+00:00,53095.0,52904.277
2019-07-05 21:00:00+00:00,49428.0,49337.543
2019-07-05 22:00:00+00:00,46511.0,46129.28
2019-07-05 23:00:00+00:00,44071.0,44353.207
2019-07-06 00:00:00+00:00,42463.0,42751.14
2019-07-06 01:00:00+00:00,42059.0,41986.152
2019-07-06 02:00:00+00:00,41874.0,42105.75
2019-07-06 03:00:00+00:00,41874.0,41872.7
2019-07-06 04:00:00+00:00,43721.0,44464.113
2019-07-06 05:00:00+00:00,47061.0,47332.72
2019-07-06 06:00:00+00:00,50973.0,50996.207
2019-07-06 07:00:00+00:00,53986.0,53929.98
2019-07-06 08:00:00+00:00,55316.0,56006.04
2019-07-06 09:00:00+00:00,55628.0,56445.24
2019-07-06 10:00:00+00:00,55796.0,54965.152
2019-07-06 11:00:00+00:00,54189.0,54610.71
2019-07-06 12:00:00+00:00,52669.0,52758.848
2019-07-06 13:00:00+00:00,51968.0,51639.832
2019-07-06 14:00:00+00:00,52117.0,51535.62
2019-07-06 15:00:00+00:00,52305.0,52826.87
2019-07-06 16:00:00+00:00,52190.0,52164.914
2019-07-06 17:00:00+00:00,51509.0,51290.6
2019-07-06 18:00:00+00:00,49000.0,49426.043
2019-07-06 19:00:00+00:00,47613.0,47381.242
2019-07-06 20:00:00+00:00,47106.0,46550.22
2019-07-06 21:00:00+00:00,44139.0,43996.5
2019-07-06 22:00:00+00:00,41258.0,40995.18
2019-07-06 23:00:00+00:00,39043.0,38790.062
2019-07-07 00:00:00+00:00,37573.0,37561.61
2019-07-07 01:00:00+00:00,36866.0,36852.57
2019-07-07 02:00:00+00:00,36765.0,36390.707
2019-07-07 03:00:00+00:00,36308.0,36045.848
2019-07-07 04:00:00+00:00,37563.0,37329.91
2019-07-07 05:00:00+00:00,39423.0,40472.992
2019-07-07 06:00:00+00:00,42108.0,42747.723
2019-07-07 07:00:00+00:00,45267.0,45248.598
2019-07-07 08:00:00+00:00,47786.0,47993.95
2019-07-07 09:00:00+00:00,49256.0,50218.43
2019-07-07 10:00:00+00:00,49821.0,49543.715
2019-07-07 11:00:00+00:00,47891.0,48588.79
2019-07-07 12:00:00+00:00,47264.0,46386.918
2019-07-07 13:00:00+00:00,46477.0,46750.38
2019-07-07 14:00:00+00:00,46774.0,46177.473
2019-07-07 15:00:00+00:00,47720.0,47758.57
2019-07-07 16:00:00+00:00,48146.0,48410.6
2019-07-07 17:00:00+00:00,48426.0,47891.758
2019-07-07 18:00:00+00:00,47594.0,48142.95
2019-07-07 19:00:00+00:00,46804.0,47359.215
2019-07-07 20:00:00+00:00,46971.0,46367.605
2019-07-07 21:00:00+00:00,44281.0,44082.332
2019-07-07 22:00:00+00:00,42355.0,41644.066
2019-07-07 23:00:00+00:00,41124.0,40812.32
2019-07-08 00:00:00+00:00,39855.0,40474.195
2019-07-08 01:00:00+00:00,40003.0,39793.4
2019-07-08 02:00:00+00:00,41457.0,41236.055
2019-07-08 03:00:00+00:00,44993.0,45319.656
2019-07-08 04:00:00+00:00,53519.0,53662.797
2019-07-08 05:00:00+00:00,59622.0,60395.75
2019-07-08 06:00:00+00:00,62320.0,63360.973
2019-07-08 07:00:00+00:00,64026.0,63971.42
2019-07-08 08:00:00+00:00,66436.0,66289.93
2019-07-08 09:00:00+00:00,67441.0,68337.445
2019-07-08 10:00:00+00:00,67438.0,67139.01
2019-07-08 11:00:00+00:00,66902.0,67431.305
2019-07-08 12:00:00+00:00,65665.0,65937.93
2019-07-08 13:00:00+00:00,64658.0,64683.625
2019-07-08 14:00:00+00:00,63481.0,62988.465
2019-07-08 15:00:00+00:00,63483.0,63276.613
2019-07-08 16:00:00+00:00,62672.0,63260.47
2019-07-08 17:00:00+00:00,61355.0,62003.973
2019-07-08 18:00:00+00:00,58744.0,59070.297
2019-07-08 19:00:00+00:00,56386.0,56672.734
2019-07-08 20:00:00+00:00,53932.0,53412.79
2019-07-08 21:00:00+00:00,49661.0,49860.33
2019-07-08 22:00:00+00:00,46755.0,46516.258
2019-07-08 23:00:00+00:00,45069.0,45071.64
2019-07-09 00:00:00+00:00,44425.0,44277.652
2019-07-09 01:00:00+00:00,44599.0,44752.49
2019-07-09 02:00:00+00:00,45665.0,45850.44
2019-07-09 03:00:00+00:00,47964.0,48939.14
2019-07-09 04:00:00+00:00,55727.0,55008.21
2019-07-09 05:00:00+00:00,60973.0,62051.727
2019-07-09 06:00:00+00:00,62983.0,63876.29
2019-07-09 07:00:00+00:00,64193.0,64159.95
2019-07-09 08:00:00+00:00,65976.0,66202.13
2019-07-09 09:00:00+00:00,67982.0,67136.04
2019-07-09 10:00:00+00:00,67081.0,67620.02
2019-07-09 11:00:00+00:00,66589.0,66465.625
2019-07-09 12:00:00+00:00,65618.0,65637.69
2019-07-09 13:00:00+00:00,64088.0,64587.984
2019-07-09 14:00:00+00:00,62999.0,62887.875
2019-07-09 15:00:00+00:00,62715.0,62514.29
2019-07-09 16:00:00+00:00,62272.0,62010.703
2019-07-09 17:00:00+00:00,61240.0,61156.215
2019-07-09 18:00:00+00:00,58950.0,58794.973
2019-07-09 19:00:00+00:00,56427.0,56853.297
2019-07-09 20:00:00+00:00,54259.0,53497.85
2019-07-09 21:00:00+00:00,50079.0,50323.883
2019-07-09 22:00:00+00:00,47113.0,46762.824
2019-07-09 23:00:00+00:00,45318.0,45234.332
2019-07-10 00:00:00+00:00,44281.0,44388.105
2019-07-10 01:00:00+00:00,44526.0,44418.207
2019-07-10 02:00:00+00:00,45350.0,45588.94
2019-07-10 03:00:00+00:00,47817.0,48202.926
2019-07-10 04:00:00+00:00,55268.0,55117.684
2019-07-10 05:00:00+00:00,60765.0,61539.176
2019-07-10 06:00:00+00:00,62889.0,63909.58
2019-07-10 07:00:00+00:00,64070.0,64097.74
2019-07-10 08:00:00+00:00,64573.0,66002.27
2019-07-10 09:00:00+00:00,65938.0,65657.55
2019-07-10 10:00:00+00:00,66103.0,65566.87
2019-07-10 11:00:00+00:00,65883.0,65599.61
2019-07-10 12:00:00+00:00,65066.0,64937.332
2019-07-10 13:00:00+00:00,64209.0,64073.066
2019-07-10 14:00:00+00:00,62141.0,63003.863
2019-07-10 15:00:00+00:00,61873.0,61308.9
2019-07-10 16:00:00+00:00,61622.0,61380.418
2019-07-10 17:00:00+00:00,60655.0,60731.83
2019-07-10 18:00:00+00:00,58460.0,58411.258
2019-07-10 19:00:00+00:00,56139.0,56646.582
2019-07-10 20:00:00+00:00,53656.0,53347.273
2019-07-10 21:00:00+00:00,49646.0,49696.93
2019-07-10 22:00:00+00:00,47216.0,46330.855
2019-07-10 23:00:00+00:00,45665.0,45354.56
2019-07-11 00:00:00+00:00,44644.0,44740.805
2019-07-11 01:00:00+00:00,44711.0,44763.613
2019-07-11 02:00:00+00:00,45598.0,45734.93
2019-07-11 03:00:00+00:00,48499.0,48818.293
2019-07-11 04:00:00+00:00,55068.0,56088.93
2019-07-11 05:00:00+00:00,60291.0,60519.273
2019-07-11 06:00:00+00:00,63090.0,63245.08
2019-07-11 07:00:00+00:00,64203.0,64514.31
2019-07-11 08:00:00+00:00,66001.0,66085.39
2019-07-11 09:00:00+00:00,67319.0,67336.766
2019-07-11 10:00:00+00:00,67079.0,66980.39
2019-07-11 11:00:00+00:00,66236.0,66575.914
2019-07-11 12:00:00+00:00,65057.0,65238.664
2019-07-11 13:00:00+00:00,63899.0,64028.992
2019-07-11 14:00:00+00:00,62617.0,62632.715
2019-07-11 15:00:00+00:00,62342.0,61904.25
2019-07-11 16:00:00+00:00,61892.0,61556.535
2019-07-11 17:00:00+00:00,60853.0,60734.69
2019-07-11 18:00:00+00:00,58547.0,58434.43
2019-07-11 19:00:00+00:00,56106.0,56571.95
2019-07-11 20:00:00+00:00,53501.0,53182.5
2019-07-11 21:00:00+00:00,49880.0,49593.234
2019-07-11 22:00:00+00:00,47231.0,46711.465
2019-07-11 23:00:00+00:00,45719.0,45307.215
2019-07-12 00:00:00+00:00,44672.0,44843.26
2019-07-12 01:00:00+00:00,44954.0,44748.01
2019-07-12 02:00:00+00:00,46186.0,46117.03
2019-07-12 03:00:00+00:00,48854.0,49629.688
2019-07-12 04:00:00+00:00,55507.0,55787.562
2019-07-12 05:00:00+00:00,60783.0,61110.977
2019-07-12 06:00:00+00:00,64155.0,63703.35
2019-07-12 07:00:00+00:00,65448.0,65622.73
2019-07-12 08:00:00+00:00,67013.0,67395.266
2019-07-12 09:00:00+00:00,67633.0,68145.41
2019-07-12 10:00:00+00:00,66774.0,67204.24
2019-07-12 11:00:00+00:00,65069.0,66123.17
2019-07-12 12:00:00+00:00,64051.0,63977.52
2019-07-12 13:00:00+00:00,63641.0,63003.62
2019-07-12 14:00:00+00:00,62475.0,62603.926
2019-07-12 15:00:00+00:00,61853.0,61656.89
2019-07-12 16:00:00+00:00,60858.0,60825.316
2019-07-12 17:00:00+00:00,59210.0,59330.06
2019-07-12 18:00:00+00:00,56310.0,56776.27
2019-07-12 19:00:00+00:00,53973.0,54639.15
2019-07-12 20:00:00+00:00,51372.0,51234.508
2019-07-12 21:00:00+00:00,48230.0,47629.766
2019-07-12 22:00:00+00:00,45524.0,45368.633
2019-07-12 23:00:00+00:00,43450.0,43594.918
2019-07-13 00:00:00+00:00,42186.0,42403.11
2019-07-13 01:00:00+00:00,41984.0,41848.473
2019-07-13 02:00:00+00:00,41814.0,42362.367
2019-07-13 03:00:00+00:00,41654.0,42285.758
2019-07-13 04:00:00+00:00,43522.0,44241.336
2019-07-13 05:00:00+00:00,46654.0,47070.844
2019-07-13 06:00:00+00:00,49914.0,50312.484
2019-07-13 07:00:00+00:00,52996.0,52447.902
2019-07-13 08:00:00+00:00,54916.0,55122.805
2019-07-13 09:00:00+00:00,56150.0,55688.22
2019-07-13 10:00:00+00:00,54752.0,55308.87
2019-07-13 11:00:00+00:00,52606.0,52996.777
2019-07-13 12:00:00+00:00,50572.0,51215.94
2019-07-13 13:00:00+00:00,50319.0,49656.023
2019-07-13 14:00:00+00:00,50051.0,50433.023
2019-07-13 15:00:00+00:00,50402.0,50744.137
2019-07-13 16:00:00+00:00,51264.0,50780.758
2019-07-13 17:00:00+00:00,50464.0,50949.504
2019-07-13 18:00:00+00:00,48221.0,48904.37
2019-07-13 19:00:00+00:00,46763.0,47153.13
2019-07-13 20:00:00+00:00,45872.0,45105.145
2019-07-13 21:00:00+00:00,43172.0,42849.047
2019-07-13 22:00:00+00:00,40285.0,40102.03
2019-07-13 23:00:00+00:00,37662.0,38140.227
2019-07-14 00:00:00+00:00,36214.0,36380.875
2019-07-14 01:00:00+00:00,35986.0,35542.734
2019-07-14 02:00:00+00:00,35530.0,35729.76
2019-07-14 03:00:00+00:00,35670.0,34641.27
2019-07-14 04:00:00+00:00,36817.0,36592.527
2019-07-14 05:00:00+00:00,38359.0,39496.273
2019-07-14 06:00:00+00:00,41634.0,41724.5
2019-07-14 07:00:00+00:00,44666.0,45101.56
2019-07-14 08:00:00+00:00,47172.0,47398.695
2019-07-14 09:00:00+00:00,49186.0,49629.766
2019-07-14 10:00:00+00:00,48663.0,49565.1
2019-07-14 11:00:00+00:00,47032.0,46914.14
2019-07-14 12:00:00+00:00,45627.0,45584.754
2019-07-14 13:00:00+00:00,45245.0,44783.95
2019-07-14 14:00:00+00:00,45403.0,45431.355
2019-07-14 15:00:00+00:00,46034.0,46462.043
2019-07-14 16:00:00+00:00,47641.0,46858.69
2019-07-14 17:00:00+00:00,47547.0,47944.758
2019-07-14 18:00:00+00:00,46960.0,47044.87
2019-07-14 19:00:00+00:00,46799.0,46797.676
2019-07-14 20:00:00+00:00,46575.0,46427.297
2019-07-14 21:00:00+00:00,43654.0,43341.18
2019-07-14 22:00:00+00:00,41349.0,41080.03
2019-07-14 23:00:00+00:00,39317.0,39732.996
2019-07-15 00:00:00+00:00,38979.0,38393.934
2019-07-15 01:00:00+00:00,39292.0,39383.184
2019-07-15 02:00:00+00:00,41005.0,40930.58
2019-07-15 03:00:00+00:00,44655.0,45520.895
2019-07-15 04:00:00+00:00,52866.0,52640.15
2019-07-15 05:00:00+00:00,58919.0,59630.957
2019-07-15 06:00:00+00:00,62190.0,62545.766
2019-07-15 07:00:00+00:00,63264.0,63907.617
2019-07-15 08:00:00+00:00,65329.0,65206.945
2019-07-15 09:00:00+00:00,66830.0,67044.29
2019-07-15 10:00:00+00:00,66294.0,66639.33
2019-07-15 11:00:00+00:00,65452.0,66017.164
2019-07-15 12:00:00+00:00,64143.0,64439.715
2019-07-15 13:00:00+00:00,63048.0,63112.035
2019-07-15 14:00:00+00:00,61750.0,61496.234
2019-07-15 15:00:00+00:00,61632.0,61397.35
2019-07-15 16:00:00+00:00,60985.0,61414.363
2019-07-15 17:00:00+00:00,60144.0,60189.684
2019-07-15 18:00:00+00:00,57878.0,58141.863
2019-07-15 19:00:00+00:00,55703.0,55999.695
2019-07-15 20:00:00+00:00,53500.0,52383.707
2019-07-15 21:00:00+00:00,49458.0,49343.05
2019-07-15 22:00:00+00:00,45839.0,46279.97
2019-07-15 23:00:00+00:00,43905.0,43937.19
2019-07-16 00:00:00+00:00,42403.0,42895.21
2019-07-16 01:00:00+00:00,42872.0,42005.18
2019-07-16 02:00:00+00:00,44065.0,43950.863
2019-07-16 03:00:00+00:00,47487.0,47020.35
2019-07-16 04:00:00+00:00,54696.0,55868.047
2019-07-16 05:00:00+00:00,60723.0,60961.414
2019-07-16 06:00:00+00:00,64102.0,64172.348
2019-07-16 07:00:00+00:00,65583.0,65502.266
2019-07-16 08:00:00+00:00,67136.0,67481.07
2019-07-16 09:00:00+00:00,67591.0,68591.9
2019-07-16 10:00:00+00:00,66804.0,67161.31
2019-07-16 11:00:00+00:00,65972.0,66450.76
2019-07-16 12:00:00+00:00,65245.0,64911.73
2019-07-16 13:00:00+00:00,64281.0,64379.688
2019-07-16 14:00:00+00:00,62598.0,62938.773
2019-07-16 15:00:00+00:00,62017.0,61996.41
2019-07-16 16:00:00+00:00,61538.0,61284.527
2019-07-16 17:00:00+00:00,60604.0,60565.21
2019-07-16 18:00:00+00:00,58280.0,58341.902
2019-07-16 19:00:00+00:00,56056.0,56200.453
2019-07-16 20:00:00+00:00,53803.0,52954.273
2019-07-16 21:00:00+00:00,49953.0,49674.254
2019-07-16 22:00:00+00:00,46640.0,46772.14
2019-07-16 23:00:00+00:00,45074.0,44634.23
2019-07-17 00:00:00+00:00,43606.0,44182.63
2019-07-17 01:00:00+00:00,43549.0,43334.45
2019-07-17 02:00:00+00:00,44866.0,44249.004
2019-07-17 03:00:00+00:00,47417.0,47957.62
2019-07-17 04:00:00+00:00,54268.0,54899.26
2019-07-17 05:00:00+00:00,59306.0,60340.297
2019-07-17 06:00:00+00:00,62752.0,62550.31
2019-07-17 07:00:00+00:00,64032.0,64317.32
2019-07-17 08:00:00+00:00,65408.0,65995.734
2019-07-17 09:00:00+00:00,66204.0,66816.516
2019-07-17 10:00:00+00:00,65650.0,65857.516
2019-07-17 11:00:00+00:00,65353.0,65083.848
2019-07-17 12:00:00+00:00,64143.0,64375.973
2019-07-17 13:00:00+00:00,63490.0,63126.33
2019-07-17 14:00:00+00:00,61861.0,62236.17
2019-07-17 15:00:00+00:00,61521.0,61090.434
2019-07-17 16:00:00+00:00,61070.0,60799.258
2019-07-17 17:00:00+00:00,59805.0,59976.69
2019-07-17 18:00:00+00:00,57760.0,57365.49
2019-07-17 19:00:00+00:00,55858.0,56082.766
2019-07-17 20:00:00+00:00,53713.0,52884.703
2019-07-17 21:00:00+00:00,49593.0,49723.188
2019-07-17 22:00:00+00:00,46708.0,46281.47
2019-07-17 23:00:00+00:00,45025.0,44723.863
2019-07-18 00:00:00+00:00,44073.0,43994.797
2019-07-18 01:00:00+00:00,44283.0,44125.457
2019-07-18 02:00:00+00:00,45062.0,45355.355
2019-07-18 03:00:00+00:00,47775.0,47882.305
2019-07-18 04:00:00+00:00,54338.0,55139.97
2019-07-18 05:00:00+00:00,59822.0,60164.242
2019-07-18 06:00:00+00:00,63006.0,62952.83
2019-07-18 07:00:00+00:00,63915.0,64493.098
2019-07-18 08:00:00+00:00,65096.0,65819.69
2019-07-18 09:00:00+00:00,67182.0,66402.16
2019-07-18 10:00:00+00:00,66568.0,67083.51
2019-07-18 11:00:00+00:00,66152.0,65980.34
2019-07-18 12:00:00+00:00,65448.0,65270.52
2019-07-18 13:00:00+00:00,64439.0,64495.66
2019-07-18 14:00:00+00:00,62847.0,63080.844
2019-07-18 15:00:00+00:00,62863.0,62010.88
2019-07-18 16:00:00+00:00,62336.0,62221.484
2019-07-18 17:00:00+00:00,61561.0,61238.65
2019-07-18 18:00:00+00:00,58907.0,59169.805
2019-07-18 19:00:00+00:00,56844.0,56838.918
2019-07-18 20:00:00+00:00,54000.0,54078.094
2019-07-18 21:00:00+00:00,49918.0,49867.008
2019-07-18 22:00:00+00:00,47197.0,46637.21
2019-07-18 23:00:00+00:00,45400.0,45274.152
2019-07-19 00:00:00+00:00,44438.0,44401.656
2019-07-19 01:00:00+00:00,44538.0,44548.887
2019-07-19 02:00:00+00:00,45410.0,45586.465
2019-07-19 03:00:00+00:00,48030.0,48457.062
2019-07-19 04:00:00+00:00,54643.0,55280.01
2019-07-19 05:00:00+00:00,59829.0,60400.69
2019-07-19 06:00:00+00:00,63046.0,62931.297
2019-07-19 07:00:00+00:00,64093.0,64526.535
2019-07-19 08:00:00+00:00,65771.0,65899.7
2019-07-19 09:00:00+00:00,66808.0,67096.586
2019-07-19 10:00:00+00:00,66277.0,66415.984
2019-07-19 11:00:00+00:00,64965.0,65663.55
2019-07-19 12:00:00+00:00,63583.0,63888.94
2019-07-19 13:00:00+00:00,61969.0,62612.477
2019-07-19 14:00:00+00:00,60878.0,60853.555
2019-07-19 15:00:00+00:00,59916.0,60363.44
2019-07-19 16:00:00+00:00,59683.0,58984.86
2019-07-19 17:00:00+00:00,57975.0,58718.17
2019-07-19 18:00:00+00:00,55067.0,55502.59
2019-07-19 19:00:00+00:00,53033.0,53624.75
2019-07-19 20:00:00+00:00,51194.0,50793.117
2019-07-19 21:00:00+00:00,48001.0,47595.246
2019-07-19 22:00:00+00:00,45423.0,44955.453
2019-07-19 23:00:00+00:00,43227.0,43365.09
2019-07-20 00:00:00+00:00,41018.0,41920.98
2019-07-20 01:00:00+00:00,39855.0,40117.46
2019-07-20 02:00:00+00:00,39378.0,39017.297
2019-07-20 03:00:00+00:00,39426.0,38651.59
2019-07-20 04:00:00+00:00,41604.0,41411.21
2019-07-20 05:00:00+00:00,45075.0,45005.98
2019-07-20 06:00:00+00:00,49328.0,49102.87
2019-07-20 07:00:00+00:00,52235.0,52938.34
2019-07-20 08:00:00+00:00,54217.0,54214.34
2019-07-20 09:00:00+00:00,55303.0,55766.812
2019-07-20 10:00:00+00:00,55465.0,55106.668
2019-07-20 11:00:00+00:00,53438.0,54378.492
2019-07-20 12:00:00+00:00,51138.0,51988.05
2019-07-20 13:00:00+00:00,50957.0,49825.938
2019-07-20 14:00:00+00:00,50607.0,50472.87
2019-07-20 15:00:00+00:00,50088.0,50323.906
2019-07-20 16:00:00+00:00,51660.0,49458.13
2019-07-20 17:00:00+00:00,50760.0,51961.37
2019-07-20 18:00:00+00:00,48550.0,48645.758
2019-07-20 19:00:00+00:00,47718.0,47102.945
2019-07-20 20:00:00+00:00,46689.0,47108.55
2019-07-20 21:00:00+00:00,43589.0,43518.137
2019-07-20 22:00:00+00:00,40572.0,40317.44
2019-07-20 23:00:00+00:00,38204.0,38179.82
2019-07-21 00:00:00+00:00,36987.0,36770.555
2019-07-21 01:00:00+00:00,36470.0,36418.805
2019-07-21 02:00:00+00:00,36181.0,36612.586
2019-07-21 03:00:00+00:00,36204.0,35424.645
2019-07-21 04:00:00+00:00,36762.0,36363.85
2019-07-21 05:00:00+00:00,38706.0,39085.13
2019-07-21 06:00:00+00:00,41727.0,42469.77
2019-07-21 07:00:00+00:00,44299.0,44980.133
2019-07-21 08:00:00+00:00,46784.0,46872.2
2019-07-21 09:00:00+00:00,49237.0,49223.98
2019-07-21 10:00:00+00:00,49487.0,49567.246
2019-07-21 11:00:00+00:00,47875.0,47932.47
2019-07-21 12:00:00+00:00,46419.0,46320.543
2019-07-21 13:00:00+00:00,45377.0,45400.1
2019-07-21 14:00:00+00:00,45164.0,44985.004
2019-07-21 15:00:00+00:00,45782.0,46185.312
2019-07-21 16:00:00+00:00,46926.0,47031.12
2019-07-21 17:00:00+00:00,47644.0,47440.617
2019-07-21 18:00:00+00:00,47269.0,47881.38
2019-07-21 19:00:00+00:00,46976.0,47275.83
2019-07-21 20:00:00+00:00,46847.0,46273.973
2019-07-21 21:00:00+00:00,44006.0,43956.3
2019-07-21 22:00:00+00:00,41727.0,41186.113
2019-07-21 23:00:00+00:00,39910.0,39906.04
2019-07-22 00:00:00+00:00,38666.0,38830.902
2019-07-22 01:00:00+00:00,38983.0,38492.79
2019-07-22 02:00:00+00:00,40499.0,40255.105
2019-07-22 03:00:00+00:00,44018.0,44319.793
2019-07-22 04:00:00+00:00,51807.0,51803.18
2019-07-22 05:00:00+00:00,58016.0,58942.652
2019-07-22 06:00:00+00:00,61610.0,62387.344
2019-07-22 07:00:00+00:00,62714.0,63491.47
2019-07-22 08:00:00+00:00,64380.0,64492.137
2019-07-22 09:00:00+00:00,65539.0,66284.67
2019-07-22 10:00:00+00:00,65536.0,65441.81
2019-07-22 11:00:00+00:00,65211.0,65274.715
2019-07-22 12:00:00+00:00,63817.0,64262.19
2019-07-22 13:00:00+00:00,63061.0,62818.43
2019-07-22 14:00:00+00:00,62411.0,61556.305
2019-07-22 15:00:00+00:00,62098.0,61879.848
2019-07-22 16:00:00+00:00,61985.0,61932.17
2019-07-22 17:00:00+00:00,60861.0,61367.633
2019-07-22 18:00:00+00:00,58411.0,58279.66
2019-07-22 19:00:00+00:00,56375.0,56613.336
2019-07-22 20:00:00+00:00,54154.0,53329.336
2019-07-22 21:00:00+00:00,50080.0,49879.953
2019-07-22 22:00:00+00:00,46928.0,46764.19
2019-07-22 23:00:00+00:00,45185.0,45027.902
2019-07-23 00:00:00+00:00,43913.0,44227.508
2019-07-23 01:00:00+00:00,43770.0,43775.445
2019-07-23 02:00:00+00:00,44420.0,44553.16
2019-07-23 03:00:00+00:00,47105.0,46693.22
2019-07-23 04:00:00+00:00,53489.0,54198.996
2019-07-23 05:00:00+00:00,59068.0,59442.523
2019-07-23 06:00:00+00:00,62332.0,62613.727
2019-07-23 07:00:00+00:00,63964.0,63904.156
2019-07-23 08:00:00+00:00,65701.0,65807.01
2019-07-23 09:00:00+00:00,67175.0,67355.38
2019-07-23 10:00:00+00:00,66623.0,66986.85
2019-07-23 11:00:00+00:00,65961.0,66092.766
2019-07-23 12:00:00+00:00,65022.0,65036.656
2019-07-23 13:00:00+00:00,63996.0,64137.465
2019-07-23 14:00:00+00:00,62604.0,62636.973
2019-07-23 15:00:00+00:00,62169.0,61893.273
2019-07-23 16:00:00+00:00,61472.0,61371.812
2019-07-23 17:00:00+00:00,61098.0,60335.53
2019-07-23 18:00:00+00:00,58765.0,58874.9
2019-07-23 19:00:00+00:00,57087.0,56674.574
2019-07-23 20:00:00+00:00,54335.0,54306.05
2019-07-23 21:00:00+00:00,50269.0,50122.184
2019-07-23 22:00:00+00:00,47608.0,46909.418
2019-07-23 23:00:00+00:00,46066.0,45654.875
2019-07-24 00:00:00+00:00,44785.0,45097.992
2019-07-24 01:00:00+00:00,44927.0,44738.605
2019-07-24 02:00:00+00:00,45889.0,45925.34
2019-07-24 03:00:00+00:00,48482.0,48993.055
2019-07-24 04:00:00+00:00,54350.0,54938.24
2019-07-24 05:00:00+00:00,60046.0,59631.293
2019-07-24 06:00:00+00:00,63312.0,63417.332
2019-07-24 07:00:00+00:00,64704.0,64819.633
2019-07-24 08:00:00+00:00,66573.0,66501.1
2019-07-24 09:00:00+00:00,67935.0,68077.17
2019-07-24 10:00:00+00:00,67223.0,67709.28
2019-07-24 11:00:00+00:00,66474.0,66664.32
2019-07-24 12:00:00+00:00,65760.0,65486.07
2019-07-24 13:00:00+00:00,64641.0,64736.902
2019-07-24 14:00:00+00:00,63336.0,63260.305
2019-07-24 15:00:00+00:00,62717.0,62717.203
2019-07-24 16:00:00+00:00,62407.0,61976.11
2019-07-24 17:00:00+00:00,61713.0,61364.164
2019-07-24 18:00:00+00:00,59523.0,59474.645
2019-07-24 19:00:00+00:00,57550.0,57528.027
2019-07-24 20:00:00+00:00,55321.0,54783.1
2019-07-24 21:00:00+00:00,51691.0,51331.797
2019-07-24 22:00:00+00:00,49070.0,48374.94
2019-07-24 23:00:00+00:00,47550.0,47089.332
2019-07-25 00:00:00+00:00,46546.0,46639.305
2019-07-25 01:00:00+00:00,46148.0,46639.098
2019-07-25 02:00:00+00:00,46783.0,46795.727
2019-07-25 03:00:00+00:00,49261.0,48926.633
2019-07-25 04:00:00+00:00,54523.0,55369.543
2019-07-25 05:00:00+00:00,60101.0,59400.168
2019-07-25 06:00:00+00:00,63476.0,63459.023
2019-07-25 07:00:00+00:00,64987.0,65037.254
2019-07-25 08:00:00+00:00,66982.0,66704.15
2019-07-25 09:00:00+00:00,68337.0,68582.24
2019-07-25 10:00:00+00:00,67638.0,68342.164
2019-07-25 11:00:00+00:00,67108.0,67015.0
2019-07-25 12:00:00+00:00,66007.0,66194.85
2019-07-25 13:00:00+00:00,65053.0,65021.137
2019-07-25 14:00:00+00:00,63709.0,63678.484
2019-07-25 15:00:00+00:00,63324.0,62950.613
2019-07-25 16:00:00+00:00,63101.0,62607.312
2019-07-25 17:00:00+00:00,62266.0,62045.31
2019-07-25 18:00:00+00:00,60584.0,59962.31
2019-07-25 19:00:00+00:00,58735.0,58781.766
2019-07-25 20:00:00+00:00,56071.0,56267.16
2019-07-25 21:00:00+00:00,52666.0,52110.23
2019-07-25 22:00:00+00:00,49445.0,49298.035
2019-07-25 23:00:00+00:00,47566.0,47136.89
2019-07-26 00:00:00+00:00,46658.0,46474.688
2019-07-26 01:00:00+00:00,46560.0,46708.438
2019-07-26 02:00:00+00:00,47456.0,47494.348
2019-07-26 03:00:00+00:00,49856.0,49900.074
2019-07-26 04:00:00+00:00,55549.0,55617.723
2019-07-26 05:00:00+00:00,61021.0,60977.36
2019-07-26 06:00:00+00:00,64078.0,64397.176
2019-07-26 07:00:00+00:00,65556.0,65497.414
2019-07-26 08:00:00+00:00,67020.0,67211.54
2019-07-26 09:00:00+00:00,67832.0,68485.76
2019-07-26 10:00:00+00:00,66920.0,67608.52
2019-07-26 11:00:00+00:00,65460.0,66247.93
2019-07-26 12:00:00+00:00,64274.0,64359.07
2019-07-26 13:00:00+00:00,63001.0,63268.51
2019-07-26 14:00:00+00:00,62353.0,61752.906
2019-07-26 15:00:00+00:00,62544.0,61853.8
2019-07-26 16:00:00+00:00,62020.0,62044.24
2019-07-26 17:00:00+00:00,60788.0,60870.64
2019-07-26 18:00:00+00:00,58153.0,58228.957
2019-07-26 19:00:00+00:00,55878.0,56056.688
2019-07-26 20:00:00+00:00,53702.0,53684.69
2019-07-26 21:00:00+00:00,49678.0,49915.516
2019-07-26 22:00:00+00:00,46533.0,46244.992
2019-07-26 23:00:00+00:00,43679.0,44324.785
2019-07-27 00:00:00+00:00,42293.0,42265.805
2019-07-27 01:00:00+00:00,41358.0,41967.426
2019-07-27 02:00:00+00:00,40698.0,40975.66
2019-07-27 03:00:00+00:00,40807.0,39441.953
2019-07-27 04:00:00+00:00,42652.0,41465.004
2019-07-27 05:00:00+00:00,46047.0,46368.543
2019-07-27 06:00:00+00:00,49160.0,50184.977
2019-07-27 07:00:00+00:00,52158.0,52517.21
2019-07-27 08:00:00+00:00,53547.0,54115.035
2019-07-27 09:00:00+00:00,55260.0,54930.59
2019-07-27 10:00:00+00:00,54574.0,55474.96
2019-07-27 11:00:00+00:00,52876.0,53172.78
2019-07-27 12:00:00+00:00,51933.0,51381.266
2019-07-27 13:00:00+00:00,51162.0,50988.11
2019-07-27 14:00:00+00:00,50593.0,50516.75
2019-07-27 15:00:00+00:00,50895.0,50519.14
2019-07-27 16:00:00+00:00,51221.0,51064.094
2019-07-27 17:00:00+00:00,50886.0,50706.906
2019-07-27 18:00:00+00:00,48749.0,49244.08
2019-07-27 19:00:00+00:00,47076.0,47247.504
2019-07-27 20:00:00+00:00,45911.0,45947.75
2019-07-27 21:00:00+00:00,42860.0,42878.047
2019-07-27 22:00:00+00:00,40293.0,39776.812
2019-07-27 23:00:00+00:00,38746.0,37996.938
2019-07-28 00:00:00+00:00,37793.0,37551.844
2019-07-28 01:00:00+00:00,37465.0,37468.758
2019-07-28 02:00:00+00:00,37137.0,37523.76
2019-07-28 03:00:00+00:00,37128.0,36409.58
2019-07-28 04:00:00+00:00,37316.0,38530.297
2019-07-28 05:00:00+00:00,39476.0,39810.664
2019-07-28 06:00:00+00:00,41878.0,43227.93
2019-07-28 07:00:00+00:00,44693.0,44719.18
2019-07-28 08:00:00+00:00,46778.0,47240.727
2019-07-28 09:00:00+00:00,48403.0,49231.023
2019-07-28 10:00:00+00:00,48661.0,48299.88
2019-07-28 11:00:00+00:00,47327.0,47275.992
2019-07-28 12:00:00+00:00,46236.0,45979.414
2019-07-28 13:00:00+00:00,45979.0,45497.38
2019-07-28 14:00:00+00:00,45785.0,46290.164
2019-07-28 15:00:00+00:00,47045.0,46812.41
2019-07-28 16:00:00+00:00,48532.0,48232.445
2019-07-28 17:00:00+00:00,49077.0,49335.707
2019-07-28 18:00:00+00:00,48196.0,48956.15
2019-07-28 19:00:00+00:00,48175.0,47494.246
2019-07-28 20:00:00+00:00,47129.0,47310.527
2019-07-28 21:00:00+00:00,44124.0,43903.082
2019-07-28 22:00:00+00:00,41211.0,41522.746
2019-07-28 23:00:00+00:00,40172.0,39361.98
2019-07-29 00:00:00+00:00,39717.0,39673.78
2019-07-29 01:00:00+00:00,39645.0,40264.867
2019-07-29 02:00:00+00:00,40814.0,41187.934
2019-07-29 03:00:00+00:00,44077.0,44547.656
2019-07-29 04:00:00+00:00,52483.0,51449.824
2019-07-29 05:00:00+00:00,58912.0,59587.03
2019-07-29 06:00:00+00:00,62314.0,62898.035
2019-07-29 07:00:00+00:00,63514.0,63996.953
2019-07-29 08:00:00+00:00,65130.0,65371.754
2019-07-29 09:00:00+00:00,65574.0,66862.35
2019-07-29 10:00:00+00:00,65575.0,65194.473
2019-07-29 11:00:00+00:00,64953.0,65282.902
2019-07-29 12:00:00+00:00,63688.0,63927.637
2019-07-29 13:00:00+00:00,62586.0,62603.215
2019-07-29 14:00:00+00:00,61262.0,61206.227
2019-07-29 15:00:00+00:00,60984.0,60764.727
2019-07-29 16:00:00+00:00,60642.0,60816.64
2019-07-29 17:00:00+00:00,59502.0,60240.24
2019-07-29 18:00:00+00:00,57324.0,57632.938
2019-07-29 19:00:00+00:00,55724.0,55934.562
2019-07-29 20:00:00+00:00,53191.0,52619.527
2019-07-29 21:00:00+00:00,49027.0,48865.08
2019-07-29 22:00:00+00:00,46007.0,45738.766
2019-07-29 23:00:00+00:00,44521.0,44139.58
2019-07-30 00:00:00+00:00,43757.0,43618.055
2019-07-30 01:00:00+00:00,43725.0,43889.793
2019-07-30 02:00:00+00:00,45118.0,44756.836
2019-07-30 03:00:00+00:00,47686.0,48543.8
2019-07-30 04:00:00+00:00,53699.0,54982.793
2019-07-30 05:00:00+00:00,59170.0,59207.383
2019-07-30 06:00:00+00:00,62107.0,62345.25
2019-07-30 07:00:00+00:00,63829.0,63577.574
2019-07-30 08:00:00+00:00,65962.0,65829.875
2019-07-30 09:00:00+00:00,67619.0,67393.22
2019-07-30 10:00:00+00:00,67014.0,67359.95
2019-07-30 11:00:00+00:00,66643.0,66492.23
2019-07-30 12:00:00+00:00,65585.0,65715.734
2019-07-30 13:00:00+00:00,64668.0,64560.656
2019-07-30 14:00:00+00:00,63730.0,63313.1
2019-07-30 15:00:00+00:00,62865.0,63176.934
2019-07-30 16:00:00+00:00,62645.0,61951.234
2019-07-30 17:00:00+00:00,61082.0,61611.53
2019-07-30 18:00:00+00:00,58547.0,58412.23
2019-07-30 19:00:00+00:00,57156.0,56944.434
2019-07-30 20:00:00+00:00,54315.0,54291.176
2019-07-30 21:00:00+00:00,50363.0,50159.23
2019-07-30 22:00:00+00:00,47247.0,47292.527
2019-07-30 23:00:00+00:00,45783.0,45299.81
2019-07-31 00:00:00+00:00,44528.0,44968.035
2019-07-31 01:00:00+00:00,44113.0,44520.723
2019-07-31 02:00:00+00:00,45090.0,44696.152
2019-07-31 03:00:00+00:00,48059.0,48049.418
2019-07-31 04:00:00+00:00,54771.0,55695.758
2019-07-31 05:00:00+00:00,60047.0,60459.242
2019-07-31 06:00:00+00:00,63069.0,63315.11
2019-07-31 07:00:00+00:00,63966.0,64600.133
2019-07-31 08:00:00+00:00,65504.0,65843.555
2019-07-31 09:00:00+00:00,67714.0,66910.016
2019-07-31 10:00:00+00:00,66225.0,67622.41
2019-07-31 11:00:00+00:00,64708.0,65479.566
2019-07-31 12:00:00+00:00,63348.0,63621.8
2019-07-31 13:00:00+00:00,63240.0,62438.973
2019-07-31 14:00:00+00:00,62471.0,61970.598
2019-07-31 15:00:00+00:00,61462.0,61775.363
2019-07-31 16:00:00+00:00,60968.0,60380.047
2019-07-31 17:00:00+00:00,59779.0,59942.574
2019-07-31 18:00:00+00:00,57261.0,57156.273
2019-07-31 19:00:00+00:00,55250.0,55182.844
2019-07-31 20:00:00+00:00,52151.0,52509.945
2019-07-31 21:00:00+00:00,48398.0,48052.734
2019-07-31 22:00:00+00:00,45295.0,45250.73
2019-07-31 23:00:00+00:00,43856.0,43241.984
2019-08-01 00:00:00+00:00,42786.0,43006.258
2019-08-01 01:00:00+00:00,42815.0,42822.06
2019-08-01 02:00:00+00:00,43890.0,43623.973
2019-08-01 03:00:00+00:00,46430.0,46862.527
2019-08-01 04:00:00+00:00,52897.0,53249.21
2019-08-01 05:00:00+00:00,57920.0,58664.816
2019-08-01 06:00:00+00:00,60707.0,61070.887
2019-08-01 07:00:00+00:00,61859.0,62186.12
2019-08-01 08:00:00+00:00,63324.0,63804.008
2019-08-01 09:00:00+00:00,65049.0,64311.7
2019-08-01 10:00:00+00:00,65418.0,64659.72
2019-08-01 11:00:00+00:00,64347.0,64818.547
2019-08-01 12:00:00+00:00,62974.0,63379.406
2019-08-01 13:00:00+00:00,61481.0,61985.062
2019-08-01 14:00:00+00:00,60320.0,60408.254
2019-08-01 15:00:00+00:00,59882.0,59777.35
2019-08-01 16:00:00+00:00,59734.0,59170.28
2019-08-01 17:00:00+00:00,58367.0,58786.39
2019-08-01 18:00:00+00:00,55851.0,55930.715
2019-08-01 19:00:00+00:00,54576.0,54324.71
2019-08-01 20:00:00+00:00,51991.0,51886.984
2019-08-01 21:00:00+00:00,48342.0,47997.973
2019-08-01 22:00:00+00:00,45880.0,45217.867
2019-08-01 23:00:00+00:00,43580.0,43907.14
2019-08-02 00:00:00+00:00,42732.0,42269.55
2019-08-02 01:00:00+00:00,43119.0,42644.477
2019-08-02 02:00:00+00:00,44299.0,44239.074
2019-08-02 03:00:00+00:00,47000.0,47336.29
2019-08-02 04:00:00+00:00,52693.0,53508.293
2019-08-02 05:00:00+00:00,58052.0,58142.293
2019-08-02 06:00:00+00:00,61010.0,61422.34
2019-08-02 07:00:00+00:00,62143.0,62610.332
2019-08-02 08:00:00+00:00,63503.0,63978.64
2019-08-02 09:00:00+00:00,64757.0,64817.383
2019-08-02 10:00:00+00:00,64838.0,64378.332
2019-08-02 11:00:00+00:00,62948.0,64254.766
2019-08-02 12:00:00+00:00,60649.0,61749.637
2019-08-02 13:00:00+00:00,59677.0,59626.555
2019-08-02 14:00:00+00:00,59282.0,59115.035
2019-08-02 15:00:00+00:00,59169.0,59154.164
2019-08-02 16:00:00+00:00,57915.0,58174.863
2019-08-02 17:00:00+00:00,56688.0,56488.844
2019-08-02 18:00:00+00:00,53976.0,54129.555
2019-08-02 19:00:00+00:00,52416.0,52507.867
2019-08-02 20:00:00+00:00,49485.0,49843.96
2019-08-02 21:00:00+00:00,45866.0,45675.227
2019-08-02 22:00:00+00:00,42178.0,42801.273
2019-08-02 23:00:00+00:00,40664.0,39874.754
2019-08-03 00:00:00+00:00,39322.0,39505.46
2019-08-03 01:00:00+00:00,38943.0,38910.984
2019-08-03 02:00:00+00:00,38778.0,38919.336
2019-08-03 03:00:00+00:00,39056.0,38332.04
2019-08-03 04:00:00+00:00,40472.0,40941.293
2019-08-03 05:00:00+00:00,43752.0,43972.42
2019-08-03 06:00:00+00:00,47260.0,47804.902
2019-08-03 07:00:00+00:00,50004.0,50251.996
2019-08-03 08:00:00+00:00,52044.0,51897.453
2019-08-03 09:00:00+00:00,53081.0,53087.832
2019-08-03 10:00:00+00:00,52973.0,52130.742
2019-08-03 11:00:00+00:00,51204.0,51461.633
2019-08-03 12:00:00+00:00,49124.0,49830.19
2019-08-03 13:00:00+00:00,48583.0,48004.91
2019-08-03 14:00:00+00:00,47780.0,48343.7
2019-08-03 15:00:00+00:00,48227.0,47912.516
2019-08-03 16:00:00+00:00,48259.0,48984.977
2019-08-03 17:00:00+00:00,47761.0,48348.113
2019-08-03 18:00:00+00:00,45666.0,46794.902
2019-08-03 19:00:00+00:00,45306.0,44864.203
2019-08-03 20:00:00+00:00,43589.0,44369.332
2019-08-03 21:00:00+00:00,40833.0,40389.984
2019-08-03 22:00:00+00:00,37834.0,38005.02
2019-08-03 23:00:00+00:00,36580.0,35718.793
2019-08-04 00:00:00+00:00,35599.0,35572.33
2019-08-04 01:00:00+00:00,35354.0,35230.414
2019-08-04 02:00:00+00:00,35263.0,35547.426
2019-08-04 03:00:00+00:00,35303.0,35427.883
2019-08-04 04:00:00+00:00,35645.0,35322.035
2019-08-04 05:00:00+00:00,37668.0,38533.484
2019-08-04 06:00:00+00:00,40748.0,41394.418
2019-08-04 07:00:00+00:00,43304.0,43688.1
2019-08-04 08:00:00+00:00,45356.0,45661.047
2019-08-04 09:00:00+00:00,47461.0,47820.023
2019-08-04 10:00:00+00:00,46736.0,47398.3
2019-08-04 11:00:00+00:00,45327.0,45250.426
2019-08-04 12:00:00+00:00,44393.0,44157.996
2019-08-04 13:00:00+00:00,43806.0,43717.133
2019-08-04 14:00:00+00:00,43877.0,43957.125
2019-08-04 15:00:00+00:00,44319.0,45225.203
2019-08-04 16:00:00+00:00,44807.0,45152.21
2019-08-04 17:00:00+00:00,44909.0,45062.816
2019-08-04 18:00:00+00:00,44687.0,45290.973
2019-08-04 19:00:00+00:00,44824.0,44584.125
2019-08-04 20:00:00+00:00,44030.0,43390.3
2019-08-04 21:00:00+00:00,41029.0,40918.566
2019-08-04 22:00:00+00:00,39122.0,38567.336
2019-08-04 23:00:00+00:00,37642.0,37577.23
2019-08-05 00:00:00+00:00,36662.0,36773.31
2019-08-05 01:00:00+00:00,36618.0,36542.176
2019-08-05 02:00:00+00:00,37966.0,37362.055
2019-08-05 03:00:00+00:00,41682.0,42003.73
2019-08-05 04:00:00+00:00,49230.0,48362.63
2019-08-05 05:00:00+00:00,54751.0,55826.906
2019-08-05 06:00:00+00:00,58550.0,58847.582
2019-08-05 07:00:00+00:00,60585.0,60496.87
2019-08-05 08:00:00+00:00,62236.0,63002.566
2019-08-05 09:00:00+00:00,63972.0,63787.004
2019-08-05 10:00:00+00:00,62885.0,63973.16
2019-08-05 11:00:00+00:00,62511.0,62149.01
2019-08-05 12:00:00+00:00,61979.0,61596.06
2019-08-05 13:00:00+00:00,61079.0,60971.66
2019-08-05 14:00:00+00:00,59247.0,59686.19
2019-08-05 15:00:00+00:00,59088.0,58842.355
2019-08-05 16:00:00+00:00,58773.0,59021.07
2019-08-05 17:00:00+00:00,57771.0,58276.742
2019-08-05 18:00:00+00:00,55219.0,55942.477
2019-08-05 19:00:00+00:00,53738.0,53653.52
2019-08-05 20:00:00+00:00,50402.0,50470.297
2019-08-05 21:00:00+00:00,46519.0,46305.996
2019-08-05 22:00:00+00:00,44234.0,43711.574
2019-08-05 23:00:00+00:00,42341.0,42739.805
2019-08-06 00:00:00+00:00,41390.0,41397.285
2019-08-06 01:00:00+00:00,41477.0,41276.668
2019-08-06 02:00:00+00:00,42661.0,42337.914
2019-08-06 03:00:00+00:00,45613.0,45828.58
2019-08-06 04:00:00+00:00,52430.0,51466.73
2019-08-06 05:00:00+00:00,57765.0,58513.746
2019-08-06 06:00:00+00:00,61184.0,61040.684
2019-08-06 07:00:00+00:00,61747.0,62803.574
2019-08-06 08:00:00+00:00,62849.0,63554.316
2019-08-06 09:00:00+00:00,65089.0,64126.562
2019-08-06 10:00:00+00:00,64899.0,64806.824
2019-08-06 11:00:00+00:00,63936.0,64230.906
2019-08-06 12:00:00+00:00,62315.0,63013.6
2019-08-06 13:00:00+00:00,60709.0,61330.48
2019-08-06 14:00:00+00:00,59836.0,59659.258
2019-08-06 15:00:00+00:00,60611.0,59391.6
2019-08-06 16:00:00+00:00,59496.0,60142.652
2019-08-06 17:00:00+00:00,57823.0,58084.9
2019-08-06 18:00:00+00:00,55555.0,55136.613
2019-08-06 19:00:00+00:00,54541.0,54163.363
2019-08-06 20:00:00+00:00,50722.0,51600.266
2019-08-06 21:00:00+00:00,46834.0,46542.0
2019-08-06 22:00:00+00:00,44078.0,43778.613
2019-08-06 23:00:00+00:00,42232.0,42163.652
2019-08-07 00:00:00+00:00,41733.0,41133.6
2019-08-07 01:00:00+00:00,41854.0,41851.75
2019-08-07 02:00:00+00:00,43146.0,42896.707
2019-08-07 03:00:00+00:00,45899.0,46367.668
2019-08-07 04:00:00+00:00,52518.0,52164.41
2019-08-07 05:00:00+00:00,57823.0,58401.86
2019-08-07 06:00:00+00:00,60382.0,60910.23
2019-08-07 07:00:00+00:00,61623.0,61833.535
2019-08-07 08:00:00+00:00,64205.0,63549.22
2019-08-07 09:00:00+00:00,65779.0,65429.97
2019-08-07 10:00:00+00:00,63736.0,65139.727
2019-08-07 11:00:00+00:00,63092.0,62783.97
2019-08-07 12:00:00+00:00,62786.0,62141.15
2019-08-07 13:00:00+00:00,61883.0,62098.34
2019-08-07 14:00:00+00:00,60694.0,60917.176
2019-08-07 15:00:00+00:00,60330.0,60161.49
2019-08-07 16:00:00+00:00,59518.0,59561.527
2019-08-07 17:00:00+00:00,58823.0,58128.074
2019-08-07 18:00:00+00:00,56910.0,57062.688
2019-08-07 19:00:00+00:00,55680.0,54777.363
2019-08-07 20:00:00+00:00,51617.0,52052.99
2019-08-07 21:00:00+00:00,47001.0,47375.21
2019-08-07 22:00:00+00:00,44400.0,44011.383
2019-08-07 23:00:00+00:00,42669.0,42802.016
2019-08-08 00:00:00+00:00,41911.0,41819.902
2019-08-08 01:00:00+00:00,41835.0,42245.17
2019-08-08 02:00:00+00:00,42685.0,42612.664
2019-08-08 03:00:00+00:00,45722.0,45835.984
2019-08-08 04:00:00+00:00,51629.0,51996.875
2019-08-08 05:00:00+00:00,57568.0,57209.55
2019-08-08 06:00:00+00:00,60560.0,60907.883
2019-08-08 07:00:00+00:00,61901.0,61957.484
2019-08-08 08:00:00+00:00,63540.0,63749.29
2019-08-08 09:00:00+00:00,65457.0,64878.926
2019-08-08 10:00:00+00:00,65313.0,65078.848
2019-08-08 11:00:00+00:00,64350.0,64721.445
2019-08-08 12:00:00+00:00,62831.0,63395.67
2019-08-08 13:00:00+00:00,61821.0,61766.457
2019-08-08 14:00:00+00:00,61070.0,60649.957
2019-08-08 15:00:00+00:00,60475.0,60694.973
2019-08-08 16:00:00+00:00,59929.0,59842.84
2019-08-08 17:00:00+00:00,59397.0,59023.855
2019-08-08 18:00:00+00:00,56678.0,57582.4
2019-08-08 19:00:00+00:00,55214.0,54936.16
2019-08-08 20:00:00+00:00,52042.0,52267.7
2019-08-08 21:00:00+00:00,47805.0,47894.105
2019-08-08 22:00:00+00:00,44393.0,44613.832
2019-08-08 23:00:00+00:00,42495.0,42344.348
2019-08-09 00:00:00+00:00,41439.0,41383.566
2019-08-09 01:00:00+00:00,41508.0,41296.3
2019-08-09 02:00:00+00:00,42297.0,42311.934
2019-08-09 03:00:00+00:00,45652.0,44668.75
2019-08-09 04:00:00+00:00,52126.0,53115.414
2019-08-09 05:00:00+00:00,57337.0,58203.242
2019-08-09 06:00:00+00:00,60816.0,60910.793
2019-08-09 07:00:00+00:00,62185.0,62449.863
2019-08-09 08:00:00+00:00,63807.0,64027.812
2019-08-09 09:00:00+00:00,65220.0,65298.01
2019-08-09 10:00:00+00:00,64808.0,64771.21
2019-08-09 11:00:00+00:00,63763.0,64130.344
2019-08-09 12:00:00+00:00,62150.0,62716.63
2019-08-09 13:00:00+00:00,60975.0,61201.17
2019-08-09 14:00:00+00:00,60801.0,59782.293
2019-08-09 15:00:00+00:00,61098.0,60489.555
2019-08-09 16:00:00+00:00,60372.0,60396.418
2019-08-09 17:00:00+00:00,58497.0,59275.934
2019-08-09 18:00:00+00:00,56400.0,55671.266
2019-08-09 19:00:00+00:00,54428.0,54869.09
2019-08-09 20:00:00+00:00,50704.0,51349.453
2019-08-09 21:00:00+00:00,46231.0,46591.832
2019-08-09 22:00:00+00:00,44287.0,43164.29
2019-08-09 23:00:00+00:00,41857.0,42652.64
2019-08-10 00:00:00+00:00,40146.0,40659.598
2019-08-10 01:00:00+00:00,40468.0,39705.8
2019-08-10 02:00:00+00:00,39576.0,41088.207
2019-08-10 03:00:00+00:00,40583.0,39330.285
2019-08-10 04:00:00+00:00,41426.0,42114.19
2019-08-10 05:00:00+00:00,45321.0,44491.277
2019-08-10 06:00:00+00:00,48742.0,49550.14
2019-08-10 07:00:00+00:00,53015.0,51598.973
2019-08-10 08:00:00+00:00,54683.0,55015.05
2019-08-10 09:00:00+00:00,55233.0,55538.977
2019-08-10 10:00:00+00:00,55572.0,54138.555
2019-08-10 11:00:00+00:00,53947.0,54098.793
2019-08-10 12:00:00+00:00,52065.0,52468.82
2019-08-10 13:00:00+00:00,51194.0,51069.0
2019-08-10 14:00:00+00:00,50518.0,51014.105
2019-08-10 15:00:00+00:00,50808.0,50771.656
2019-08-10 16:00:00+00:00,50748.0,51004.81
2019-08-10 17:00:00+00:00,49854.0,50137.28
2019-08-10 18:00:00+00:00,47671.0,48443.188
2019-08-10 19:00:00+00:00,46976.0,46598.184
2019-08-10 20:00:00+00:00,44939.0,45975.082
2019-08-10 21:00:00+00:00,41796.0,41782.227
2019-08-10 22:00:00+00:00,39381.0,38706.79
2019-08-10 23:00:00+00:00,37740.0,37092.547
2019-08-11 00:00:00+00:00,36821.0,36355.004
2019-08-11 01:00:00+00:00,36174.0,36336.2
2019-08-11 02:00:00+00:00,36171.0,36044.996
2019-08-11 03:00:00+00:00,36168.0,36404.996
2019-08-11 04:00:00+00:00,36661.0,36391.61
2019-08-11 05:00:00+00:00,39224.0,39255.01
2019-08-11 06:00:00+00:00,42079.0,43065.605
2019-08-11 07:00:00+00:00,44683.0,44851.793
2019-08-11 08:00:00+00:00,47191.0,47213.613
2019-08-11 09:00:00+00:00,50304.0,49596.96
2019-08-11 10:00:00+00:00,50122.0,49854.145
2019-08-11 11:00:00+00:00,47742.0,48502.938
2019-08-11 12:00:00+00:00,46273.0,46215.97
2019-08-11 13:00:00+00:00,45901.0,45445.035
2019-08-11 14:00:00+00:00,45040.0,46011.473
2019-08-11 15:00:00+00:00,45770.0,46007.707
2019-08-11 16:00:00+00:00,47737.0,47098.703
2019-08-11 17:00:00+00:00,47367.0,48780.91
2019-08-11 18:00:00+00:00,47263.0,47426.56
2019-08-11 19:00:00+00:00,47239.0,46703.676
2019-08-11 20:00:00+00:00,45423.0,46335.15
2019-08-11 21:00:00+00:00,42836.0,42062.527
2019-08-11 22:00:00+00:00,40504.0,40137.133
2019-08-11 23:00:00+00:00,38796.0,38737.47
2019-08-12 00:00:00+00:00,38350.0,37885.91
2019-08-12 01:00:00+00:00,37958.0,38657.926
2019-08-12 02:00:00+00:00,39318.0,38990.535
2019-08-12 03:00:00+00:00,43314.0,42888.273
2019-08-12 04:00:00+00:00,51031.0,50930.4
2019-08-12 05:00:00+00:00,56725.0,57312.566
2019-08-12 06:00:00+00:00,60180.0,60743.41
2019-08-12 07:00:00+00:00,61337.0,61953.45
2019-08-12 08:00:00+00:00,62446.0,63159.48
2019-08-12 09:00:00+00:00,65102.0,64028.0
2019-08-12 10:00:00+00:00,64295.0,65018.613
2019-08-12 11:00:00+00:00,63677.0,63571.49
2019-08-12 12:00:00+00:00,61121.0,62747.41
2019-08-12 13:00:00+00:00,60455.0,60138.742
2019-08-12 14:00:00+00:00,60815.0,59161.566
2019-08-12 15:00:00+00:00,60128.0,60617.996
2019-08-12 16:00:00+00:00,58969.0,59423.65
2019-08-12 17:00:00+00:00,58042.0,57990.035
2019-08-12 18:00:00+00:00,56199.0,55740.184
2019-08-12 19:00:00+00:00,54690.0,54481.625
2019-08-12 20:00:00+00:00,51147.0,51385.906
2019-08-12 21:00:00+00:00,47013.0,46846.3
2019-08-12 22:00:00+00:00,44429.0,44041.848
2019-08-12 23:00:00+00:00,42293.0,42799.625
2019-08-13 00:00:00+00:00,41667.0,41267.18
2019-08-13 01:00:00+00:00,41756.0,41810.293
2019-08-13 02:00:00+00:00,42376.0,42759.285
2019-08-13 03:00:00+00:00,46303.0,44699.984
2019-08-13 04:00:00+00:00,53277.0,53923.023
2019-08-13 05:00:00+00:00,58332.0,59379.3
2019-08-13 06:00:00+00:00,61266.0,61398.758
2019-08-13 07:00:00+00:00,62560.0,62724.03
2019-08-13 08:00:00+00:00,64126.0,64514.734
2019-08-13 09:00:00+00:00,65726.0,65272.78
2019-08-13 10:00:00+00:00,64610.0,65278.69
2019-08-13 11:00:00+00:00,62825.0,63907.324
2019-08-13 12:00:00+00:00,61169.0,61738.426
2019-08-13 13:00:00+00:00,59930.0,60274.273
2019-08-13 14:00:00+00:00,58885.0,58851.66
2019-08-13 15:00:00+00:00,58564.0,58496.582
2019-08-13 16:00:00+00:00,58791.0,57815.008
2019-08-13 17:00:00+00:00,58084.0,58040.01
2019-08-13 18:00:00+00:00,55846.0,55933.445
2019-08-13 19:00:00+00:00,54264.0,53510.484
2019-08-13 20:00:00+00:00,50579.0,50926.914
2019-08-13 21:00:00+00:00,46507.0,46382.066
2019-08-13 22:00:00+00:00,44143.0,43471.13
2019-08-13 23:00:00+00:00,42089.0,42393.332
2019-08-14 00:00:00+00:00,41213.0,40922.645
2019-08-14 01:00:00+00:00,41273.0,41188.254
2019-08-14 02:00:00+00:00,42336.0,42020.58
2019-08-14 03:00:00+00:00,45769.0,44580.168
2019-08-14 04:00:00+00:00,52490.0,52154.984
2019-08-14 05:00:00+00:00,57616.0,58163.336
2019-08-14 06:00:00+00:00,60513.0,60904.95
2019-08-14 07:00:00+00:00,60579.0,61961.96
2019-08-14 08:00:00+00:00,62165.0,62149.082
2019-08-14 09:00:00+00:00,63691.0,63419.344
2019-08-14 10:00:00+00:00,63076.0,63002.742
2019-08-14 11:00:00+00:00,62111.0,62205.895
2019-08-14 12:00:00+00:00,60848.0,61035.67
2019-08-14 13:00:00+00:00,59778.0,59882.62
2019-08-14 14:00:00+00:00,57868.0,58736.582
2019-08-14 15:00:00+00:00,57844.0,57439.863
2019-08-14 16:00:00+00:00,57900.0,57394.543
2019-08-14 17:00:00+00:00,57136.0,56992.574
2019-08-14 18:00:00+00:00,55239.0,55476.863
2019-08-14 19:00:00+00:00,53752.0,53273.758
2019-08-14 20:00:00+00:00,49967.0,50483.75
2019-08-14 21:00:00+00:00,46202.0,45912.73
2019-08-14 22:00:00+00:00,43066.0,43210.875
2019-08-14 23:00:00+00:00,41219.0,41083.39
2019-08-15 00:00:00+00:00,40574.0,40062.723
2019-08-15 01:00:00+00:00,40886.0,40581.066
2019-08-15 02:00:00+00:00,42018.0,41883.51
2019-08-15 03:00:00+00:00,45113.0,44505.688
2019-08-15 04:00:00+00:00,50728.0,51236.39
2019-08-15 05:00:00+00:00,55141.0,56099.215
2019-08-15 06:00:00+00:00,58913.0,58267.43
2019-08-15 07:00:00+00:00,60670.0,60644.676
2019-08-15 08:00:00+00:00,62271.0,62355.402
2019-08-15 09:00:00+00:00,64609.0,63560.527
2019-08-15 10:00:00+00:00,64403.0,64307.72
2019-08-15 11:00:00+00:00,62881.0,63615.914
2019-08-15 12:00:00+00:00,62097.0,61905.348
2019-08-15 13:00:00+00:00,61653.0,61092.637
2019-08-15 14:00:00+00:00,61010.0,60611.684
2019-08-15 15:00:00+00:00,60062.0,60782.133
2019-08-15 16:00:00+00:00,59409.0,59248.336
2019-08-15 17:00:00+00:00,58671.0,58128.805
2019-08-15 18:00:00+00:00,56596.0,57064.473
2019-08-15 19:00:00+00:00,53689.0,54826.484
2019-08-15 20:00:00+00:00,49844.0,50272.094
2019-08-15 21:00:00+00:00,45691.0,46053.168
2019-08-15 22:00:00+00:00,43379.0,42922.824
2019-08-15 23:00:00+00:00,41824.0,41764.89
2019-08-16 00:00:00+00:00,40939.0,40934.598
2019-08-16 01:00:00+00:00,40917.0,41027.605
2019-08-16 02:00:00+00:00,41926.0,41732.156
2019-08-16 03:00:00+00:00,44890.0,45150.566
2019-08-16 04:00:00+00:00,51155.0,50613.32
2019-08-16 05:00:00+00:00,56442.0,56966.055
2019-08-16 06:00:00+00:00,59398.0,59736.223
2019-08-16 07:00:00+00:00,60943.0,60920.45
2019-08-16 08:00:00+00:00,61904.0,62811.664
2019-08-16 09:00:00+00:00,62572.0,62582.86
2019-08-16 10:00:00+00:00,61923.0,61749.344
2019-08-16 11:00:00+00:00,60427.0,60963.45
2019-08-16 12:00:00+00:00,58589.0,59373.496
2019-08-16 13:00:00+00:00,56910.0,57635.37
2019-08-16 14:00:00+00:00,56186.0,56440.727
2019-08-16 15:00:00+00:00,56199.0,56039.664
2019-08-16 16:00:00+00:00,55708.0,55638.43
2019-08-16 17:00:00+00:00,54706.0,54486.746
2019-08-16 18:00:00+00:00,52870.0,53595.26
2019-08-16 19:00:00+00:00,51614.0,51155.71
2019-08-16 20:00:00+00:00,48035.0,48547.09
2019-08-16 21:00:00+00:00,44481.0,44172.832
2019-08-16 22:00:00+00:00,41984.0,41505.8
2019-08-16 23:00:00+00:00,40413.0,39996.31
2019-08-17 00:00:00+00:00,39507.0,39163.188
2019-08-17 01:00:00+00:00,38933.0,39252.29
2019-08-17 02:00:00+00:00,38693.0,38865.273
2019-08-17 03:00:00+00:00,40002.0,38604.28
2019-08-17 04:00:00+00:00,41181.0,42468.266
2019-08-17 05:00:00+00:00,44231.0,44377.707
2019-08-17 06:00:00+00:00,47518.0,47944.656
2019-08-17 07:00:00+00:00,50089.0,50057.42
2019-08-17 08:00:00+00:00,51816.0,51803.41
2019-08-17 09:00:00+00:00,53084.0,52765.637
2019-08-17 10:00:00+00:00,52279.0,52171.555
2019-08-17 11:00:00+00:00,50828.0,50730.594
2019-08-17 12:00:00+00:00,50635.0,49528.67
2019-08-17 13:00:00+00:00,50192.0,50042.758
2019-08-17 14:00:00+00:00,49549.0,50120.01
2019-08-17 15:00:00+00:00,49712.0,50006.69
2019-08-17 16:00:00+00:00,48825.0,50042.785
2019-08-17 17:00:00+00:00,48709.0,48287.977
2019-08-17 18:00:00+00:00,47382.0,48562.246
2019-08-17 19:00:00+00:00,46264.0,46348.887
2019-08-17 20:00:00+00:00,44165.0,44349.668
2019-08-17 21:00:00+00:00,41451.0,41086.86
2019-08-17 22:00:00+00:00,38585.0,38945.613
2019-08-17 23:00:00+00:00,36394.0,36761.25
2019-08-18 00:00:00+00:00,35342.0,35110.348
2019-08-18 01:00:00+00:00,34855.0,34707.37
2019-08-18 02:00:00+00:00,34730.0,34456.812
2019-08-18 03:00:00+00:00,35457.0,34178.547
2019-08-18 04:00:00+00:00,36107.0,37007.465
2019-08-18 05:00:00+00:00,37735.0,38662.99
2019-08-18 06:00:00+00:00,40869.0,41144.133
2019-08-18 07:00:00+00:00,43484.0,43882.457
2019-08-18 08:00:00+00:00,46110.0,45944.625
2019-08-18 09:00:00+00:00,48298.0,48379.445
2019-08-18 10:00:00+00:00,48514.0,48130.63
2019-08-18 11:00:00+00:00,47547.0,46998.258
2019-08-18 12:00:00+00:00,46536.0,46148.79
2019-08-18 13:00:00+00:00,46166.0,45550.895
2019-08-18 14:00:00+00:00,45879.0,45966.848
2019-08-18 15:00:00+00:00,45817.0,46578.65
2019-08-18 16:00:00+00:00,46973.0,46750.25
2019-08-18 17:00:00+00:00,46198.0,47508.504
2019-08-18 18:00:00+00:00,45879.0,46454.562
2019-08-18 19:00:00+00:00,46302.0,46364.97
2019-08-18 20:00:00+00:00,45332.0,45328.95
2019-08-18 21:00:00+00:00,41658.0,42263.613
2019-08-18 22:00:00+00:00,39897.0,38931.906
2019-08-18 23:00:00+00:00,38748.0,38244.19
2019-08-19 00:00:00+00:00,38399.0,37782.04
2019-08-19 01:00:00+00:00,38898.0,38868.996
2019-08-19 02:00:00+00:00,39688.0,40776.855
2019-08-19 03:00:00+00:00,43894.0,43458.758
2019-08-19 04:00:00+00:00,51904.0,52054.742
2019-08-19 05:00:00+00:00,57883.0,58520.785
2019-08-19 06:00:00+00:00,61896.0,61660.047
2019-08-19 07:00:00+00:00,63007.0,63743.062
2019-08-19 08:00:00+00:00,64475.0,65251.28
2019-08-19 09:00:00+00:00,65708.0,65550.28
2019-08-19 10:00:00+00:00,65960.0,65321.777
2019-08-19 11:00:00+00:00,65194.0,65514.113
2019-08-19 12:00:00+00:00,63549.0,64211.0
2019-08-19 13:00:00+00:00,62359.0,62245.797
2019-08-19 14:00:00+00:00,60281.0,61211.96
2019-08-19 15:00:00+00:00,59421.0,59761.293
2019-08-19 16:00:00+00:00,59372.0,58988.996
2019-08-19 17:00:00+00:00,58544.0,59364.62
2019-08-19 18:00:00+00:00,56719.0,57421.51
2019-08-19 19:00:00+00:00,55011.0,55237.62
2019-08-19 20:00:00+00:00,50706.0,51735.56
2019-08-19 21:00:00+00:00,46601.0,46469.953
2019-08-19 22:00:00+00:00,44456.0,43811.742
2019-08-19 23:00:00+00:00,43092.0,42959.086
2019-08-20 00:00:00+00:00,42184.0,42362.64
2019-08-20 01:00:00+00:00,42293.0,42365.543
2019-08-20 02:00:00+00:00,43453.0,43410.938
2019-08-20 03:00:00+00:00,46601.0,47126.023
2019-08-20 04:00:00+00:00,53024.0,53148.574
2019-08-20 05:00:00+00:00,57675.0,58455.074
2019-08-20 06:00:00+00:00,60654.0,60586.94
2019-08-20 07:00:00+00:00,62040.0,62237.992
2019-08-20 08:00:00+00:00,64001.0,64002.023
2019-08-20 09:00:00+00:00,65055.0,65149.637
2019-08-20 10:00:00+00:00,64326.0,64453.54
2019-08-20 11:00:00+00:00,63793.0,63659.77
2019-08-20 12:00:00+00:00,62818.0,62815.293
2019-08-20 13:00:00+00:00,61735.0,61610.332
2019-08-20 14:00:00+00:00,60430.0,60647.523
2019-08-20 15:00:00+00:00,60140.0,59967.645
2019-08-20 16:00:00+00:00,59664.0,59515.457
2019-08-20 17:00:00+00:00,58873.0,58402.13
2019-08-20 18:00:00+00:00,57093.0,57599.855
2019-08-20 19:00:00+00:00,54943.0,54865.95
2019-08-20 20:00:00+00:00,50702.0,51327.203
2019-08-20 21:00:00+00:00,46863.0,46667.547
2019-08-20 22:00:00+00:00,44367.0,44057.23
2019-08-20 23:00:00+00:00,42802.0,42647.633
2019-08-21 00:00:00+00:00,41868.0,41964.203
2019-08-21 01:00:00+00:00,42110.0,41966.76
2019-08-21 02:00:00+00:00,43097.0,43270.996
2019-08-21 03:00:00+00:00,46349.0,46448.832
2019-08-21 04:00:00+00:00,52844.0,52855.895
2019-08-21 05:00:00+00:00,58162.0,58373.78
2019-08-21 06:00:00+00:00,60416.0,61225.18
2019-08-21 07:00:00+00:00,61471.0,61729.3
2019-08-21 08:00:00+00:00,62658.0,63303.867
2019-08-21 09:00:00+00:00,64306.0,63671.62
2019-08-21 10:00:00+00:00,64258.0,63728.848
2019-08-21 11:00:00+00:00,63311.0,63506.645
2019-08-21 12:00:00+00:00,61770.0,62280.797
2019-08-21 13:00:00+00:00,60410.0,60680.99
2019-08-21 14:00:00+00:00,59324.0,59438.688
2019-08-21 15:00:00+00:00,58880.0,58934.125
2019-08-21 16:00:00+00:00,58314.0,58265.21
2019-08-21 17:00:00+00:00,57293.0,57251.324
2019-08-21 18:00:00+00:00,56091.0,56035.797
2019-08-21 19:00:00+00:00,54626.0,54219.46
2019-08-21 20:00:00+00:00,50009.0,51185.59
2019-08-21 21:00:00+00:00,46246.0,45842.355
2019-08-21 22:00:00+00:00,43890.0,43339.49
2019-08-21 23:00:00+00:00,42514.0,42091.87
2019-08-22 00:00:00+00:00,41483.0,41632.59
2019-08-22 01:00:00+00:00,41673.0,41530.684
2019-08-22 02:00:00+00:00,42772.0,42708.61
2019-08-22 03:00:00+00:00,46337.0,46260.438
2019-08-22 04:00:00+00:00,52770.0,52577.62
2019-08-22 05:00:00+00:00,57584.0,58099.457
2019-08-22 06:00:00+00:00,60391.0,60373.54
2019-08-22 07:00:00+00:00,61781.0,61878.8
2019-08-22 08:00:00+00:00,63019.0,63593.688
2019-08-22 09:00:00+00:00,64418.0,64087.902
2019-08-22 10:00:00+00:00,63868.0,63894.977
2019-08-22 11:00:00+00:00,63207.0,63142.81
2019-08-22 12:00:00+00:00,62091.0,62237.05
2019-08-22 13:00:00+00:00,61250.0,60902.426
2019-08-22 14:00:00+00:00,59997.0,60121.926
2019-08-22 15:00:00+00:00,59611.0,59491.62
2019-08-22 16:00:00+00:00,59075.0,59035.586
2019-08-22 17:00:00+00:00,58055.0,57885.594
2019-08-22 18:00:00+00:00,56642.0,56787.23
2019-08-22 19:00:00+00:00,55101.0,54444.25
2019-08-22 20:00:00+00:00,50853.0,51406.508
2019-08-22 21:00:00+00:00,47090.0,46749.168
2019-08-22 22:00:00+00:00,44343.0,44275.62
2019-08-22 23:00:00+00:00,42962.0,42551.344
2019-08-23 00:00:00+00:00,41785.0,42138.38
2019-08-23 01:00:00+00:00,41836.0,41751.49
2019-08-23 02:00:00+00:00,42963.0,42691.184
2019-08-23 03:00:00+00:00,46105.0,46287.004
2019-08-23 04:00:00+00:00,52701.0,52272.777
2019-08-23 05:00:00+00:00,57771.0,58352.574
2019-08-23 06:00:00+00:00,60584.0,60790.83
2019-08-23 07:00:00+00:00,62156.0,62042.88
2019-08-23 08:00:00+00:00,63846.0,64028.652
2019-08-23 09:00:00+00:00,64908.0,65174.902
2019-08-23 10:00:00+00:00,63533.0,64370.86
2019-08-23 11:00:00+00:00,62412.0,62766.855
2019-08-23 12:00:00+00:00,60898.0,61411.0
2019-08-23 13:00:00+00:00,59833.0,59891.008
2019-08-23 14:00:00+00:00,59005.0,58782.934
2019-08-23 15:00:00+00:00,58626.0,58581.203
2019-08-23 16:00:00+00:00,57892.0,57919.684
2019-08-23 17:00:00+00:00,56492.0,56736.332
2019-08-23 18:00:00+00:00,54913.0,54721.86
2019-08-23 19:00:00+00:00,52826.0,53156.188
2019-08-23 20:00:00+00:00,48791.0,49384.45
2019-08-23 21:00:00+00:00,45721.0,44893.84
2019-08-23 22:00:00+00:00,43108.0,43014.46
2019-08-23 23:00:00+00:00,40908.0,41252.3
2019-08-24 00:00:00+00:00,39416.0,39773.004
2019-08-24 01:00:00+00:00,38943.0,38829.742
2019-08-24 02:00:00+00:00,38774.0,38863.438
2019-08-24 03:00:00+00:00,39489.0,38628.21
2019-08-24 04:00:00+00:00,40956.0,40789.074
2019-08-24 05:00:00+00:00,44150.0,44219.19
2019-08-24 06:00:00+00:00,48016.0,48071.613
2019-08-24 07:00:00+00:00,50766.0,51045.03
2019-08-24 08:00:00+00:00,52205.0,52503.953
2019-08-24 09:00:00+00:00,53421.0,53174.555
2019-08-24 10:00:00+00:00,53195.0,52749.902
2019-08-24 11:00:00+00:00,51755.0,51719.49
2019-08-24 12:00:00+00:00,50161.0,50378.723
2019-08-24 13:00:00+00:00,49473.0,49145.125
2019-08-24 14:00:00+00:00,48867.0,49131.473
2019-08-24 15:00:00+00:00,49140.0,49157.383
2019-08-24 16:00:00+00:00,49400.0,49608.492
2019-08-24 17:00:00+00:00,49383.0,49056.742
2019-08-24 18:00:00+00:00,47961.0,48584.26
2019-08-24 19:00:00+00:00,47023.0,46772.24
2019-08-24 20:00:00+00:00,44585.0,45998.258
2019-08-24 21:00:00+00:00,41328.0,41331.35
2019-08-24 22:00:00+00:00,38741.0,38406.086
2019-08-24 23:00:00+00:00,37018.0,36759.766
2019-08-25 00:00:00+00:00,35958.0,35845.668
2019-08-25 01:00:00+00:00,35598.0,35574.402
2019-08-25 02:00:00+00:00,35362.0,35684.14
2019-08-25 03:00:00+00:00,35480.0,35264.344
2019-08-25 04:00:00+00:00,36005.0,35207.305
2019-08-25 05:00:00+00:00,38246.0,38567.176
2019-08-25 06:00:00+00:00,41307.0,42066.812
2019-08-25 07:00:00+00:00,43969.0,44294.625
2019-08-25 08:00:00+00:00,46088.0,46452.84
2019-08-25 09:00:00+00:00,47899.0,48390.61
2019-08-25 10:00:00+00:00,48239.0,47556.223
2019-08-25 11:00:00+00:00,46982.0,46673.094
2019-08-25 12:00:00+00:00,45954.0,45547.01
2019-08-25 13:00:00+00:00,45360.0,45082.0
2019-08-25 14:00:00+00:00,44920.0,45206.605
2019-08-25 15:00:00+00:00,46038.0,45732.863
2019-08-25 16:00:00+00:00,47472.0,47426.24
2019-08-25 17:00:00+00:00,47629.0,48031.68
2019-08-25 18:00:00+00:00,47982.0,47999.633
2019-08-25 19:00:00+00:00,47578.0,47372.48
2019-08-25 20:00:00+00:00,46165.0,46353.94
2019-08-25 21:00:00+00:00,43699.0,43004.23
2019-08-25 22:00:00+00:00,41656.0,41139.836
2019-08-25 23:00:00+00:00,40305.0,39980.617
2019-08-26 00:00:00+00:00,39669.0,39516.723
2019-08-26 01:00:00+00:00,39249.0,39976.047
2019-08-26 02:00:00+00:00,40716.0,40309.254
2019-08-26 03:00:00+00:00,45169.0,44797.22
2019-08-26 04:00:00+00:00,52969.0,54500.277
2019-08-26 05:00:00+00:00,58557.0,59073.633
2019-08-26 06:00:00+00:00,62297.0,62671.516
2019-08-26 07:00:00+00:00,63864.0,64199.156
2019-08-26 08:00:00+00:00,65630.0,65904.04
2019-08-26 09:00:00+00:00,67262.0,67205.79
2019-08-26 10:00:00+00:00,66965.0,67258.305
2019-08-26 11:00:00+00:00,66882.0,66699.57
2019-08-26 12:00:00+00:00,65740.0,65946.28
2019-08-26 13:00:00+00:00,64765.0,64625.17
2019-08-26 14:00:00+00:00,63521.0,63141.996
2019-08-26 15:00:00+00:00,63267.0,63070.336
2019-08-26 16:00:00+00:00,62186.0,63126.586
2019-08-26 17:00:00+00:00,60655.0,61252.832
2019-08-26 18:00:00+00:00,60024.0,59073.965
2019-08-26 19:00:00+00:00,57740.0,58399.78
2019-08-26 20:00:00+00:00,53571.0,54053.414
2019-08-26 21:00:00+00:00,49942.0,49329.18
2019-08-26 22:00:00+00:00,47206.0,47143.234
2019-08-26 23:00:00+00:00,45001.0,45532.203
2019-08-27 00:00:00+00:00,44261.0,44131.4
2019-08-27 01:00:00+00:00,44323.0,44472.36
2019-08-27 02:00:00+00:00,45091.0,45474.137
2019-08-27 03:00:00+00:00,49146.0,48112.07
2019-08-27 04:00:00+00:00,55852.0,57130.594
2019-08-27 05:00:00+00:00,60699.0,61341.945
2019-08-27 06:00:00+00:00,63978.0,63647.754
2019-08-27 07:00:00+00:00,65230.0,65443.562
2019-08-27 08:00:00+00:00,66976.0,67110.39
2019-08-27 09:00:00+00:00,68583.0,68178.77
2019-08-27 10:00:00+00:00,68034.0,68363.09
2019-08-27 11:00:00+00:00,67510.0,67614.58
2019-08-27 12:00:00+00:00,66354.0,66489.266
2019-08-27 13:00:00+00:00,65989.0,65223.703
2019-08-27 14:00:00+00:00,64920.0,64709.47
2019-08-27 15:00:00+00:00,64546.0,64417.234
2019-08-27 16:00:00+00:00,63704.0,64029.934
2019-08-27 17:00:00+00:00,62577.0,62735.06
2019-08-27 18:00:00+00:00,61590.0,60932.57
2019-08-27 19:00:00+00:00,59161.0,59410.816
2019-08-27 20:00:00+00:00,54689.0,55476.457
2019-08-27 21:00:00+00:00,50469.0,50315.004
2019-08-27 22:00:00+00:00,47580.0,47415.848
2019-08-27 23:00:00+00:00,45811.0,45853.89
2019-08-28 00:00:00+00:00,44453.0,45116.957
2019-08-28 01:00:00+00:00,44360.0,44590.01
2019-08-28 02:00:00+00:00,45769.0,45255.797
2019-08-28 03:00:00+00:00,49765.0,49719.27
2019-08-28 04:00:00+00:00,56535.0,58187.965
2019-08-28 05:00:00+00:00,61497.0,61642.082
2019-08-28 06:00:00+00:00,64291.0,64484.9
2019-08-28 07:00:00+00:00,65296.0,65535.242
2019-08-28 08:00:00+00:00,67020.0,66972.125
2019-08-28 09:00:00+00:00,68367.0,68292.05
2019-08-28 10:00:00+00:00,68423.0,68053.81
2019-08-28 11:00:00+00:00,67802.0,68012.086
2019-08-28 12:00:00+00:00,67496.0,66703.17
2019-08-28 13:00:00+00:00,66104.0,66316.26
2019-08-28 14:00:00+00:00,64329.0,64684.004
2019-08-28 15:00:00+00:00,63455.0,63977.555
2019-08-28 16:00:00+00:00,62743.0,63061.92
2019-08-28 17:00:00+00:00,61779.0,62522.137
2019-08-28 18:00:00+00:00,60770.0,61598.31
2019-08-28 19:00:00+00:00,58477.0,58958.117
2019-08-28 20:00:00+00:00,54149.0,54894.527
2019-08-28 21:00:00+00:00,49896.0,49824.254
2019-08-28 22:00:00+00:00,47837.0,46814.156
2019-08-28 23:00:00+00:00,46557.0,46300.586
2019-08-29 00:00:00+00:00,44998.0,46027.22
2019-08-29 01:00:00+00:00,44984.0,45104.53
2019-08-29 02:00:00+00:00,45978.0,45959.53
2019-08-29 03:00:00+00:00,49420.0,49762.332
2019-08-29 04:00:00+00:00,56331.0,56478.652
2019-08-29 05:00:00+00:00,60977.0,61497.375
2019-08-29 06:00:00+00:00,63715.0,63705.82
2019-08-29 07:00:00+00:00,64569.0,65101.723
2019-08-29 08:00:00+00:00,66573.0,66316.67
2019-08-29 09:00:00+00:00,67549.0,67836.79
2019-08-29 10:00:00+00:00,67090.0,67102.55
2019-08-29 11:00:00+00:00,66360.0,66575.4
2019-08-29 12:00:00+00:00,64918.0,65296.883
2019-08-29 13:00:00+00:00,64047.0,63794.816
2019-08-29 14:00:00+00:00,63111.0,62863.06
2019-08-29 15:00:00+00:00,62757.0,62662.98
2019-08-29 16:00:00+00:00,61727.0,62278.594
2019-08-29 17:00:00+00:00,60684.0,60509.19
2019-08-29 18:00:00+00:00,60274.0,59567.04
2019-08-29 19:00:00+00:00,57717.0,58104.496
2019-08-29 20:00:00+00:00,53436.0,54029.16
2019-08-29 21:00:00+00:00,49306.0,49252.24
2019-08-29 22:00:00+00:00,46675.0,46133.656
2019-08-29 23:00:00+00:00,45111.0,44860.285
2019-08-30 00:00:00+00:00,44025.0,44416.184
2019-08-30 01:00:00+00:00,43701.0,44296.234
2019-08-30 02:00:00+00:00,44377.0,44504.543
2019-08-30 03:00:00+00:00,48253.0,47478.3
2019-08-30 04:00:00+00:00,55268.0,56128.637
2019-08-30 05:00:00+00:00,60052.0,60609.16
2019-08-30 06:00:00+00:00,63197.0,63052.785
2019-08-30 07:00:00+00:00,64076.0,64543.047
2019-08-30 08:00:00+00:00,65402.0,65796.21
2019-08-30 09:00:00+00:00,66391.0,66669.72
2019-08-30 10:00:00+00:00,65420.0,65998.055
2019-08-30 11:00:00+00:00,64209.0,64812.65
2019-08-30 12:00:00+00:00,63450.0,63144.9
2019-08-30 13:00:00+00:00,62566.0,62427.863
2019-08-30 14:00:00+00:00,61704.0,61316.09
2019-08-30 15:00:00+00:00,61208.0,61189.086
2019-08-30 16:00:00+00:00,60097.0,60683.32
2019-08-30 17:00:00+00:00,58870.0,58834.914
2019-08-30 18:00:00+00:00,57737.0,58018.684
2019-08-30 19:00:00+00:00,55026.0,55749.46
2019-08-30 20:00:00+00:00,50820.0,51407.715
2019-08-30 21:00:00+00:00,47379.0,46786.656
2019-08-30 22:00:00+00:00,44257.0,44524.99
2019-08-30 23:00:00+00:00,41836.0,42321.55
2019-08-31 00:00:00+00:00,40093.0,40768.594
2019-08-31 01:00:00+00:00,39558.0,39530.832
2019-08-31 02:00:00+00:00,39415.0,39454.926
2019-08-31 03:00:00+00:00,40201.0,39587.367
2019-08-31 04:00:00+00:00,41924.0,41661.758
2019-08-31 05:00:00+00:00,44872.0,45253.54
2019-08-31 06:00:00+00:00,48779.0,48908.777
2019-08-31 07:00:00+00:00,51877.0,52103.855
2019-08-31 08:00:00+00:00,53362.0,53638.59
2019-08-31 09:00:00+00:00,54232.0,54614.79
2019-08-31 10:00:00+00:00,54092.0,53785.44
2019-08-31 11:00:00+00:00,53134.0,52603.875
2019-08-31 12:00:00+00:00,52676.0,51599.105
2019-08-31 13:00:00+00:00,51782.0,51547.395
2019-08-31 14:00:00+00:00,50922.0,50897.453
2019-08-31 15:00:00+00:00,50927.0,50981.137
2019-08-31 16:00:00+00:00,51377.0,51211.117
2019-08-31 17:00:00+00:00,50386.0,51072.35
2019-08-31 18:00:00+00:00,49350.0,49596.19
2019-08-31 19:00:00+00:00,47321.0,48097.848
2019-08-31 20:00:00+00:00,45685.0,45848.004
2019-08-31 21:00:00+00:00,43614.0,42838.598
2019-08-31 22:00:00+00:00,41196.0,40799.973
2019-08-31 23:00:00+00:00,39200.0,39014.395
2019-09-01 00:00:00+00:00,37436.0,37654.887
2019-09-01 01:00:00+00:00,36658.0,36344.34
2019-09-01 02:00:00+00:00,36868.0,36140.555
2019-09-01 03:00:00+00:00,37064.0,37042.887
2019-09-01 04:00:00+00:00,37643.0,38090.22
2019-09-01 05:00:00+00:00,38699.0,39951.594
2019-09-01 06:00:00+00:00,41888.0,41821.03
2019-09-01 07:00:00+00:00,44414.0,44977.086
2019-09-01 08:00:00+00:00,46681.0,46811.21
2019-09-01 09:00:00+00:00,48838.0,49287.164
2019-09-01 10:00:00+00:00,48634.0,49784.195
2019-09-01 11:00:00+00:00,47905.0,47580.883
2019-09-01 12:00:00+00:00,47161.0,46659.285
2019-09-01 13:00:00+00:00,45109.0,46251.92
2019-09-01 14:00:00+00:00,44988.0,44384.914
2019-09-01 15:00:00+00:00,45375.0,46048.035
2019-09-01 16:00:00+00:00,46769.0,46473.97
2019-09-01 17:00:00+00:00,46371.0,47910.62
2019-09-01 18:00:00+00:00,47794.0,47441.582
2019-09-01 19:00:00+00:00,46097.0,48067.098
2019-09-01 20:00:00+00:00,44598.0,45143.754
2019-09-01 21:00:00+00:00,42073.0,42074.53
2019-09-01 22:00:00+00:00,39544.0,39265.566
2019-09-01 23:00:00+00:00,38151.0,37629.43
2019-09-02 00:00:00+00:00,37593.0,37187.406
2019-09-02 01:00:00+00:00,37799.0,37700.21
2019-09-02 02:00:00+00:00,39723.0,39149.574
2019-09-02 03:00:00+00:00,43495.0,44181.824
2019-09-02 04:00:00+00:00,51672.0,50829.88
2019-09-02 05:00:00+00:00,57186.0,57880.56
2019-09-02 06:00:00+00:00,59940.0,61105.047
2019-09-02 07:00:00+00:00,60459.0,61395.785
2019-09-02 08:00:00+00:00,62077.0,62354.53
2019-09-02 09:00:00+00:00,64322.0,63495.863
2019-09-02 10:00:00+00:00,64466.0,63742.15
2019-09-02 11:00:00+00:00,63618.0,63841.55
2019-09-02 12:00:00+00:00,62502.0,62626.723
2019-09-02 13:00:00+00:00,61294.0,61553.09
2019-09-02 14:00:00+00:00,60117.0,59976.66
2019-09-02 15:00:00+00:00,59463.0,59807.555
2019-09-02 16:00:00+00:00,59234.0,59155.17
2019-09-02 17:00:00+00:00,59138.0,58705.074
2019-09-02 18:00:00+00:00,58662.0,58428.176
2019-09-02 19:00:00+00:00,55607.0,56118.824
2019-09-02 20:00:00+00:00,51237.0,51626.33
2019-09-02 21:00:00+00:00,46851.0,46996.383
2019-09-02 22:00:00+00:00,43537.0,44009.44
2019-09-02 23:00:00+00:00,42342.0,41876.523
2019-09-03 00:00:00+00:00,42023.0,41620.645
2019-09-03 01:00:00+00:00,42031.0,42739.016
2019-09-03 02:00:00+00:00,43085.0,43315.367
2019-09-03 03:00:00+00:00,46609.0,46757.312
2019-09-03 04:00:00+00:00,54529.0,54021.01
2019-09-03 05:00:00+00:00,59834.0,60256.1
2019-09-03 06:00:00+00:00,62075.0,62621.83
2019-09-03 07:00:00+00:00,62257.0,63203.637
2019-09-03 08:00:00+00:00,63427.0,63758.145
2019-09-03 09:00:00+00:00,64941.0,64685.043
2019-09-03 10:00:00+00:00,64710.0,64305.63
2019-09-03 11:00:00+00:00,64438.0,63983.734
2019-09-03 12:00:00+00:00,63404.0,63355.16
2019-09-03 13:00:00+00:00,62302.0,62135.95
2019-09-03 14:00:00+00:00,60636.0,60989.37
2019-09-03 15:00:00+00:00,60593.0,60183.395
2019-09-03 16:00:00+00:00,59991.0,60436.605
2019-09-03 17:00:00+00:00,59284.0,59251.77
2019-09-03 18:00:00+00:00,58784.0,58671.816
2019-09-03 19:00:00+00:00,55669.0,56425.582
2019-09-03 20:00:00+00:00,51268.0,51784.336
2019-09-03 21:00:00+00:00,46965.0,47143.54
2019-09-03 22:00:00+00:00,43779.0,44024.04
2019-09-03 23:00:00+00:00,42580.0,42050.17
2019-09-04 00:00:00+00:00,41738.0,41896.164
2019-09-04 01:00:00+00:00,42051.0,42059.57
2019-09-04 02:00:00+00:00,43255.0,43368.387
2019-09-04 03:00:00+00:00,47157.0,47264.01
2019-09-04 04:00:00+00:00,54712.0,55148.594
2019-09-04 05:00:00+00:00,59286.0,60102.77
2019-09-04 06:00:00+00:00,62046.0,61951.44
2019-09-04 07:00:00+00:00,62952.0,63281.707
2019-09-04 08:00:00+00:00,64334.0,64712.13
2019-09-04 09:00:00+00:00,65541.0,65440.387
2019-09-04 10:00:00+00:00,65141.0,64977.81
2019-09-04 11:00:00+00:00,63913.0,64472.184
2019-09-04 12:00:00+00:00,62595.0,62809.453
2019-09-04 13:00:00+00:00,61991.0,61485.79
2019-09-04 14:00:00+00:00,60869.0,60899.24
2019-09-04 15:00:00+00:00,60891.0,60412.938
2019-09-04 16:00:00+00:00,60989.0,60574.113
2019-09-04 17:00:00+00:00,61118.0,60292.883
2019-09-04 18:00:00+00:00,59994.0,59591.895
2019-09-04 19:00:00+00:00,56482.0,56708.973
2019-09-04 20:00:00+00:00,51285.0,52277.832
2019-09-04 21:00:00+00:00,47440.0,46976.3
2019-09-04 22:00:00+00:00,45452.0,44736.824
2019-09-04 23:00:00+00:00,43544.0,43956.246
2019-09-05 00:00:00+00:00,42452.0,42802.332
2019-09-05 01:00:00+00:00,42678.0,42615.203
2019-09-05 02:00:00+00:00,44004.0,44037.906
2019-09-05 03:00:00+00:00,47498.0,47881.664
2019-09-05 04:00:00+00:00,55043.0,55144.445
2019-09-05 05:00:00+00:00,60487.0,60323.97
2019-09-05 06:00:00+00:00,63605.0,63350.3
2019-09-05 07:00:00+00:00,63715.0,64726.71
2019-09-05 08:00:00+00:00,64445.0,65078.812
2019-09-05 09:00:00+00:00,66709.0,65640.38
2019-09-05 10:00:00+00:00,66817.0,66356.13
2019-09-05 11:00:00+00:00,65989.0,66067.11
2019-09-05 12:00:00+00:00,64541.0,64938.035
2019-09-05 13:00:00+00:00,63462.0,63436.996
2019-09-05 14:00:00+00:00,62397.0,62215.305
2019-09-05 15:00:00+00:00,62034.0,62105.402
2019-09-05 16:00:00+00:00,62397.0,61791.355
2019-09-05 17:00:00+00:00,61652.0,63002.39
2019-09-05 18:00:00+00:00,60728.0,60273.26
2019-09-05 19:00:00+00:00,57181.0,57662.824
2019-09-05 20:00:00+00:00,52083.0,53352.6
2019-09-05 21:00:00+00:00,47607.0,47735.695
2019-09-05 22:00:00+00:00,44700.0,44534.1
2019-09-05 23:00:00+00:00,43601.0,42984.465
2019-09-06 00:00:00+00:00,42294.0,42965.715
2019-09-06 01:00:00+00:00,42329.0,42485.16
2019-09-06 02:00:00+00:00,43594.0,43430.973
2019-09-06 03:00:00+00:00,47115.0,47701.89
2019-09-06 04:00:00+00:00,54581.0,55015.508
2019-09-06 05:00:00+00:00,60134.0,59907.555
2019-09-06 06:00:00+00:00,63161.0,63146.76
2019-09-06 07:00:00+00:00,63689.0,64281.516
2019-09-06 08:00:00+00:00,64459.0,65162.25
2019-09-06 09:00:00+00:00,64753.0,65663.01
2019-09-06 10:00:00+00:00,64248.0,64111.844
2019-09-06 11:00:00+00:00,62658.0,63458.09
2019-09-06 12:00:00+00:00,60934.0,61548.438
2019-09-06 13:00:00+00:00,59940.0,60065.516
2019-09-06 14:00:00+00:00,58907.0,59068.082
2019-09-06 15:00:00+00:00,59127.0,58618.11
2019-09-06 16:00:00+00:00,59104.0,59042.008
2019-09-06 17:00:00+00:00,58681.0,59136.48
2019-09-06 18:00:00+00:00,57669.0,57468.945
2019-09-06 19:00:00+00:00,53674.0,54846.926
2019-09-06 20:00:00+00:00,49800.0,49964.42
2019-09-06 21:00:00+00:00,46138.0,45910.59
2019-09-06 22:00:00+00:00,42685.0,43137.254
2019-09-06 23:00:00+00:00,41104.0,40629.48
2019-09-07 00:00:00+00:00,40067.0,40030.62
2019-09-07 01:00:00+00:00,39783.0,39903.586
2019-09-07 02:00:00+00:00,39718.0,40145.918
2019-09-07 03:00:00+00:00,39990.0,39674.617
2019-09-07 04:00:00+00:00,41687.0,41415.848
2019-09-07 05:00:00+00:00,44975.0,45148.824
2019-09-07 06:00:00+00:00,48201.0,49059.703
2019-09-07 07:00:00+00:00,50668.0,51100.01
2019-09-07 08:00:00+00:00,52231.0,52493.12
2019-09-07 09:00:00+00:00,53288.0,53184.965
2019-09-07 10:00:00+00:00,52943.0,52381.305
2019-09-07 11:00:00+00:00,50866.0,51287.414
2019-09-07 12:00:00+00:00,48820.0,49314.832
2019-09-07 13:00:00+00:00,47948.0,47898.02
2019-09-07 14:00:00+00:00,47855.0,47882.72
2019-09-07 15:00:00+00:00,49188.0,48854.29
2019-09-07 16:00:00+00:00,49921.0,50009.11
2019-09-07 17:00:00+00:00,50046.0,49817.67
2019-09-07 18:00:00+00:00,49694.0,48825.266
2019-09-07 19:00:00+00:00,46746.0,48171.664
2019-09-07 20:00:00+00:00,44268.0,44686.445
2019-09-07 21:00:00+00:00,41188.0,40999.227
2019-09-07 22:00:00+00:00,38575.0,38184.1
2019-09-07 23:00:00+00:00,36943.0,36688.96
2019-09-08 00:00:00+00:00,35942.0,36027.3
2019-09-08 01:00:00+00:00,35575.0,35718.098
2019-09-08 02:00:00+00:00,35532.0,35786.91
2019-09-08 03:00:00+00:00,35548.0,34973.332
2019-09-08 04:00:00+00:00,36777.0,35040.645
2019-09-08 05:00:00+00:00,38222.0,39301.938
2019-09-08 06:00:00+00:00,41652.0,41718.992
2019-09-08 07:00:00+00:00,44774.0,44890.992
2019-09-08 08:00:00+00:00,47085.0,47252.805
2019-09-08 09:00:00+00:00,49295.0,49209.95
2019-09-08 10:00:00+00:00,48767.0,48576.105
2019-09-08 11:00:00+00:00,46947.0,46846.24
2019-09-08 12:00:00+00:00,45811.0,45431.59
2019-09-08 13:00:00+00:00,45574.0,45048.156
2019-09-08 14:00:00+00:00,45424.0,45651.742
2019-09-08 15:00:00+00:00,46528.0,46598.27
2019-09-08 16:00:00+00:00,47877.0,47801.832
2019-09-08 17:00:00+00:00,48071.0,48893.793
2019-09-08 18:00:00+00:00,48496.0,48089.23
2019-09-08 19:00:00+00:00,46526.0,47362.824
2019-09-08 20:00:00+00:00,44964.0,45303.492
2019-09-08 21:00:00+00:00,42327.0,41886.117
2019-09-08 22:00:00+00:00,39794.0,39868.875
2019-09-08 23:00:00+00:00,38407.0,38160.273
2019-09-09 00:00:00+00:00,37619.0,37791.52
2019-09-09 01:00:00+00:00,37885.0,37740.1
2019-09-09 02:00:00+00:00,39350.0,39387.867
2019-09-09 03:00:00+00:00,44326.0,43252.863
2019-09-09 04:00:00+00:00,53749.0,54443.94
2019-09-09 05:00:00+00:00,59329.0,60325.035
2019-09-09 06:00:00+00:00,62291.0,62682.176
2019-09-09 07:00:00+00:00,63572.0,63718.676
2019-09-09 08:00:00+00:00,65214.0,65591.414
2019-09-09 09:00:00+00:00,66302.0,66574.72
2019-09-09 10:00:00+00:00,65326.0,65772.17
2019-09-09 11:00:00+00:00,64858.0,64917.242
2019-09-09 12:00:00+00:00,63766.0,63774.508
2019-09-09 13:00:00+00:00,62414.0,62644.152
2019-09-09 14:00:00+00:00,60490.0,61043.664
2019-09-09 15:00:00+00:00,60370.0,60173.37
2019-09-09 16:00:00+00:00,60320.0,60311.492
2019-09-09 17:00:00+00:00,60323.0,60409.418
2019-09-09 18:00:00+00:00,59666.0,59065.53
2019-09-09 19:00:00+00:00,55567.0,56870.906
2019-09-09 20:00:00+00:00,51640.0,51277.28
2019-09-09 21:00:00+00:00,47521.0,47550.695
2019-09-09 22:00:00+00:00,44132.0,44783.61
2019-09-09 23:00:00+00:00,42402.0,42554.824
2019-09-10 00:00:00+00:00,41511.0,41585.637
2019-09-10 01:00:00+00:00,42017.0,41649.62
2019-09-10 02:00:00+00:00,43415.0,43450.734
2019-09-10 03:00:00+00:00,47464.0,47289.094
2019-09-10 04:00:00+00:00,55950.0,55902.453
2019-09-10 05:00:00+00:00,60771.0,61610.0
2019-09-10 06:00:00+00:00,63235.0,63597.406
2019-09-10 07:00:00+00:00,63250.0,64231.754
2019-09-10 08:00:00+00:00,63998.0,64892.04
2019-09-10 09:00:00+00:00,65705.0,65232.08
2019-09-10 10:00:00+00:00,65725.0,65197.035
2019-09-10 11:00:00+00:00,64906.0,65015.56
2019-09-10 12:00:00+00:00,63382.0,63753.996
2019-09-10 13:00:00+00:00,61554.0,62300.824
2019-09-10 14:00:00+00:00,60118.0,60402.742
2019-09-10 15:00:00+00:00,60412.0,59923.773
2019-09-10 16:00:00+00:00,60614.0,60350.035
2019-09-10 17:00:00+00:00,60653.0,60643.21
2019-09-10 18:00:00+00:00,60522.0,59350.25
2019-09-10 19:00:00+00:00,56667.0,57397.227
2019-09-10 20:00:00+00:00,52254.0,52390.156
2019-09-10 21:00:00+00:00,47375.0,47988.28
2019-09-10 22:00:00+00:00,44132.0,44232.613
2019-09-10 23:00:00+00:00,42865.0,42448.08
2019-09-11 00:00:00+00:00,42863.0,42115.24
2019-09-11 01:00:00+00:00,42975.0,43710.934
2019-09-11 02:00:00+00:00,44119.0,44505.902
2019-09-11 03:00:00+00:00,48058.0,48102.445
2019-09-11 04:00:00+00:00,57315.0,56479.42
2019-09-11 05:00:00+00:00,61907.0,62853.22
2019-09-11 06:00:00+00:00,64302.0,64166.305
2019-09-11 07:00:00+00:00,63782.0,65210.605
2019-09-11 08:00:00+00:00,64726.0,65222.816
2019-09-11 09:00:00+00:00,64771.0,65768.72
2019-09-11 10:00:00+00:00,65032.0,64020.66
2019-09-11 11:00:00+00:00,64803.0,64370.65
2019-09-11 12:00:00+00:00,63649.0,63610.555
2019-09-11 13:00:00+00:00,63032.0,62374.355
2019-09-11 14:00:00+00:00,61332.0,61746.44
2019-09-11 15:00:00+00:00,61535.0,60784.277
2019-09-11 16:00:00+00:00,62574.0,61580.207
2019-09-11 17:00:00+00:00,62426.0,63419.13
2019-09-11 18:00:00+00:00,61189.0,60272.133
2019-09-11 19:00:00+00:00,56851.0,57786.773
2019-09-11 20:00:00+00:00,52590.0,52797.074
2019-09-11 21:00:00+00:00,48341.0,48425.383
2019-09-11 22:00:00+00:00,46237.0,45382.332
2019-09-11 23:00:00+00:00,44505.0,44772.22
2019-09-12 00:00:00+00:00,43829.0,43769.15
2019-09-12 01:00:00+00:00,43399.0,44338.46
2019-09-12 02:00:00+00:00,44323.0,44432.74
2019-09-12 03:00:00+00:00,48905.0,47824.71
2019-09-12 04:00:00+00:00,57234.0,58306.996
2019-09-12 05:00:00+00:00,62054.0,62790.25
2019-09-12 06:00:00+00:00,64604.0,64555.3
2019-09-12 07:00:00+00:00,64874.0,65590.57
2019-09-12 08:00:00+00:00,66091.0,66335.69
2019-09-12 09:00:00+00:00,67288.0,67253.8
2019-09-12 10:00:00+00:00,66565.0,66850.695
2019-09-12 11:00:00+00:00,66077.0,65991.57
2019-09-12 12:00:00+00:00,65103.0,65032.434
2019-09-12 13:00:00+00:00,64173.0,64049.883
2019-09-12 14:00:00+00:00,62310.0,62897.242
2019-09-12 15:00:00+00:00,61521.0,61964.43
2019-09-12 16:00:00+00:00,61532.0,61279.23
2019-09-12 17:00:00+00:00,61873.0,62879.2
2019-09-12 18:00:00+00:00,61799.0,60836.14
2019-09-12 19:00:00+00:00,58015.0,58448.6
2019-09-12 20:00:00+00:00,53925.0,53598.68
2019-09-12 21:00:00+00:00,50314.0,49840.168
2019-09-12 22:00:00+00:00,46558.0,47319.145
2019-09-12 23:00:00+00:00,45155.0,44562.305
2019-09-13 00:00:00+00:00,44979.0,44513.25
2019-09-13 01:00:00+00:00,45748.0,45611.383
2019-09-13 02:00:00+00:00,46136.0,47851.055
2019-09-13 03:00:00+00:00,49482.0,49257.668
2019-09-13 04:00:00+00:00,58034.0,57091.01
2019-09-13 05:00:00+00:00,62762.0,63778.613
2019-09-13 06:00:00+00:00,65157.0,65128.094
2019-09-13 07:00:00+00:00,66068.0,66116.22
2019-09-13 08:00:00+00:00,66622.0,67754.11
2019-09-13 09:00:00+00:00,68212.0,67506.54
2019-09-13 10:00:00+00:00,67030.0,67773.58
2019-09-13 11:00:00+00:00,65427.0,66306.58
2019-09-13 12:00:00+00:00,63583.0,64380.312
2019-09-13 13:00:00+00:00,62191.0,62652.21
2019-09-13 14:00:00+00:00,60856.0,61136.2
2019-09-13 15:00:00+00:00,60551.0,60643.734
2019-09-13 16:00:00+00:00,60010.0,60449.793
2019-09-13 17:00:00+00:00,59893.0,59595.234
2019-09-13 18:00:00+00:00,58933.0,59134.902
2019-09-13 19:00:00+00:00,53890.0,56192.1
2019-09-13 20:00:00+00:00,50091.0,50406.703
2019-09-13 21:00:00+00:00,46293.0,46460.25
2019-09-13 22:00:00+00:00,43434.0,43251.766
2019-09-13 23:00:00+00:00,41234.0,41625.387
2019-09-14 00:00:00+00:00,40070.0,40121.29
2019-09-14 01:00:00+00:00,39789.0,39890.684
2019-09-14 02:00:00+00:00,39764.0,40173.082
2019-09-14 03:00:00+00:00,40589.0,40465.613
2019-09-14 04:00:00+00:00,43188.0,43419.324
2019-09-14 05:00:00+00:00,46230.0,46845.355
2019-09-14 06:00:00+00:00,49702.0,50203.734
2019-09-14 07:00:00+00:00,51581.0,52587.363
2019-09-14 08:00:00+00:00,53140.0,53106.727
2019-09-14 09:00:00+00:00,54531.0,53934.824
2019-09-14 10:00:00+00:00,53195.0,53766.375
2019-09-14 11:00:00+00:00,51084.0,51349.363
2019-09-14 12:00:00+00:00,49120.0,49580.586
2019-09-14 13:00:00+00:00,48398.0,48364.613
2019-09-14 14:00:00+00:00,48462.0,48207.715
2019-09-14 15:00:00+00:00,49694.0,49491.273
2019-09-14 16:00:00+00:00,50003.0,50274.48
2019-09-14 17:00:00+00:00,49962.0,50413.016
2019-09-14 18:00:00+00:00,50101.0,48633.88
2019-09-14 19:00:00+00:00,47241.0,48421.31
2019-09-14 20:00:00+00:00,44870.0,44518.203
2019-09-14 21:00:00+00:00,41793.0,41603.96
2019-09-14 22:00:00+00:00,38969.0,38930.18
2019-09-14 23:00:00+00:00,37239.0,37194.215
2019-09-15 00:00:00+00:00,36685.0,36403.17
2019-09-15 01:00:00+00:00,36281.0,36706.758
2019-09-15 02:00:00+00:00,36111.0,36515.668
2019-09-15 03:00:00+00:00,36781.0,34791.812
2019-09-15 04:00:00+00:00,37502.0,37891.29
2019-09-15 05:00:00+00:00,39366.0,39869.664
2019-09-15 06:00:00+00:00,42856.0,43172.453
2019-09-15 07:00:00+00:00,45254.0,45869.91
2019-09-15 08:00:00+00:00,47034.0,47585.605
2019-09-15 09:00:00+00:00,48515.0,49090.273
2019-09-15 10:00:00+00:00,48229.0,47899.492
2019-09-15 11:00:00+00:00,46645.0,46487.086
2019-09-15 12:00:00+00:00,45099.0,45211.387
2019-09-15 13:00:00+00:00,44175.0,44266.87
2019-09-15 14:00:00+00:00,44853.0,44141.52
2019-09-15 15:00:00+00:00,46508.0,46217.477
2019-09-15 16:00:00+00:00,48670.0,47980.2
2019-09-15 17:00:00+00:00,49386.0,49835.07
2019-09-15 18:00:00+00:00,49952.0,49056.86
2019-09-15 19:00:00+00:00,47549.0,48469.383
2019-09-15 20:00:00+00:00,45575.0,46105.85
2019-09-15 21:00:00+00:00,42345.0,42372.832
2019-09-15 22:00:00+00:00,39895.0,39809.13
2019-09-15 23:00:00+00:00,38587.0,38370.508
2019-09-16 00:00:00+00:00,38160.0,38124.36
2019-09-16 01:00:00+00:00,38229.0,38729.758
2019-09-16 02:00:00+00:00,40111.0,39914.06
2019-09-16 03:00:00+00:00,44750.0,44065.69
2019-09-16 04:00:00+00:00,54509.0,54055.06
2019-09-16 05:00:00+00:00,60166.0,61135.63
2019-09-16 06:00:00+00:00,62615.0,63123.74
2019-09-16 07:00:00+00:00,62890.0,63642.07
2019-09-16 08:00:00+00:00,63976.0,64501.188
2019-09-16 09:00:00+00:00,65262.0,65541.805
2019-09-16 10:00:00+00:00,65287.0,64548.363
2019-09-16 11:00:00+00:00,64721.0,64715.44
2019-09-16 12:00:00+00:00,63884.0,63583.004
2019-09-16 13:00:00+00:00,63137.0,62862.977
2019-09-16 14:00:00+00:00,61974.0,61805.418
2019-09-16 15:00:00+00:00,61608.0,61578.66
2019-09-16 16:00:00+00:00,61520.0,61498.336
2019-09-16 17:00:00+00:00,62011.0,61746.805
2019-09-16 18:00:00+00:00,60404.0,60939.996
2019-09-16 19:00:00+00:00,56391.0,57344.24
2019-09-16 20:00:00+00:00,51883.0,52345.887
2019-09-16 21:00:00+00:00,47903.0,47633.9
2019-09-16 22:00:00+00:00,45718.0,45173.25
2019-09-16 23:00:00+00:00,43980.0,44381.188
2019-09-17 00:00:00+00:00,42791.0,43521.527
2019-09-17 01:00:00+00:00,42926.0,43043.457
2019-09-17 02:00:00+00:00,43876.0,44278.83
2019-09-17 03:00:00+00:00,47768.0,47549.73
2019-09-17 04:00:00+00:00,56924.0,56238.46
2019-09-17 05:00:00+00:00,62006.0,62658.164
2019-09-17 06:00:00+00:00,64186.0,64617.87
2019-09-17 07:00:00+00:00,64272.0,65144.5
2019-09-17 08:00:00+00:00,65222.0,65786.75
2019-09-17 09:00:00+00:00,67313.0,66453.39
2019-09-17 10:00:00+00:00,66041.0,66872.75
2019-09-17 11:00:00+00:00,65249.0,65390.273
2019-09-17 12:00:00+00:00,63890.0,64257.902
2019-09-17 13:00:00+00:00,63166.0,62916.3
2019-09-17 14:00:00+00:00,62059.0,61858.426
2019-09-17 15:00:00+00:00,61722.0,61743.332
2019-09-17 16:00:00+00:00,61463.0,61457.89
2019-09-17 17:00:00+00:00,62557.0,62089.492
2019-09-17 18:00:00+00:00,62291.0,60915.406
2019-09-17 19:00:00+00:00,57630.0,58265.492
2019-09-17 20:00:00+00:00,52638.0,53191.242
2019-09-17 21:00:00+00:00,48043.0,48390.207
2019-09-17 22:00:00+00:00,44864.0,44918.28
2019-09-17 23:00:00+00:00,43118.0,43199.87
2019-09-18 00:00:00+00:00,42155.0,42402.53
2019-09-18 01:00:00+00:00,42384.0,42552.098
2019-09-18 02:00:00+00:00,43540.0,43666.484
2019-09-18 03:00:00+00:00,47644.0,47401.38
2019-09-18 04:00:00+00:00,57539.0,56884.594
2019-09-18 05:00:00+00:00,62405.0,63507.445
2019-09-18 06:00:00+00:00,64207.0,64949.277
2019-09-18 07:00:00+00:00,63885.0,64882.902
2019-09-18 08:00:00+00:00,64356.0,65290.527
2019-09-18 09:00:00+00:00,65233.0,65609.664
2019-09-18 10:00:00+00:00,64307.0,64692.543
2019-09-18 11:00:00+00:00,63995.0,63566.41
2019-09-18 12:00:00+00:00,62801.0,62875.758
2019-09-18 13:00:00+00:00,61275.0,61707.758
2019-09-18 14:00:00+00:00,60386.0,59908.17
2019-09-18 15:00:00+00:00,60962.0,60037.297
2019-09-18 16:00:00+00:00,60704.0,61369.156
2019-09-18 17:00:00+00:00,61298.0,60958.066
2019-09-18 18:00:00+00:00,60405.0,59973.93
2019-09-18 19:00:00+00:00,55742.0,56748.598
2019-09-18 20:00:00+00:00,51511.0,51551.363
2019-09-18 21:00:00+00:00,48339.0,47413.7
2019-09-18 22:00:00+00:00,45242.0,45507.688
2019-09-18 23:00:00+00:00,42917.0,43428.234
2019-09-19 00:00:00+00:00,42239.0,41980.242
2019-09-19 01:00:00+00:00,42963.0,42363.652
2019-09-19 02:00:00+00:00,43902.0,44744.26
2019-09-19 03:00:00+00:00,48210.0,46909.008
2019-09-19 04:00:00+00:00,57483.0,56498.87
2019-09-19 05:00:00+00:00,61070.0,63504.32
2019-09-19 06:00:00+00:00,63456.0,63426.8
2019-09-19 07:00:00+00:00,63494.0,64379.38
2019-09-19 08:00:00+00:00,64073.0,65021.996
2019-09-19 09:00:00+00:00,66480.0,65163.887
2019-09-19 10:00:00+00:00,65667.0,66189.984
2019-09-19 11:00:00+00:00,64173.0,64808.105
2019-09-19 12:00:00+00:00,63017.0,63091.215
2019-09-19 13:00:00+00:00,62031.0,62073.938
2019-09-19 14:00:00+00:00,60506.0,60861.176
2019-09-19 15:00:00+00:00,59796.0,60224.7
2019-09-19 16:00:00+00:00,59785.0,59544.69
2019-09-19 17:00:00+00:00,61532.0,60659.33
2019-09-19 18:00:00+00:00,60963.0,59857.023
2019-09-19 19:00:00+00:00,56333.0,56930.277
2019-09-19 20:00:00+00:00,52799.0,51918.29
2019-09-19 21:00:00+00:00,48930.0,48805.84
2019-09-19 22:00:00+00:00,45761.0,45876.324
2019-09-19 23:00:00+00:00,44803.0,44002.6
2019-09-20 00:00:00+00:00,44164.0,44255.906
2019-09-20 01:00:00+00:00,44606.0,44741.406
2019-09-20 02:00:00+00:00,45975.0,46385.883
2019-09-20 03:00:00+00:00,49621.0,50020.85
2019-09-20 04:00:00+00:00,57322.0,57722.363
2019-09-20 05:00:00+00:00,60821.0,62327.48
2019-09-20 06:00:00+00:00,63253.0,63031.09
2019-09-20 07:00:00+00:00,63290.0,64382.902
2019-09-20 08:00:00+00:00,64252.0,64716.227
2019-09-20 09:00:00+00:00,65920.0,64974.883
2019-09-20 10:00:00+00:00,64000.0,65365.7
2019-09-20 11:00:00+00:00,61836.0,62912.41
2019-09-20 12:00:00+00:00,59826.0,60822.594
2019-09-20 13:00:00+00:00,57984.0,59207.184
2019-09-20 14:00:00+00:00,57321.0,57247.906
2019-09-20 15:00:00+00:00,58227.0,57431.42
2019-09-20 16:00:00+00:00,58038.0,58509.8
2019-09-20 17:00:00+00:00,58960.0,57425.9
2019-09-20 18:00:00+00:00,57752.0,57035.848
2019-09-20 19:00:00+00:00,53875.0,54277.805
2019-09-20 20:00:00+00:00,50443.0,50305.504
2019-09-20 21:00:00+00:00,46870.0,46589.832
2019-09-20 22:00:00+00:00,43669.0,43654.535
2019-09-20 23:00:00+00:00,41651.0,41488.582
2019-09-21 00:00:00+00:00,40662.0,40449.332
2019-09-21 01:00:00+00:00,40646.0,40606.445
2019-09-21 02:00:00+00:00,40979.0,41005.934
2019-09-21 03:00:00+00:00,41839.0,40892.2
2019-09-21 04:00:00+00:00,43949.0,44463.125
2019-09-21 05:00:00+00:00,46944.0,47329.227
2019-09-21 06:00:00+00:00,50369.0,50721.668
2019-09-21 07:00:00+00:00,51937.0,53331.754
2019-09-21 08:00:00+00:00,53603.0,53411.79
2019-09-21 09:00:00+00:00,54370.0,54287.207
2019-09-21 10:00:00+00:00,53301.0,53479.203
2019-09-21 11:00:00+00:00,52058.0,51662.38
2019-09-21 12:00:00+00:00,50314.0,50702.348
2019-09-21 13:00:00+00:00,49427.0,49398.168
2019-09-21 14:00:00+00:00,48599.0,49336.445
2019-09-21 15:00:00+00:00,49804.0,49168.816
2019-09-21 16:00:00+00:00,50723.0,50860.527
2019-09-21 17:00:00+00:00,51570.0,50700.688
2019-09-21 18:00:00+00:00,50998.0,50047.637
2019-09-21 19:00:00+00:00,47898.0,49120.223
2019-09-21 20:00:00+00:00,45259.0,45361.844
2019-09-21 21:00:00+00:00,42038.0,41828.88
2019-09-21 22:00:00+00:00,39449.0,39032.758
2019-09-21 23:00:00+00:00,37575.0,37568.62
2019-09-22 00:00:00+00:00,36240.0,36607.945
2019-09-22 01:00:00+00:00,36077.0,35887.367
2019-09-22 02:00:00+00:00,36597.0,35977.113
2019-09-22 03:00:00+00:00,36973.0,36845.133
2019-09-22 04:00:00+00:00,37882.0,37196.75
2019-09-22 05:00:00+00:00,40115.0,40228.902
2019-09-22 06:00:00+00:00,43098.0,44136.742
2019-09-22 07:00:00+00:00,45949.0,46129.645
2019-09-22 08:00:00+00:00,48047.0,48446.74
2019-09-22 09:00:00+00:00,49202.0,50177.594
2019-09-22 10:00:00+00:00,48472.0,48636.527
2019-09-22 11:00:00+00:00,47026.0,46613.7
2019-09-22 12:00:00+00:00,45467.0,45608.246
2019-09-22 13:00:00+00:00,44436.0,44540.453
2019-09-22 14:00:00+00:00,44258.0,44435.367
2019-09-22 15:00:00+00:00,46683.0,45442.18
2019-09-22 16:00:00+00:00,48625.0,48772.062
2019-09-22 17:00:00+00:00,49980.0,50611.4
2019-09-22 18:00:00+00:00,50055.0,49557.918
2019-09-22 19:00:00+00:00,47541.0,48573.08
2019-09-22 20:00:00+00:00,46073.0,46131.938
2019-09-22 21:00:00+00:00,42745.0,42953.07
2019-09-22 22:00:00+00:00,40444.0,40209.832
2019-09-22 23:00:00+00:00,39614.0,39022.7
2019-09-23 00:00:00+00:00,39357.0,39345.64
2019-09-23 01:00:00+00:00,40067.0,40140.203
2019-09-23 02:00:00+00:00,41458.0,42527.44
2019-09-23 03:00:00+00:00,45535.0,45224.78
2019-09-23 04:00:00+00:00,55656.0,53650.066
2019-09-23 05:00:00+00:00,61767.0,62394.453
2019-09-23 06:00:00+00:00,64530.0,64548.21
2019-09-23 07:00:00+00:00,65061.0,65469.11
2019-09-23 08:00:00+00:00,66983.0,66705.87
2019-09-23 09:00:00+00:00,67641.0,68339.09
2019-09-23 10:00:00+00:00,66919.0,66861.31
2019-09-23 11:00:00+00:00,66586.0,66628.97
2019-09-23 12:00:00+00:00,65499.0,65483.875
2019-09-23 13:00:00+00:00,64651.0,64330.258
2019-09-23 14:00:00+00:00,63223.0,63328.79
2019-09-23 15:00:00+00:00,63384.0,62864.09
2019-09-23 16:00:00+00:00,63144.0,63406.344
2019-09-23 17:00:00+00:00,64254.0,63782.15
2019-09-23 18:00:00+00:00,61963.0,62579.38
2019-09-23 19:00:00+00:00,57386.0,58484.24
2019-09-23 20:00:00+00:00,52966.0,53607.15
2019-09-23 21:00:00+00:00,49007.0,48705.91
2019-09-23 22:00:00+00:00,46380.0,46099.01
2019-09-23 23:00:00+00:00,44791.0,44940.047
2019-09-24 00:00:00+00:00,43959.0,44384.97
2019-09-24 01:00:00+00:00,44364.0,44440.2
2019-09-24 02:00:00+00:00,45521.0,46022.38
2019-09-24 03:00:00+00:00,49581.0,49370.688
2019-09-24 04:00:00+00:00,57860.0,58415.414
2019-09-24 05:00:00+00:00,62430.0,63345.875
2019-09-24 06:00:00+00:00,64299.0,64718.324
2019-09-24 07:00:00+00:00,65357.0,65187.508
2019-09-24 08:00:00+00:00,66107.0,66982.66
2019-09-24 09:00:00+00:00,66796.0,66910.21
2019-09-24 10:00:00+00:00,66559.0,66259.32
2019-09-24 11:00:00+00:00,66365.0,65864.91
2019-09-24 12:00:00+00:00,65463.0,65235.445
2019-09-24 13:00:00+00:00,64400.0,64191.977
2019-09-24 14:00:00+00:00,63162.0,63228.277
2019-09-24 15:00:00+00:00,63152.0,62791.594
2019-09-24 16:00:00+00:00,62865.0,63957.168
2019-09-24 17:00:00+00:00,64584.0,64293.76
2019-09-24 18:00:00+00:00,62529.0,62881.777
2019-09-24 19:00:00+00:00,58352.0,58663.598
2019-09-24 20:00:00+00:00,53842.0,54397.652
2019-09-24 21:00:00+00:00,49449.0,49639.02
2019-09-24 22:00:00+00:00,46435.0,46430.633
2019-09-24 23:00:00+00:00,44593.0,44836.99
2019-09-25 00:00:00+00:00,43767.0,43951.516
2019-09-25 01:00:00+00:00,44036.0,44210.46
2019-09-25 02:00:00+00:00,45379.0,45503.645
2019-09-25 03:00:00+00:00,49998.0,49563.49
2019-09-25 04:00:00+00:00,59064.0,59949.445
2019-09-25 05:00:00+00:00,64161.0,64731.54
2019-09-25 06:00:00+00:00,65125.0,66485.38
2019-09-25 07:00:00+00:00,65416.0,65806.51
2019-09-25 08:00:00+00:00,66751.0,66958.35
2019-09-25 09:00:00+00:00,67946.0,67859.96
2019-09-25 10:00:00+00:00,67462.0,67379.31
2019-09-25 11:00:00+00:00,66190.0,66998.95
2019-09-25 12:00:00+00:00,64861.0,65004.086
2019-09-25 13:00:00+00:00,64200.0,63918.742
2019-09-25 14:00:00+00:00,62405.0,62859.37
2019-09-25 15:00:00+00:00,61817.0,62078.27
2019-09-25 16:00:00+00:00,62394.0,61932.16
2019-09-25 17:00:00+00:00,64101.0,64255.742
2019-09-25 18:00:00+00:00,61405.0,62243.88
2019-09-25 19:00:00+00:00,57535.0,57533.1
2019-09-25 20:00:00+00:00,53737.0,53763.492
2019-09-25 21:00:00+00:00,49387.0,49427.027
2019-09-25 22:00:00+00:00,46790.0,46206.617
2019-09-25 23:00:00+00:00,45207.0,45225.95
2019-09-26 00:00:00+00:00,43765.0,44569.03
2019-09-26 01:00:00+00:00,44255.0,43965.082
2019-09-26 02:00:00+00:00,45417.0,45544.855
2019-09-26 03:00:00+00:00,49443.0,49136.773
2019-09-26 04:00:00+00:00,58442.0,58003.133
2019-09-26 05:00:00+00:00,62402.0,64382.438
2019-09-26 06:00:00+00:00,64567.0,64736.766
2019-09-26 07:00:00+00:00,65843.0,65529.3
2019-09-26 08:00:00+00:00,66582.0,67560.92
2019-09-26 09:00:00+00:00,68242.0,67504.05
2019-09-26 10:00:00+00:00,67670.0,67930.49
2019-09-26 11:00:00+00:00,66744.0,67092.664
2019-09-26 12:00:00+00:00,65790.0,65678.1
2019-09-26 13:00:00+00:00,65517.0,64734.93
2019-09-26 14:00:00+00:00,64393.0,64120.215
2019-09-26 15:00:00+00:00,63433.0,64108.188
2019-09-26 16:00:00+00:00,63517.0,63086.75
2019-09-26 17:00:00+00:00,64837.0,64374.684
2019-09-26 18:00:00+00:00,62418.0,63305.906
2019-09-26 19:00:00+00:00,58687.0,58791.72
2019-09-26 20:00:00+00:00,54358.0,54844.25
2019-09-26 21:00:00+00:00,49643.0,50070.14
2019-09-26 22:00:00+00:00,46735.0,46552.957
2019-09-26 23:00:00+00:00,44688.0,45220.242
2019-09-27 00:00:00+00:00,43960.0,44015.72
2019-09-27 01:00:00+00:00,44216.0,44516.2
2019-09-27 02:00:00+00:00,45247.0,45614.5
2019-09-27 03:00:00+00:00,48544.0,48960.168
2019-09-27 04:00:00+00:00,57778.0,56328.188
2019-09-27 05:00:00+00:00,63126.0,64106.16
2019-09-27 06:00:00+00:00,65675.0,65794.56
2019-09-27 07:00:00+00:00,66971.0,66512.2
2019-09-27 08:00:00+00:00,67843.0,68478.68
2019-09-27 09:00:00+00:00,68756.0,69001.484
2019-09-27 10:00:00+00:00,68619.0,68344.82
2019-09-27 11:00:00+00:00,66848.0,68181.305
2019-09-27 12:00:00+00:00,64599.0,65750.69
2019-09-27 13:00:00+00:00,63721.0,63735.5
2019-09-27 14:00:00+00:00,62285.0,62666.824
2019-09-27 15:00:00+00:00,61578.0,62032.637
2019-09-27 16:00:00+00:00,61292.0,61636.01
2019-09-27 17:00:00+00:00,62408.0,63217.77
2019-09-27 18:00:00+00:00,59716.0,61442.227
2019-09-27 19:00:00+00:00,55385.0,56653.293
2019-09-27 20:00:00+00:00,51863.0,52126.16
2019-09-27 21:00:00+00:00,47531.0,47948.88
2019-09-27 22:00:00+00:00,44371.0,44342.31
2019-09-27 23:00:00+00:00,42814.0,42562.95
2019-09-28 00:00:00+00:00,40894.0,41916.73
2019-09-28 01:00:00+00:00,41608.0,40515.902
2019-09-28 02:00:00+00:00,41782.0,42712.33
2019-09-28 03:00:00+00:00,42122.0,43490.4
2019-09-28 04:00:00+00:00,44238.0,44442.035
2019-09-28 05:00:00+00:00,46931.0,48029.47
2019-09-28 06:00:00+00:00,51194.0,50797.906
2019-09-28 07:00:00+00:00,52103.0,53985.934
2019-09-28 08:00:00+00:00,55034.0,53440.582
2019-09-28 09:00:00+00:00,56136.0,55875.76
2019-09-28 10:00:00+00:00,55777.0,55054.91
2019-09-28 11:00:00+00:00,53720.0,53993.63
2019-09-28 12:00:00+00:00,51838.0,52052.137
2019-09-28 13:00:00+00:00,51485.0,50896.15
2019-09-28 14:00:00+00:00,50587.0,51322.938
2019-09-28 15:00:00+00:00,51375.0,51196.703
2019-09-28 16:00:00+00:00,52348.0,52642.457
2019-09-28 17:00:00+00:00,53459.0,54373.207
2019-09-28 18:00:00+00:00,51207.0,51341.9
2019-09-28 19:00:00+00:00,47350.0,48942.023
2019-09-28 20:00:00+00:00,45065.0,45350.86
2019-09-28 21:00:00+00:00,41651.0,41871.152
2019-09-28 22:00:00+00:00,39842.0,38398.47
2019-09-28 23:00:00+00:00,38102.0,37750.586
2019-09-29 00:00:00+00:00,36590.0,36906.61
2019-09-29 01:00:00+00:00,36403.0,36089.27
2019-09-29 02:00:00+00:00,36376.0,36478.527
2019-09-29 03:00:00+00:00,36201.0,36170.348
2019-09-29 04:00:00+00:00,37461.0,36114.95
2019-09-29 05:00:00+00:00,39222.0,40024.027
2019-09-29 06:00:00+00:00,42659.0,42500.066
2019-09-29 07:00:00+00:00,46454.0,45976.562
2019-09-29 08:00:00+00:00,49344.0,49013.223
2019-09-29 09:00:00+00:00,51431.0,51571.703
2019-09-29 10:00:00+00:00,51195.0,50673.63
2019-09-29 11:00:00+00:00,50518.0,49277.543
2019-09-29 12:00:00+00:00,49054.0,49129.89
2019-09-29 13:00:00+00:00,48147.0,47932.07
2019-09-29 14:00:00+00:00,47757.0,48250.977
2019-09-29 15:00:00+00:00,49519.0,48991.992
2019-09-29 16:00:00+00:00,51058.0,51840.543
2019-09-29 17:00:00+00:00,51956.0,51940.85
2019-09-29 18:00:00+00:00,50290.0,50742.176
2019-09-29 19:00:00+00:00,48480.0,48671.344
2019-09-29 20:00:00+00:00,47458.0,47641.016
2019-09-29 21:00:00+00:00,44335.0,44303.902
2019-09-29 22:00:00+00:00,43503.0,41350.37
2019-09-29 23:00:00+00:00,42193.0,41874.613
2019-09-30 00:00:00+00:00,41617.0,41131.035
2019-09-30 01:00:00+00:00,42348.0,41762.16
2019-09-30 02:00:00+00:00,44411.0,43974.08
2019-09-30 03:00:00+00:00,48176.0,48698.625
2019-09-30 04:00:00+00:00,58134.0,55595.99
2019-09-30 05:00:00+00:00,63427.0,64629.516
2019-09-30 06:00:00+00:00,65672.0,66268.555
2019-09-30 07:00:00+00:00,65695.0,67012.48
2019-09-30 08:00:00+00:00,66551.0,67353.16
2019-09-30 09:00:00+00:00,67998.0,67597.97
2019-09-30 10:00:00+00:00,67676.0,67400.41
2019-09-30 11:00:00+00:00,67259.0,67230.25
2019-09-30 12:00:00+00:00,65312.0,66255.195
2019-09-30 13:00:00+00:00,63847.0,64210.67
2019-09-30 14:00:00+00:00,62626.0,62597.766
2019-09-30 15:00:00+00:00,62348.0,63548.082
2019-09-30 16:00:00+00:00,62831.0,65105.766
2019-09-30 17:00:00+00:00,64354.0,65906.61
2019-09-30 18:00:00+00:00,61538.0,62370.35
2019-09-30 19:00:00+00:00,57088.0,57945.758
2019-09-30 20:00:00+00:00,52879.0,53653.992
2019-09-30 21:00:00+00:00,48453.0,48659.23
2019-09-30 22:00:00+00:00,46216.0,45431.004
2019-09-30 23:00:00+00:00,45288.0,44779.867
2019-10-01 00:00:00+00:00,44267.0,44854.473
2019-10-01 01:00:00+00:00,44552.0,44720.664
2019-10-01 02:00:00+00:00,46592.0,46021.734
2019-10-01 03:00:00+00:00,51175.0,51688.234
2019-10-01 04:00:00+00:00,58704.0,59748.836
2019-10-01 05:00:00+00:00,64065.0,63647.664
2019-10-01 06:00:00+00:00,66537.0,66132.74
2019-10-01 07:00:00+00:00,66965.0,67532.805
2019-10-01 08:00:00+00:00,68452.0,68513.37
2019-10-01 09:00:00+00:00,69895.0,69184.45
2019-10-01 10:00:00+00:00,69439.0,69386.19
2019-10-01 11:00:00+00:00,68824.0,68784.18
2019-10-01 12:00:00+00:00,67283.0,67670.766
2019-10-01 13:00:00+00:00,65618.0,66144.66
2019-10-01 14:00:00+00:00,64394.0,64503.234
2019-10-01 15:00:00+00:00,64906.0,64225.895
2019-10-01 16:00:00+00:00,64551.0,66132.73
2019-10-01 17:00:00+00:00,65487.0,65676.48
2019-10-01 18:00:00+00:00,62525.0,63618.906
2019-10-01 19:00:00+00:00,58838.0,58868.48
2019-10-01 20:00:00+00:00,54178.0,55236.812
2019-10-01 21:00:00+00:00,49559.0,49692.188
2019-10-01 22:00:00+00:00,46529.0,46477.34
2019-10-01 23:00:00+00:00,45922.0,44916.027
2019-10-02 00:00:00+00:00,45745.0,45662.152
2019-10-02 01:00:00+00:00,45920.0,46755.984
2019-10-02 02:00:00+00:00,46822.0,47650.133
2019-10-02 03:00:00+00:00,50601.0,50582.54
2019-10-02 04:00:00+00:00,58516.0,58528.03
2019-10-02 05:00:00+00:00,62980.0,63813.812
2019-10-02 06:00:00+00:00,64899.0,64944.344
2019-10-02 07:00:00+00:00,64982.0,65827.22
2019-10-02 08:00:00+00:00,65867.0,66401.57
2019-10-02 09:00:00+00:00,66892.0,66468.26
2019-10-02 10:00:00+00:00,67349.0,66257.125
2019-10-02 11:00:00+00:00,66592.0,66602.98
2019-10-02 12:00:00+00:00,65123.0,65450.562
2019-10-02 13:00:00+00:00,63086.0,63965.84
2019-10-02 14:00:00+00:00,61441.0,62115.652
2019-10-02 15:00:00+00:00,61471.0,61321.89
2019-10-02 16:00:00+00:00,61547.0,63509.363
2019-10-02 17:00:00+00:00,63037.0,64302.758
2019-10-02 18:00:00+00:00,60429.0,62157.434
2019-10-02 19:00:00+00:00,56284.0,57079.66
2019-10-02 20:00:00+00:00,52744.0,52981.695
2019-10-02 21:00:00+00:00,48341.0,48772.215
2019-10-02 22:00:00+00:00,45884.0,45059.94
2019-10-02 23:00:00+00:00,43882.0,44182.492
2019-10-03 00:00:00+00:00,43164.0,42889.09
2019-10-03 01:00:00+00:00,42865.0,43518.938
2019-10-03 02:00:00+00:00,41998.0,43671.03
2019-10-03 03:00:00+00:00,40610.0,42680.066
2019-10-03 04:00:00+00:00,40154.0,39724.86
2019-10-03 05:00:00+00:00,41818.0,41798.32
2019-10-03 06:00:00+00:00,44748.0,45053.566
2019-10-03 07:00:00+00:00,47262.0,47877.746
2019-10-03 08:00:00+00:00,49838.0,49417.027
2019-10-03 09:00:00+00:00,52004.0,51614.535
2019-10-03 10:00:00+00:00,52183.0,51590.137
2019-10-03 11:00:00+00:00,49960.0,50569.535
2019-10-03 12:00:00+00:00,48208.0,48409.62
2019-10-03 13:00:00+00:00,47314.0,47412.32
2019-10-03 14:00:00+00:00,46982.0,47182.812
2019-10-03 15:00:00+00:00,47988.0,48310.68
2019-10-03 16:00:00+00:00,50076.0,50584.277
2019-10-03 17:00:00+00:00,51847.0,53225.785
2019-10-03 18:00:00+00:00,50316.0,51297.184
2019-10-03 19:00:00+00:00,47810.0,48944.88
2019-10-03 20:00:00+00:00,46324.0,47784.113
2019-10-03 21:00:00+00:00,43135.0,42980.375
2019-10-03 22:00:00+00:00,40214.0,40045.582
2019-10-03 23:00:00+00:00,38480.0,37592.113
2019-10-04 00:00:00+00:00,38015.0,37222.676
2019-10-04 01:00:00+00:00,38443.0,38127.3
2019-10-04 02:00:00+00:00,39876.0,39835.94
2019-10-04 03:00:00+00:00,42871.0,42419.227
2019-10-04 04:00:00+00:00,49387.0,48465.562
2019-10-04 05:00:00+00:00,54251.0,55665.664
2019-10-04 06:00:00+00:00,56516.0,57653.574
2019-10-04 07:00:00+00:00,58494.0,58116.645
2019-10-04 08:00:00+00:00,59071.0,60049.89
2019-10-04 09:00:00+00:00,60228.0,60232.855
2019-10-04 10:00:00+00:00,60236.0,59634.676
2019-10-04 11:00:00+00:00,58974.0,59006.906
2019-10-04 12:00:00+00:00,57774.0,57721.96
2019-10-04 13:00:00+00:00,56663.0,56953.11
2019-10-04 14:00:00+00:00,55321.0,56277.47
2019-10-04 15:00:00+00:00,55990.0,55481.848
2019-10-04 16:00:00+00:00,56857.0,56542.05
2019-10-04 17:00:00+00:00,58077.0,56775.125
2019-10-04 18:00:00+00:00,55125.0,56027.074
2019-10-04 19:00:00+00:00,51335.0,52251.83
2019-10-04 20:00:00+00:00,47780.0,48393.61
2019-10-04 21:00:00+00:00,44804.0,44195.21
2019-10-04 22:00:00+00:00,41811.0,42056.5
2019-10-04 23:00:00+00:00,40459.0,39841.21
2019-10-05 00:00:00+00:00,39392.0,39278.7
2019-10-05 01:00:00+00:00,39544.0,39089.836
2019-10-05 02:00:00+00:00,40378.0,40319.582
2019-10-05 03:00:00+00:00,41262.0,41595.312
2019-10-05 04:00:00+00:00,42618.0,42695.305
2019-10-05 05:00:00+00:00,45414.0,45552.223
2019-10-05 06:00:00+00:00,48864.0,48982.41
2019-10-05 07:00:00+00:00,51205.0,51516.254
2019-10-05 08:00:00+00:00,52803.0,53044.23
2019-10-05 09:00:00+00:00,54152.0,54190.98
2019-10-05 10:00:00+00:00,54300.0,53166.6
2019-10-05 11:00:00+00:00,52219.0,52660.766
2019-10-05 12:00:00+00:00,50172.0,50711.688
2019-10-05 13:00:00+00:00,49290.0,49247.957
2019-10-05 14:00:00+00:00,49026.0,49583.14
2019-10-05 15:00:00+00:00,49558.0,50236.38
2019-10-05 16:00:00+00:00,50378.0,50700.215
2019-10-05 17:00:00+00:00,52324.0,51532.78
2019-10-05 18:00:00+00:00,49958.0,50722.24
2019-10-05 19:00:00+00:00,47355.0,47931.348
2019-10-05 20:00:00+00:00,45862.0,45933.656
2019-10-05 21:00:00+00:00,43119.0,42560.902
2019-10-05 22:00:00+00:00,41060.0,40213.668
2019-10-05 23:00:00+00:00,38413.0,39075.168
2019-10-06 00:00:00+00:00,37825.0,36939.34
2019-10-06 01:00:00+00:00,38420.0,37541.66
2019-10-06 02:00:00+00:00,38543.0,39447.527
2019-10-06 03:00:00+00:00,38789.0,38340.0
2019-10-06 04:00:00+00:00,38992.0,39210.895
2019-10-06 05:00:00+00:00,40251.0,41432.242
2019-10-06 06:00:00+00:00,43452.0,43537.953
2019-10-06 07:00:00+00:00,46724.0,46792.555
2019-10-06 08:00:00+00:00,49058.0,49106.08
2019-10-06 09:00:00+00:00,51459.0,51303.473
2019-10-06 10:00:00+00:00,51331.0,51088.8
2019-10-06 11:00:00+00:00,50449.0,49444.414
2019-10-06 12:00:00+00:00,50188.0,49129.12
2019-10-06 13:00:00+00:00,49274.0,49644.46
2019-10-06 14:00:00+00:00,49283.0,49309.684
2019-10-06 15:00:00+00:00,50344.0,50781.402
2019-10-06 16:00:00+00:00,51681.0,51965.277
2019-10-06 17:00:00+00:00,53185.0,53239.312
2019-10-06 18:00:00+00:00,50901.0,52202.39
2019-10-06 19:00:00+00:00,49001.0,49203.836
2019-10-06 20:00:00+00:00,48505.0,48046.37
2019-10-06 21:00:00+00:00,45686.0,45591.676
2019-10-06 22:00:00+00:00,43155.0,42928.8
2019-10-06 23:00:00+00:00,41293.0,41226.89
2019-10-07 00:00:00+00:00,40697.0,40129.52
2019-10-07 01:00:00+00:00,41035.0,40648.215
2019-10-07 02:00:00+00:00,42620.0,42387.816
2019-10-07 03:00:00+00:00,47356.0,46242.844
2019-10-07 04:00:00+00:00,56933.0,57289.77
2019-10-07 05:00:00+00:00,62357.0,63504.824
2019-10-07 06:00:00+00:00,65303.0,65312.445
2019-10-07 07:00:00+00:00,65613.0,66774.33
2019-10-07 08:00:00+00:00,66675.0,67339.3
2019-10-07 09:00:00+00:00,66997.0,68005.555
2019-10-07 10:00:00+00:00,66309.0,66608.29
2019-10-07 11:00:00+00:00,65824.0,65966.35
2019-10-07 12:00:00+00:00,63637.0,64769.074
2019-10-07 13:00:00+00:00,62734.0,62650.816
2019-10-07 14:00:00+00:00,61661.0,61776.793
2019-10-07 15:00:00+00:00,61821.0,62723.61
2019-10-07 16:00:00+00:00,63429.0,63555.71
2019-10-07 17:00:00+00:00,65644.0,64993.26
2019-10-07 18:00:00+00:00,62585.0,62536.79
2019-10-07 19:00:00+00:00,58765.0,58909.266
2019-10-07 20:00:00+00:00,55012.0,55171.273
2019-10-07 21:00:00+00:00,50341.0,50587.75
2019-10-07 22:00:00+00:00,47016.0,47026.2
2019-10-07 23:00:00+00:00,44913.0,45246.438
2019-10-08 00:00:00+00:00,44039.0,43959.46
2019-10-08 01:00:00+00:00,44538.0,44408.03
2019-10-08 02:00:00+00:00,46953.0,45956.08
2019-10-08 03:00:00+00:00,50555.0,51800.84
2019-10-08 04:00:00+00:00,58670.0,58207.0
2019-10-08 05:00:00+00:00,64570.0,64521.01
2019-10-08 06:00:00+00:00,67692.0,66954.95
2019-10-08 07:00:00+00:00,67293.0,68484.56
2019-10-08 08:00:00+00:00,67456.0,68468.44
2019-10-08 09:00:00+00:00,69444.0,68586.5
2019-10-08 10:00:00+00:00,69323.0,69141.55
2019-10-08 11:00:00+00:00,68514.0,68721.27
2019-10-08 12:00:00+00:00,66762.0,67512.445
2019-10-08 13:00:00+00:00,65322.0,65889.82
2019-10-08 14:00:00+00:00,64165.0,64091.707
2019-10-08 15:00:00+00:00,63960.0,64187.105
2019-10-08 16:00:00+00:00,65148.0,65113.152
2019-10-08 17:00:00+00:00,65786.0,67015.836
2019-10-08 18:00:00+00:00,62093.0,63569.883
2019-10-08 19:00:00+00:00,58210.0,58933.46
2019-10-08 20:00:00+00:00,54927.0,55034.625
2019-10-08 21:00:00+00:00,51115.0,50658.562
2019-10-08 22:00:00+00:00,47539.0,47782.19
2019-10-08 23:00:00+00:00,46154.0,45484.723
2019-10-09 00:00:00+00:00,44613.0,45387.016
2019-10-09 01:00:00+00:00,45497.0,44530.035
2019-10-09 02:00:00+00:00,47515.0,47022.12
2019-10-09 03:00:00+00:00,51258.0,51976.47
2019-10-09 04:00:00+00:00,59128.0,58823.324
2019-10-09 05:00:00+00:00,64659.0,65092.227
2019-10-09 06:00:00+00:00,65805.0,66883.195
2019-10-09 07:00:00+00:00,65596.0,66551.02
2019-10-09 08:00:00+00:00,66101.0,67110.58
2019-10-09 09:00:00+00:00,67869.0,67045.766
2019-10-09 10:00:00+00:00,68394.0,67381.805
2019-10-09 11:00:00+00:00,68402.0,67884.12
2019-10-09 12:00:00+00:00,67273.0,67306.15
2019-10-09 13:00:00+00:00,65400.0,66227.625
2019-10-09 14:00:00+00:00,63099.0,64169.035
2019-10-09 15:00:00+00:00,63307.0,63115.7
2019-10-09 16:00:00+00:00,64899.0,66752.8
2019-10-09 17:00:00+00:00,66009.0,67271.7
2019-10-09 18:00:00+00:00,62479.0,63887.76
2019-10-09 19:00:00+00:00,58369.0,59174.242
2019-10-09 20:00:00+00:00,54706.0,55126.062
2019-10-09 21:00:00+00:00,51328.0,50488.887
2019-10-09 22:00:00+00:00,48604.0,48291.19
2019-10-09 23:00:00+00:00,46551.0,46806.973
2019-10-10 00:00:00+00:00,45649.0,45744.004
2019-10-10 01:00:00+00:00,46059.0,45872.39
2019-10-10 02:00:00+00:00,47606.0,47406.355
2019-10-10 03:00:00+00:00,50697.0,51638.332
2019-10-10 04:00:00+00:00,58476.0,57242.996
2019-10-10 05:00:00+00:00,63754.0,64295.438
2019-10-10 06:00:00+00:00,66551.0,66141.66
2019-10-10 07:00:00+00:00,67198.0,67490.2
2019-10-10 08:00:00+00:00,67733.0,68659.26
2019-10-10 09:00:00+00:00,69128.0,68753.73
2019-10-10 10:00:00+00:00,68730.0,68752.805
2019-10-10 11:00:00+00:00,68268.0,68090.47
2019-10-10 12:00:00+00:00,66781.0,67252.484
2019-10-10 13:00:00+00:00,65492.0,65788.164
2019-10-10 14:00:00+00:00,63571.0,64373.957
2019-10-10 15:00:00+00:00,64029.0,63458.688
2019-10-10 16:00:00+00:00,64203.0,66573.88
2019-10-10 17:00:00+00:00,65503.0,65831.695
2019-10-10 18:00:00+00:00,62689.0,63657.97
2019-10-10 19:00:00+00:00,58582.0,59365.36
2019-10-10 20:00:00+00:00,55728.0,55451.516
2019-10-10 21:00:00+00:00,51628.0,51767.293
2019-10-10 22:00:00+00:00,49113.0,48119.69
2019-10-10 23:00:00+00:00,46754.0,47346.082
2019-10-11 00:00:00+00:00,45869.0,45654.355
2019-10-11 01:00:00+00:00,46296.0,46121.555
2019-10-11 02:00:00+00:00,47445.0,47501.363
2019-10-11 03:00:00+00:00,50926.0,50477.344
2019-10-11 04:00:00+00:00,59468.0,58654.832
2019-10-11 05:00:00+00:00,65557.0,65422.992
2019-10-11 06:00:00+00:00,67588.0,68120.12
2019-10-11 07:00:00+00:00,67755.0,68337.14
2019-10-11 08:00:00+00:00,67876.0,69190.125
2019-10-11 09:00:00+00:00,68411.0,68918.805
2019-10-11 10:00:00+00:00,67744.0,67895.086
2019-10-11 11:00:00+00:00,66728.0,67309.805
2019-10-11 12:00:00+00:00,65248.0,65692.42
2019-10-11 13:00:00+00:00,63934.0,64365.395
2019-10-11 14:00:00+00:00,62402.0,62855.914
2019-10-11 15:00:00+00:00,63070.0,62204.02
2019-10-11 16:00:00+00:00,64670.0,64140.203
2019-10-11 17:00:00+00:00,65573.0,65368.355
2019-10-11 18:00:00+00:00,61053.0,62758.4
2019-10-11 19:00:00+00:00,56752.0,57456.25
2019-10-11 20:00:00+00:00,53738.0,54035.13
2019-10-11 21:00:00+00:00,49790.0,49778.87
2019-10-11 22:00:00+00:00,46767.0,46433.01
2019-10-11 23:00:00+00:00,44726.0,44792.246
2019-10-12 00:00:00+00:00,43295.0,43724.64
2019-10-12 01:00:00+00:00,42897.0,43166.11
2019-10-12 02:00:00+00:00,43041.0,43116.094
2019-10-12 03:00:00+00:00,44232.0,43658.41
2019-10-12 04:00:00+00:00,45639.0,47204.406
2019-10-12 05:00:00+00:00,48188.0,48727.117
2019-10-12 06:00:00+00:00,51665.0,51772.023
2019-10-12 07:00:00+00:00,54037.0,54602.723
2019-10-12 08:00:00+00:00,55756.0,55764.03
2019-10-12 09:00:00+00:00,56963.0,56833.43
2019-10-12 10:00:00+00:00,56285.0,56418.3
2019-10-12 11:00:00+00:00,54385.0,54641.17
2019-10-12 12:00:00+00:00,52696.0,52775.51
2019-10-12 13:00:00+00:00,50786.0,51832.035
2019-10-12 14:00:00+00:00,50667.0,50583.914
2019-10-12 15:00:00+00:00,52070.0,52439.195
2019-10-12 16:00:00+00:00,54073.0,55737.18
2019-10-12 17:00:00+00:00,54857.0,55715.23
2019-10-12 18:00:00+00:00,51203.0,52535.418
2019-10-12 19:00:00+00:00,47657.0,48818.918
2019-10-12 20:00:00+00:00,45502.0,46321.527
2019-10-12 21:00:00+00:00,42849.0,42120.926
2019-10-12 22:00:00+00:00,40766.0,39741.902
2019-10-12 23:00:00+00:00,38861.0,38353.305
2019-10-13 00:00:00+00:00,37834.0,37594.39
2019-10-13 01:00:00+00:00,37460.0,37580.234
2019-10-13 02:00:00+00:00,37811.0,37784.574
2019-10-13 03:00:00+00:00,38339.0,38107.57
2019-10-13 04:00:00+00:00,39727.0,38845.117
2019-10-13 05:00:00+00:00,41423.0,42354.082
2019-10-13 06:00:00+00:00,44619.0,44460.195
2019-10-13 07:00:00+00:00,47515.0,47854.36
2019-10-13 08:00:00+00:00,49804.0,49817.223
2019-10-13 09:00:00+00:00,51767.0,51635.074
2019-10-13 10:00:00+00:00,51820.0,51092.664
2019-10-13 11:00:00+00:00,49713.0,49945.832
2019-10-13 12:00:00+00:00,48399.0,48141.043
2019-10-13 13:00:00+00:00,47425.0,47802.78
2019-10-13 14:00:00+00:00,47278.0,47690.117
2019-10-13 15:00:00+00:00,48467.0,49218.84
2019-10-13 16:00:00+00:00,51611.0,51704.605
2019-10-13 17:00:00+00:00,53630.0,53528.656
2019-10-13 18:00:00+00:00,51414.0,51747.01
2019-10-13 19:00:00+00:00,49155.0,49176.676
2019-10-13 20:00:00+00:00,47826.0,48229.535
2019-10-13 21:00:00+00:00,44861.0,44517.92
2019-10-13 22:00:00+00:00,42231.0,41980.703
2019-10-13 23:00:00+00:00,40514.0,40394.344
2019-10-14 00:00:00+00:00,39558.0,39679.047
2019-10-14 01:00:00+00:00,39350.0,39596.293
2019-10-14 02:00:00+00:00,41098.0,40446.742
2019-10-14 03:00:00+00:00,45973.0,44100.97
2019-10-14 04:00:00+00:00,55573.0,56071.97
2019-10-14 05:00:00+00:00,62779.0,62881.508
2019-10-14 06:00:00+00:00,65025.0,65701.95
2019-10-14 07:00:00+00:00,64695.0,66004.2
2019-10-14 08:00:00+00:00,65097.0,65943.74
2019-10-14 09:00:00+00:00,66170.0,66777.43
2019-10-14 10:00:00+00:00,66282.0,65844.97
2019-10-14 11:00:00+00:00,66167.0,65956.195
2019-10-14 12:00:00+00:00,64772.0,65150.066
2019-10-14 13:00:00+00:00,63645.0,63921.277
2019-10-14 14:00:00+00:00,62389.0,62766.574
2019-10-14 15:00:00+00:00,63151.0,63037.594
2019-10-14 16:00:00+00:00,64968.0,65090.348
2019-10-14 17:00:00+00:00,67176.0,67148.49
2019-10-14 18:00:00+00:00,63384.0,63932.996
2019-10-14 19:00:00+00:00,59299.0,59437.47
2019-10-14 20:00:00+00:00,55237.0,55895.645
2019-10-14 21:00:00+00:00,50583.0,50606.336
2019-10-14 22:00:00+00:00,47590.0,47081.85
2019-10-14 23:00:00+00:00,45892.0,45845.16
2019-10-15 00:00:00+00:00,45146.0,45142.73
2019-10-15 01:00:00+00:00,45791.0,45756.68
2019-10-15 02:00:00+00:00,47580.0,47575.6
2019-10-15 03:00:00+00:00,51338.0,52189.973
2019-10-15 04:00:00+00:00,59412.0,59295.113
2019-10-15 05:00:00+00:00,64840.0,65094.074
2019-10-15 06:00:00+00:00,66456.0,66982.58
2019-10-15 07:00:00+00:00,66834.0,67157.234
2019-10-15 08:00:00+00:00,67372.0,68147.98
2019-10-15 09:00:00+00:00,68882.0,68357.984
2019-10-15 10:00:00+00:00,68670.0,68457.12
2019-10-15 11:00:00+00:00,67169.0,68061.79
2019-10-15 12:00:00+00:00,65802.0,66074.24
2019-10-15 13:00:00+00:00,65270.0,64946.56
2019-10-15 14:00:00+00:00,64523.0,64105.125
2019-10-15 15:00:00+00:00,65348.0,64530.78
2019-10-15 16:00:00+00:00,67436.0,66786.16
2019-10-15 17:00:00+00:00,68407.0,67753.414
2019-10-15 18:00:00+00:00,64327.0,64527.754
2019-10-15 19:00:00+00:00,59670.0,60463.195
2019-10-15 20:00:00+00:00,55958.0,56317.71
2019-10-15 21:00:00+00:00,50965.0,51662.785
2019-10-15 22:00:00+00:00,47960.0,47505.26
2019-10-15 23:00:00+00:00,46110.0,46367.402
2019-10-16 00:00:00+00:00,45404.0,45365.477
2019-10-16 01:00:00+00:00,46153.0,46097.312
2019-10-16 02:00:00+00:00,47694.0,47918.816
2019-10-16 03:00:00+00:00,51250.0,51910.496
2019-10-16 04:00:00+00:00,59653.0,58973.06
2019-10-16 05:00:00+00:00,65912.0,65802.164
2019-10-16 06:00:00+00:00,68488.0,68134.78
2019-10-16 07:00:00+00:00,69125.0,69118.23
2019-10-16 08:00:00+00:00,69843.0,70345.64
2019-10-16 09:00:00+00:00,70551.0,70747.22
2019-10-16 10:00:00+00:00,69673.0,70101.984
2019-10-16 11:00:00+00:00,69277.0,69143.18
2019-10-16 12:00:00+00:00,67806.0,68252.79
2019-10-16 13:00:00+00:00,66284.0,66898.79
2019-10-16 14:00:00+00:00,65476.0,65326.234
2019-10-16 15:00:00+00:00,65456.0,66052.37
2019-10-16 16:00:00+00:00,66854.0,67815.055
2019-10-16 17:00:00+00:00,67662.0,68007.13
2019-10-16 18:00:00+00:00,64443.0,64716.66
2019-10-16 19:00:00+00:00,60022.0,60912.227
2019-10-16 20:00:00+00:00,56070.0,56554.832
2019-10-16 21:00:00+00:00,51527.0,51741.793
2019-10-16 22:00:00+00:00,48162.0,48093.293
2019-10-16 23:00:00+00:00,46430.0,46373.656
2019-10-17 00:00:00+00:00,45837.0,45707.04
2019-10-17 01:00:00+00:00,45900.0,46409.195
2019-10-17 02:00:00+00:00,47507.0,47123.72
2019-10-17 03:00:00+00:00,50985.0,51436.207
2019-10-17 04:00:00+00:00,58745.0,58574.605
2019-10-17 05:00:00+00:00,65261.0,64778.03
2019-10-17 06:00:00+00:00,67272.0,67831.86
2019-10-17 07:00:00+00:00,67748.0,67928.586
2019-10-17 08:00:00+00:00,68559.0,69017.08
2019-10-17 09:00:00+00:00,69188.0,69637.28
2019-10-17 10:00:00+00:00,68837.0,68693.055
2019-10-17 11:00:00+00:00,68231.0,68339.016
2019-10-17 12:00:00+00:00,66988.0,67161.875
2019-10-17 13:00:00+00:00,65701.0,66032.17
2019-10-17 14:00:00+00:00,64187.0,64547.93
2019-10-17 15:00:00+00:00,64539.0,64446.016
2019-10-17 16:00:00+00:00,66390.0,67473.83
2019-10-17 17:00:00+00:00,66900.0,67789.625
2019-10-17 18:00:00+00:00,63527.0,64004.258
2019-10-17 19:00:00+00:00,59503.0,60182.715
2019-10-17 20:00:00+00:00,55721.0,56289.71
2019-10-17 21:00:00+00:00,51375.0,51388.15
2019-10-17 22:00:00+00:00,48148.0,47937.383
2019-10-17 23:00:00+00:00,46220.0,46281.668
2019-10-18 00:00:00+00:00,45123.0,45365.77
2019-10-18 01:00:00+00:00,45208.0,45404.156
2019-10-18 02:00:00+00:00,46726.0,46221.7
2019-10-18 03:00:00+00:00,50394.0,50356.324
2019-10-18 04:00:00+00:00,58914.0,58451.93
2019-10-18 05:00:00+00:00,65136.0,65299.844
2019-10-18 06:00:00+00:00,67282.0,67690.2
2019-10-18 07:00:00+00:00,68549.0,68003.414
2019-10-18 08:00:00+00:00,68958.0,69929.08
2019-10-18 09:00:00+00:00,69962.0,70026.24
2019-10-18 10:00:00+00:00,70071.0,69625.26
2019-10-18 11:00:00+00:00,67980.0,69713.72
2019-10-18 12:00:00+00:00,65412.0,66934.68
2019-10-18 13:00:00+00:00,64186.0,64749.004
2019-10-18 14:00:00+00:00,63176.0,63356.098
2019-10-18 15:00:00+00:00,63268.0,63517.527
2019-10-18 16:00:00+00:00,66032.0,65447.465
2019-10-18 17:00:00+00:00,66346.0,67125.69
2019-10-18 18:00:00+00:00,61445.0,62551.895
2019-10-18 19:00:00+00:00,56558.0,57897.023
2019-10-18 20:00:00+00:00,52699.0,53701.5
2019-10-18 21:00:00+00:00,49310.0,48677.418
2019-10-18 22:00:00+00:00,45203.0,46216.71
2019-10-18 23:00:00+00:00,43223.0,43018.836
2019-10-19 00:00:00+00:00,41961.0,42245.6
2019-10-19 01:00:00+00:00,41658.0,41745.69
2019-10-19 02:00:00+00:00,42588.0,42084.84
2019-10-19 03:00:00+00:00,43364.0,44404.51
2019-10-19 04:00:00+00:00,45881.0,45683.973
2019-10-19 05:00:00+00:00,49252.0,49797.918
2019-10-19 06:00:00+00:00,51258.0,53093.35
2019-10-19 07:00:00+00:00,53967.0,53658.855
2019-10-19 08:00:00+00:00,55979.0,55832.086
2019-10-19 09:00:00+00:00,56245.0,56618.926
2019-10-19 10:00:00+00:00,55677.0,55169.156
2019-10-19 11:00:00+00:00,54514.0,53946.395
2019-10-19 12:00:00+00:00,53260.0,52865.57
2019-10-19 13:00:00+00:00,52319.0,52251.824
2019-10-19 14:00:00+00:00,52262.0,52246.516
2019-10-19 15:00:00+00:00,53742.0,53853.49
2019-10-19 16:00:00+00:00,56634.0,56391.074
2019-10-19 17:00:00+00:00,55984.0,56732.54
2019-10-19 18:00:00+00:00,52351.0,52614.504
2019-10-19 19:00:00+00:00,49146.0,49912.08
2019-10-19 20:00:00+00:00,47219.0,47516.54
2019-10-19 21:00:00+00:00,44059.0,43747.152
2019-10-19 22:00:00+00:00,40267.0,40956.484
2019-10-19 23:00:00+00:00,38600.0,37882.125
2019-10-20 00:00:00+00:00,37620.0,37498.566
2019-10-20 01:00:00+00:00,37462.0,37331.65
2019-10-20 02:00:00+00:00,38114.0,37470.99
2019-10-20 03:00:00+00:00,38537.0,38389.06
2019-10-20 04:00:00+00:00,38974.0,39142.793
2019-10-20 05:00:00+00:00,40761.0,41300.934
2019-10-20 06:00:00+00:00,43440.0,44300.516
2019-10-20 07:00:00+00:00,45651.0,46823.29
2019-10-20 08:00:00+00:00,48643.0,47845.32
2019-10-20 09:00:00+00:00,51388.0,51095.33
2019-10-20 10:00:00+00:00,50859.0,51622.617
2019-10-20 11:00:00+00:00,48499.0,48650.46
2019-10-20 12:00:00+00:00,47249.0,46626.75
2019-10-20 13:00:00+00:00,47239.0,46645.74
2019-10-20 14:00:00+00:00,47818.0,48056.57
2019-10-20 15:00:00+00:00,49640.0,50840.53
2019-10-20 16:00:00+00:00,52682.0,52550.543
2019-10-20 17:00:00+00:00,53418.0,53783.785
2019-10-20 18:00:00+00:00,50909.0,51445.523
2019-10-20 19:00:00+00:00,48949.0,49174.023
2019-10-20 20:00:00+00:00,47814.0,48180.51
2019-10-20 21:00:00+00:00,43753.0,44408.86
2019-10-20 22:00:00+00:00,41521.0,40756.805
2019-10-20 23:00:00+00:00,40418.0,40068.04
2019-10-21 00:00:00+00:00,39666.0,40004.23
2019-10-21 01:00:00+00:00,40190.0,40349.867
2019-10-21 02:00:00+00:00,41916.0,42171.27
2019-10-21 03:00:00+00:00,47267.0,45709.402
2019-10-21 04:00:00+00:00,57097.0,58578.383
2019-10-21 05:00:00+00:00,63843.0,63573.902
2019-10-21 06:00:00+00:00,66099.0,66330.82
2019-10-21 07:00:00+00:00,66995.0,66842.32
2019-10-21 08:00:00+00:00,67691.0,68466.02
2019-10-21 09:00:00+00:00,68096.0,68756.73
2019-10-21 10:00:00+00:00,67930.0,67568.37
2019-10-21 11:00:00+00:00,67944.0,67656.555
2019-10-21 12:00:00+00:00,65911.0,66938.836
2019-10-21 13:00:00+00:00,64906.0,64944.53
2019-10-21 14:00:00+00:00,63860.0,63905.434
2019-10-21 15:00:00+00:00,63688.0,64830.305
2019-10-21 16:00:00+00:00,66580.0,64638.93
2019-10-21 17:00:00+00:00,66083.0,68650.18
2019-10-21 18:00:00+00:00,63361.0,62676.586
2019-10-21 19:00:00+00:00,58604.0,60184.418
2019-10-21 20:00:00+00:00,55684.0,54770.12
2019-10-21 21:00:00+00:00,51921.0,51475.19
2019-10-21 22:00:00+00:00,48561.0,48665.793
2019-10-21 23:00:00+00:00,46275.0,46739.89
2019-10-22 00:00:00+00:00,45261.0,45352.68
2019-10-22 01:00:00+00:00,45602.0,45372.246
2019-10-22 02:00:00+00:00,47491.0,46775.746
2019-10-22 03:00:00+00:00,51290.0,51246.875
2019-10-22 04:00:00+00:00,59563.0,59433.543
2019-10-22 05:00:00+00:00,65398.0,65775.46
2019-10-22 06:00:00+00:00,66867.0,67743.61
2019-10-22 07:00:00+00:00,66890.0,67582.67
2019-10-22 08:00:00+00:00,67228.0,68265.32
2019-10-22 09:00:00+00:00,68526.0,68359.22
2019-10-22 10:00:00+00:00,67975.0,68134.61
2019-10-22 11:00:00+00:00,67994.0,67489.15
2019-10-22 12:00:00+00:00,66282.0,66942.65
2019-10-22 13:00:00+00:00,65516.0,65388.07
2019-10-22 14:00:00+00:00,63871.0,64428.23
2019-10-22 15:00:00+00:00,63715.0,64268.63
2019-10-22 16:00:00+00:00,66070.0,66397.35
2019-10-22 17:00:00+00:00,67001.0,67768.414
2019-10-22 18:00:00+00:00,64191.0,63820.535
2019-10-22 19:00:00+00:00,59763.0,60817.906
2019-10-22 20:00:00+00:00,55775.0,56178.387
2019-10-22 21:00:00+00:00,51373.0,51417.34
2019-10-22 22:00:00+00:00,48522.0,47966.418
2019-10-22 23:00:00+00:00,46016.0,46818.418
2019-10-23 00:00:00+00:00,44954.0,45063.855
2019-10-23 01:00:00+00:00,45577.0,45284.203
2019-10-23 02:00:00+00:00,47134.0,46980.227
2019-10-23 03:00:00+00:00,51918.0,51297.12
2019-10-23 04:00:00+00:00,60553.0,61658.305
2019-10-23 05:00:00+00:00,67046.0,66445.98
2019-10-23 06:00:00+00:00,68555.0,69271.63
2019-10-23 07:00:00+00:00,68613.0,69143.26
2019-10-23 08:00:00+00:00,69307.0,69879.59
2019-10-23 09:00:00+00:00,70298.0,70349.16
2019-10-23 10:00:00+00:00,69495.0,69910.36
2019-10-23 11:00:00+00:00,68612.0,69190.58
2019-10-23 12:00:00+00:00,67087.0,67545.58
2019-10-23 13:00:00+00:00,65846.0,66361.305
2019-10-23 14:00:00+00:00,64858.0,64706.105
2019-10-23 15:00:00+00:00,65117.0,65048.9
2019-10-23 16:00:00+00:00,67462.0,66841.44
2019-10-23 17:00:00+00:00,68181.0,68175.15
2019-10-23 18:00:00+00:00,64478.0,64458.355
2019-10-23 19:00:00+00:00,60428.0,60671.027
2019-10-23 20:00:00+00:00,56473.0,56938.887
2019-10-23 21:00:00+00:00,51084.0,51907.94
2019-10-23 22:00:00+00:00,47888.0,47387.24
2019-10-23 23:00:00+00:00,45959.0,46253.95
2019-10-24 00:00:00+00:00,44759.0,45170.21
2019-10-24 01:00:00+00:00,44927.0,45307.133
2019-10-24 02:00:00+00:00,46573.0,46026.977
2019-10-24 03:00:00+00:00,50870.0,50537.047
2019-10-24 04:00:00+00:00,59386.0,59895.4
2019-10-24 05:00:00+00:00,65809.0,65641.93
2019-10-24 06:00:00+00:00,67667.0,68269.555
2019-10-24 07:00:00+00:00,68375.0,68269.27
2019-10-24 08:00:00+00:00,68762.0,69653.81
2019-10-24 09:00:00+00:00,69554.0,69773.95
2019-10-24 10:00:00+00:00,69448.0,69156.49
2019-10-24 11:00:00+00:00,69100.0,69049.414
2019-10-24 12:00:00+00:00,67055.0,68021.32
2019-10-24 13:00:00+00:00,65297.0,66196.33
2019-10-24 14:00:00+00:00,64626.0,64245.867
2019-10-24 15:00:00+00:00,64998.0,65344.418
2019-10-24 16:00:00+00:00,68824.0,67556.234
2019-10-24 17:00:00+00:00,69425.0,69296.266
2019-10-24 18:00:00+00:00,64983.0,65086.098
2019-10-24 19:00:00+00:00,59977.0,61323.97
2019-10-24 20:00:00+00:00,55795.0,56485.742
2019-10-24 21:00:00+00:00,51409.0,51417.875
2019-10-24 22:00:00+00:00,47519.0,47973.715
2019-10-24 23:00:00+00:00,45594.0,45599.332
2019-10-25 00:00:00+00:00,44763.0,44797.074
2019-10-25 01:00:00+00:00,44537.0,45184.66
2019-10-25 02:00:00+00:00,45490.0,45477.152
2019-10-25 03:00:00+00:00,50011.0,48341.207
2019-10-25 04:00:00+00:00,59238.0,59286.016
2019-10-25 05:00:00+00:00,66262.0,65596.7
2019-10-25 06:00:00+00:00,68799.0,68587.11
2019-10-25 07:00:00+00:00,68267.0,69243.484
2019-10-25 08:00:00+00:00,68120.0,69353.625
2019-10-25 09:00:00+00:00,68832.0,69257.11
2019-10-25 10:00:00+00:00,67700.0,68433.83
2019-10-25 11:00:00+00:00,65446.0,67265.51
2019-10-25 12:00:00+00:00,63590.0,64509.727
2019-10-25 13:00:00+00:00,62684.0,63143.016
2019-10-25 14:00:00+00:00,62001.0,61956.68
2019-10-25 15:00:00+00:00,62455.0,63207.05
2019-10-25 16:00:00+00:00,65202.0,64406.258
2019-10-25 17:00:00+00:00,65918.0,66258.34
2019-10-25 18:00:00+00:00,62009.0,61570.938
2019-10-25 19:00:00+00:00,57011.0,58112.004
2019-10-25 20:00:00+00:00,54149.0,53611.36
2019-10-25 21:00:00+00:00,49763.0,50174.312
2019-10-25 22:00:00+00:00,47100.0,45914.67
2019-10-25 23:00:00+00:00,45203.0,45105.887
2019-10-26 00:00:00+00:00,43929.0,44041.7
2019-10-26 01:00:00+00:00,43480.0,43990.242
2019-10-26 02:00:00+00:00,43911.0,43815.09
2019-10-26 03:00:00+00:00,44910.0,44807.746
2019-10-26 04:00:00+00:00,47124.0,47721.945
2019-10-26 05:00:00+00:00,50151.0,50816.055
2019-10-26 06:00:00+00:00,53049.0,53733.734
2019-10-26 07:00:00+00:00,55803.0,55579.113
2019-10-26 08:00:00+00:00,55911.0,57454.156
2019-10-26 09:00:00+00:00,56621.0,56162.19
2019-10-26 10:00:00+00:00,56089.0,55984.348
2019-10-26 11:00:00+00:00,55072.0,54633.2
2019-10-26 12:00:00+00:00,53561.0,53772.836
2019-10-26 13:00:00+00:00,52253.0,52624.332
2019-10-26 14:00:00+00:00,52001.0,52078.465
2019-10-26 15:00:00+00:00,52739.0,53297.938
2019-10-26 16:00:00+00:00,56441.0,55796.33
2019-10-26 17:00:00+00:00,55961.0,57294.863
2019-10-26 18:00:00+00:00,52560.0,52705.344
2019-10-26 19:00:00+00:00,50078.0,50336.133
2019-10-26 20:00:00+00:00,48429.0,48651.586
2019-10-26 21:00:00+00:00,45588.0,44862.88
2019-10-26 22:00:00+00:00,42331.0,42436.5
2019-10-26 23:00:00+00:00,40079.0,39934.28
2019-10-27 00:00:00+00:00,37974.0,38869.5
2019-10-27 01:00:00+00:00,37748.0,37401.473
2019-10-27 02:00:00+00:00,37566.0,37384.844
2019-10-27 03:00:00+00:00,38289.0,36858.883
2019-10-27 04:00:00+00:00,38379.0,39170.82
2019-10-27 05:00:00+00:00,39428.0,40084.55
2019-10-27 06:00:00+00:00,42137.0,42684.473
2019-10-27 07:00:00+00:00,45544.0,45771.773
2019-10-27 08:00:00+00:00,48473.0,48386.15
2019-10-27 09:00:00+00:00,50305.0,50879.344
2019-10-27 10:00:00+00:00,51636.0,51559.797
2019-10-27 11:00:00+00:00,51666.0,50147.098
2019-10-27 12:00:00+00:00,49531.0,50132.496
2019-10-27 13:00:00+00:00,48049.0,48185.543
2019-10-27 14:00:00+00:00,47929.0,47995.23
2019-10-27 15:00:00+00:00,48548.0,50057.207
2019-10-27 16:00:00+00:00,53588.0,51434.125
2019-10-27 17:00:00+00:00,55716.0,55725.812
2019-10-27 18:00:00+00:00,53641.0,54598.516
2019-10-27 19:00:00+00:00,50769.0,51088.05
2019-10-27 20:00:00+00:00,48532.0,49306.87
2019-10-27 21:00:00+00:00,47294.0,47216.95
2019-10-27 22:00:00+00:00,44437.0,44163.66
2019-10-27 23:00:00+00:00,43578.0,41727.754
2019-10-28 00:00:00+00:00,42812.0,42293.62
2019-10-28 01:00:00+00:00,42706.0,42581.64
2019-10-28 02:00:00+00:00,43430.0,43739.742
2019-10-28 03:00:00+00:00,45130.0,45967.273
2019-10-28 04:00:00+00:00,50002.0,49696.113
2019-10-28 05:00:00+00:00,58769.0,57947.15
2019-10-28 06:00:00+00:00,64501.0,64479.95
2019-10-28 07:00:00+00:00,66263.0,66464.42
2019-10-28 08:00:00+00:00,66024.0,67454.85
2019-10-28 09:00:00+00:00,67667.0,67141.26
2019-10-28 10:00:00+00:00,69490.0,68474.59
2019-10-28 11:00:00+00:00,69345.0,68889.484
2019-10-28 12:00:00+00:00,68656.0,68916.01
2019-10-28 13:00:00+00:00,67093.0,67801.984
2019-10-28 14:00:00+00:00,65582.0,66389.54
2019-10-28 15:00:00+00:00,63957.0,65618.84
2019-10-28 16:00:00+00:00,67013.0,67250.664
2019-10-28 17:00:00+00:00,67339.0,70451.34
2019-10-28 18:00:00+00:00,66055.0,67346.3
2019-10-28 19:00:00+00:00,63154.0,63225.37
2019-10-28 20:00:00+00:00,59469.0,59902.137
2019-10-28 21:00:00+00:00,55991.0,56291.02
2019-10-28 22:00:00+00:00,51016.0,51696.98
2019-10-28 23:00:00+00:00,48326.0,47706.824
2019-10-29 00:00:00+00:00,46844.0,46769.008
2019-10-29 01:00:00+00:00,46156.0,46198.926
2019-10-29 02:00:00+00:00,46601.0,46887.29
2019-10-29 03:00:00+00:00,48340.0,48165.336
2019-10-29 04:00:00+00:00,51938.0,52743.98
2019-10-29 05:00:00+00:00,60641.0,59542.812
2019-10-29 06:00:00+00:00,65372.0,66575.52
2019-10-29 07:00:00+00:00,67745.0,67267.92
2019-10-29 08:00:00+00:00,68220.0,68604.02
2019-10-29 09:00:00+00:00,68657.0,69705.195
2019-10-29 10:00:00+00:00,69400.0,69378.85
2019-10-29 11:00:00+00:00,68541.0,68949.49
2019-10-29 12:00:00+00:00,68099.0,67934.766
2019-10-29 13:00:00+00:00,67114.0,67095.19
2019-10-29 14:00:00+00:00,66367.0,66154.34
2019-10-29 15:00:00+00:00,65848.0,65840.64
2019-10-29 16:00:00+00:00,68798.0,67353.16
2019-10-29 17:00:00+00:00,68811.0,70265.984
2019-10-29 18:00:00+00:00,66956.0,67180.51
2019-10-29 19:00:00+00:00,63670.0,63846.97
2019-10-29 20:00:00+00:00,60310.0,60492.016
2019-10-29 21:00:00+00:00,57171.0,57118.363
2019-10-29 22:00:00+00:00,52563.0,52968.51
2019-10-29 23:00:00+00:00,49258.0,49325.203
2019-10-30 00:00:00+00:00,48176.0,47531.004
2019-10-30 01:00:00+00:00,47365.0,47744.535
2019-10-30 02:00:00+00:00,47716.0,47934.297
2019-10-30 03:00:00+00:00,49287.0,49134.203
2019-10-30 04:00:00+00:00,52735.0,53141.094
2019-10-30 05:00:00+00:00,60294.0,60042.395
2019-10-30 06:00:00+00:00,64868.0,66190.055
2019-10-30 07:00:00+00:00,66888.0,66910.25
2019-10-30 08:00:00+00:00,66842.0,67730.0
2019-10-30 09:00:00+00:00,67524.0,68190.76
2019-10-30 10:00:00+00:00,67781.0,68294.48
2019-10-30 11:00:00+00:00,67755.0,67269.016
2019-10-30 12:00:00+00:00,67747.0,67188.52
2019-10-30 13:00:00+00:00,66886.0,66778.95
2019-10-30 14:00:00+00:00,65722.0,66030.055
2019-10-30 15:00:00+00:00,65164.0,65706.27
2019-10-30 16:00:00+00:00,68580.0,68140.55
2019-10-30 17:00:00+00:00,68060.0,70409.4
2019-10-30 18:00:00+00:00,67297.0,66535.31
2019-10-30 19:00:00+00:00,63590.0,64579.652
2019-10-30 20:00:00+00:00,60897.0,60321.36
2019-10-30 21:00:00+00:00,57295.0,58291.566
2019-10-30 22:00:00+00:00,53521.0,52919.5
2019-10-30 23:00:00+00:00,49879.0,50564.57
2019-10-31 00:00:00+00:00,47698.0,47920.38
2019-10-31 01:00:00+00:00,47211.0,46970.992
2019-10-31 02:00:00+00:00,47574.0,47596.73
2019-10-31 03:00:00+00:00,48189.0,49001.992
2019-10-31 04:00:00+00:00,50127.0,50472.54
2019-10-31 05:00:00+00:00,55329.0,55762.04
2019-10-31 06:00:00+00:00,59743.0,61223.91
2019-10-31 07:00:00+00:00,62429.0,62791.785
2019-10-31 08:00:00+00:00,63133.0,63772.875
2019-10-31 09:00:00+00:00,63554.0,64335.73
2019-10-31 10:00:00+00:00,63989.0,64473.47
2019-10-31 11:00:00+00:00,62661.0,63604.76
2019-10-31 12:00:00+00:00,61938.0,61511.773
2019-10-31 13:00:00+00:00,60923.0,60934.523
2019-10-31 14:00:00+00:00,59906.0,60212.25
2019-10-31 15:00:00+00:00,59410.0,60105.21
2019-10-31 16:00:00+00:00,62735.0,61152.695
2019-10-31 17:00:00+00:00,63411.0,64989.645
2019-10-31 18:00:00+00:00,62313.0,61548.703
2019-10-31 19:00:00+00:00,59035.0,59218.836
2019-10-31 20:00:00+00:00,56343.0,56283.867
2019-10-31 21:00:00+00:00,53800.0,54509.582
2019-10-31 22:00:00+00:00,49284.0,50019.285
2019-10-31 23:00:00+00:00,46245.0,46030.773
2019-11-01 00:00:00+00:00,44415.0,44294.93
2019-11-01 01:00:00+00:00,43389.0,43543.816
2019-11-01 02:00:00+00:00,43590.0,43382.7
2019-11-01 03:00:00+00:00,44275.0,44025.246
2019-11-01 04:00:00+00:00,44971.0,45170.87
2019-11-01 05:00:00+00:00,46995.0,47490.266
2019-11-01 06:00:00+00:00,50020.0,51219.633
2019-11-01 07:00:00+00:00,53196.0,53598.594
2019-11-01 08:00:00+00:00,54071.0,55637.09
2019-11-01 09:00:00+00:00,55286.0,55564.67
2019-11-01 10:00:00+00:00,56854.0,56484.27
2019-11-01 11:00:00+00:00,57397.0,56722.434
2019-11-01 12:00:00+00:00,56574.0,56226.273
2019-11-01 13:00:00+00:00,55074.0,55276.0
2019-11-01 14:00:00+00:00,55060.0,54232.42
2019-11-01 15:00:00+00:00,55376.0,56212.426
2019-11-01 16:00:00+00:00,59001.0,57117.91
2019-11-01 17:00:00+00:00,58471.0,60956.203
2019-11-01 18:00:00+00:00,56878.0,56526.477
2019-11-01 19:00:00+00:00,53697.0,54138.26
2019-11-01 20:00:00+00:00,51273.0,51297.26
2019-11-01 21:00:00+00:00,49715.0,49799.453
2019-11-01 22:00:00+00:00,46480.0,46134.363
2019-11-01 23:00:00+00:00,43455.0,43457.496
2019-11-02 00:00:00+00:00,41538.0,41192.617
2019-11-02 01:00:00+00:00,40784.0,40442.875
2019-11-02 02:00:00+00:00,40635.0,40625.125
2019-11-02 03:00:00+00:00,41140.0,40722.855
2019-11-02 04:00:00+00:00,42553.0,41319.773
2019-11-02 05:00:00+00:00,44703.0,45358.758
2019-11-02 06:00:00+00:00,47532.0,48592.45
2019-11-02 07:00:00+00:00,50989.0,50851.73
2019-11-02 08:00:00+00:00,53416.0,53731.64
2019-11-02 09:00:00+00:00,54344.0,55243.637
2019-11-02 10:00:00+00:00,55384.0,55503.664
2019-11-02 11:00:00+00:00,55564.0,55027.832
2019-11-02 12:00:00+00:00,54978.0,54346.516
2019-11-02 13:00:00+00:00,53248.0,54062.945
2019-11-02 14:00:00+00:00,52312.0,52617.945
2019-11-02 15:00:00+00:00,52718.0,53499.137
2019-11-02 16:00:00+00:00,57206.0,54846.6
2019-11-02 17:00:00+00:00,57458.0,59343.56
2019-11-02 18:00:00+00:00,55103.0,55792.605
2019-11-02 19:00:00+00:00,51594.0,52810.582
2019-11-02 20:00:00+00:00,49062.0,49710.38
2019-11-02 21:00:00+00:00,47806.0,47642.477
2019-11-02 22:00:00+00:00,44941.0,44359.715
2019-11-02 23:00:00+00:00,41336.0,41971.01
2019-11-03 00:00:00+00:00,39153.0,38845.8
2019-11-03 01:00:00+00:00,38431.0,37801.176
2019-11-03 02:00:00+00:00,38346.0,38052.453
2019-11-03 03:00:00+00:00,38645.0,38861.496
2019-11-03 04:00:00+00:00,38750.0,38450.77
2019-11-03 05:00:00+00:00,38584.0,39123.0
2019-11-03 06:00:00+00:00,40181.0,40821.258
2019-11-03 07:00:00+00:00,43761.0,43637.047
2019-11-03 08:00:00+00:00,46615.0,47228.914
2019-11-03 09:00:00+00:00,48886.0,49062.598
2019-11-03 10:00:00+00:00,51492.0,51382.4
2019-11-03 11:00:00+00:00,51346.0,51447.223
2019-11-03 12:00:00+00:00,49420.0,49319.973
2019-11-03 13:00:00+00:00,48322.0,47922.55
2019-11-03 14:00:00+00:00,48329.0,48148.754
2019-11-03 15:00:00+00:00,49174.0,50035.516
2019-11-03 16:00:00+00:00,53537.0,52768.7
2019-11-03 17:00:00+00:00,54404.0,55556.766
2019-11-03 18:00:00+00:00,52653.0,53526.55
2019-11-03 19:00:00+00:00,50271.0,50794.605
2019-11-03 20:00:00+00:00,48099.0,49061.086
2019-11-03 21:00:00+00:00,46853.0,47539.54
2019-11-03 22:00:00+00:00,43949.0,43699.332
2019-11-03 23:00:00+00:00,41861.0,41161.555
2019-11-04 00:00:00+00:00,40959.0,40267.76
2019-11-04 01:00:00+00:00,40435.0,40618.273
2019-11-04 02:00:00+00:00,41112.0,41123.08
2019-11-04 03:00:00+00:00,43235.0,43352.945
2019-11-04 04:00:00+00:00,47326.0,48125.76
2019-11-04 05:00:00+00:00,57028.0,55015.21
2019-11-04 06:00:00+00:00,63645.0,63504.617
2019-11-04 07:00:00+00:00,66099.0,66131.79
2019-11-04 08:00:00+00:00,66629.0,67306.086
2019-11-04 09:00:00+00:00,67832.0,68081.39
2019-11-04 10:00:00+00:00,68071.0,68811.49
2019-11-04 11:00:00+00:00,67693.0,67454.11
2019-11-04 12:00:00+00:00,67752.0,67281.84
2019-11-04 13:00:00+00:00,67121.0,66940.07
2019-11-04 14:00:00+00:00,66283.0,66569.37
2019-11-04 15:00:00+00:00,65695.0,66748.21
2019-11-04 16:00:00+00:00,68862.0,69859.8
2019-11-04 17:00:00+00:00,68341.0,70403.4
2019-11-04 18:00:00+00:00,66540.0,68084.2
2019-11-04 19:00:00+00:00,62673.0,63819.14
2019-11-04 20:00:00+00:00,57956.0,59558.023
2019-11-04 21:00:00+00:00,54371.0,54951.68
2019-11-04 22:00:00+00:00,50147.0,50211.883
2019-11-04 23:00:00+00:00,47601.0,47151.562
2019-11-05 00:00:00+00:00,45852.0,46164.707
2019-11-05 01:00:00+00:00,45587.0,45342.707
2019-11-05 02:00:00+00:00,46367.0,46290.07
2019-11-05 03:00:00+00:00,48112.0,48278.24
2019-11-05 04:00:00+00:00,51902.0,52258.21
2019-11-05 05:00:00+00:00,59542.0,59330.684
2019-11-05 06:00:00+00:00,65400.0,64917.72
2019-11-05 07:00:00+00:00,67353.0,67377.64
2019-11-05 08:00:00+00:00,67374.0,67998.69
2019-11-05 09:00:00+00:00,68056.0,68650.82
2019-11-05 10:00:00+00:00,69095.0,68709.46
2019-11-05 11:00:00+00:00,68589.0,68549.016
2019-11-05 12:00:00+00:00,68290.0,67859.09
2019-11-05 13:00:00+00:00,66802.0,67276.34
2019-11-05 14:00:00+00:00,66071.0,65752.58
2019-11-05 15:00:00+00:00,66500.0,66593.75
2019-11-05 16:00:00+00:00,69576.0,70402.82
2019-11-05 17:00:00+00:00,69562.0,69845.125
2019-11-05 18:00:00+00:00,68017.0,68100.64
2019-11-05 19:00:00+00:00,64068.0,64503.758
2019-11-05 20:00:00+00:00,60301.0,60661.36
2019-11-05 21:00:00+00:00,56301.0,57275.94
2019-11-05 22:00:00+00:00,51943.0,51828.64
2019-11-05 23:00:00+00:00,48640.0,48852.25
2019-11-06 00:00:00+00:00,47587.0,46934.676
2019-11-06 01:00:00+00:00,46828.0,47221.43
2019-11-06 02:00:00+00:00,47732.0,47422.164
2019-11-06 03:00:00+00:00,49487.0,49745.695
2019-11-06 04:00:00+00:00,52893.0,54011.56
2019-11-06 05:00:00+00:00,61303.0,60307.11
2019-11-06 06:00:00+00:00,66749.0,67130.1
2019-11-06 07:00:00+00:00,68726.0,68579.375
2019-11-06 08:00:00+00:00,69004.0,69301.97
2019-11-06 09:00:00+00:00,69430.0,70294.82
2019-11-06 10:00:00+00:00,70285.0,70073.97
2019-11-06 11:00:00+00:00,69840.0,69846.75
2019-11-06 12:00:00+00:00,69384.0,69268.46
2019-11-06 13:00:00+00:00,68522.0,68460.695
2019-11-06 14:00:00+00:00,68077.0,67629.66
2019-11-06 15:00:00+00:00,67814.0,68299.98
2019-11-06 16:00:00+00:00,70609.0,70958.35
2019-11-06 17:00:00+00:00,69906.0,71230.305
2019-11-06 18:00:00+00:00,67965.0,68647.73
2019-11-06 19:00:00+00:00,63989.0,64911.52
2019-11-06 20:00:00+00:00,60441.0,60721.39
2019-11-06 21:00:00+00:00,57165.0,57478.434
2019-11-06 22:00:00+00:00,52658.0,52903.04
2019-11-06 23:00:00+00:00,49447.0,49541.03
2019-11-07 00:00:00+00:00,47876.0,47771.203
2019-11-07 01:00:00+00:00,47195.0,47368.71
2019-11-07 02:00:00+00:00,47877.0,47715.66
2019-11-07 03:00:00+00:00,49298.0,49536.156
2019-11-07 04:00:00+00:00,52900.0,53003.035
2019-11-07 05:00:00+00:00,61513.0,60529.344
2019-11-07 06:00:00+00:00,67295.0,67770.57
2019-11-07 07:00:00+00:00,69359.0,69147.38
2019-11-07 08:00:00+00:00,69476.0,69899.78
2019-11-07 09:00:00+00:00,69959.0,70735.89
2019-11-07 10:00:00+00:00,71063.0,70706.21
2019-11-07 11:00:00+00:00,70633.0,70684.61
2019-11-07 12:00:00+00:00,70419.0,70175.04
2019-11-07 13:00:00+00:00,69297.0,69557.7
2019-11-07 14:00:00+00:00,68883.0,68566.04
2019-11-07 15:00:00+00:00,68867.0,69703.91
2019-11-07 16:00:00+00:00,71578.0,72019.32
2019-11-07 17:00:00+00:00,71394.0,71687.4
2019-11-07 18:00:00+00:00,69553.0,69905.47
2019-11-07 19:00:00+00:00,65092.0,66248.24
2019-11-07 20:00:00+00:00,61093.0,61687.39
2019-11-07 21:00:00+00:00,57483.0,58164.49
2019-11-07 22:00:00+00:00,53087.0,53162.324
2019-11-07 23:00:00+00:00,49682.0,49947.84
2019-11-08 00:00:00+00:00,48449.0,47958.74
2019-11-08 01:00:00+00:00,47329.0,48036.62
2019-11-08 02:00:00+00:00,47745.0,47697.273
2019-11-08 03:00:00+00:00,49519.0,49139.32
2019-11-08 04:00:00+00:00,53214.0,53632.633
2019-11-08 05:00:00+00:00,61777.0,61692.566
2019-11-08 06:00:00+00:00,67251.0,68021.38
2019-11-08 07:00:00+00:00,68807.0,69150.12
2019-11-08 08:00:00+00:00,70098.0,69315.305
2019-11-08 09:00:00+00:00,70364.0,71493.38
2019-11-08 10:00:00+00:00,71337.0,70950.03
2019-11-08 11:00:00+00:00,70535.0,71049.63
2019-11-08 12:00:00+00:00,69358.0,70010.63
2019-11-08 13:00:00+00:00,67935.0,68532.42
2019-11-08 14:00:00+00:00,66041.0,67258.76
2019-11-08 15:00:00+00:00,66438.0,66711.51
2019-11-08 16:00:00+00:00,68651.0,70491.65
2019-11-08 17:00:00+00:00,68183.0,69316.516
2019-11-08 18:00:00+00:00,65892.0,67123.26
2019-11-08 19:00:00+00:00,61770.0,62882.945
2019-11-08 20:00:00+00:00,58524.0,58762.883
2019-11-08 21:00:00+00:00,55313.0,55908.15
2019-11-08 22:00:00+00:00,50767.0,51099.242
2019-11-08 23:00:00+00:00,48069.0,47610.0
2019-11-09 00:00:00+00:00,45754.0,46428.45
2019-11-09 01:00:00+00:00,44866.0,44949.703
2019-11-09 02:00:00+00:00,44759.0,45140.004
2019-11-09 03:00:00+00:00,44951.0,45371.566
2019-11-09 04:00:00+00:00,45373.0,45542.246
2019-11-09 05:00:00+00:00,47034.0,47739.55
2019-11-09 06:00:00+00:00,49657.0,50887.324
2019-11-09 07:00:00+00:00,54317.0,53229.867
2019-11-09 08:00:00+00:00,56812.0,57254.797
2019-11-09 09:00:00+00:00,58630.0,58361.06
2019-11-09 10:00:00+00:00,59415.0,59430.137
2019-11-09 11:00:00+00:00,58920.0,58686.336
2019-11-09 12:00:00+00:00,56758.0,57407.746
2019-11-09 13:00:00+00:00,55325.0,55254.93
2019-11-09 14:00:00+00:00,54847.0,54887.047
2019-11-09 15:00:00+00:00,55435.0,56481.43
2019-11-09 16:00:00+00:00,59443.0,58945.227
2019-11-09 17:00:00+00:00,59139.0,60449.207
2019-11-09 18:00:00+00:00,57253.0,57113.246
2019-11-09 19:00:00+00:00,53165.0,54097.51
2019-11-09 20:00:00+00:00,50926.0,50811.98
2019-11-09 21:00:00+00:00,49994.0,49667.07
2019-11-09 22:00:00+00:00,47162.0,46578.49
2019-11-09 23:00:00+00:00,45458.0,44111.824
2019-11-10 00:00:00+00:00,43687.0,43590.023
2019-11-10 01:00:00+00:00,42673.0,42980.67
2019-11-10 02:00:00+00:00,42043.0,42642.516
2019-11-10 03:00:00+00:00,41951.0,41521.82
2019-11-10 04:00:00+00:00,41995.0,41112.918
2019-11-10 05:00:00+00:00,41940.0,42435.535
2019-11-10 06:00:00+00:00,43550.0,44529.035
2019-11-10 07:00:00+00:00,46848.0,46650.934
2019-11-10 08:00:00+00:00,49936.0,50221.098
2019-11-10 09:00:00+00:00,52118.0,52407.125
2019-11-10 10:00:00+00:00,54152.0,53818.94
2019-11-10 11:00:00+00:00,53491.0,53388.055
2019-11-10 12:00:00+00:00,52442.0,51556.9
2019-11-10 13:00:00+00:00,50818.0,51552.62
2019-11-10 14:00:00+00:00,50594.0,50372.863
2019-11-10 15:00:00+00:00,52576.0,51887.04
2019-11-10 16:00:00+00:00,56290.0,56777.715
2019-11-10 17:00:00+00:00,57222.0,57951.938
2019-11-10 18:00:00+00:00,55175.0,56086.312
2019-11-10 19:00:00+00:00,53637.0,53421.76
2019-11-10 20:00:00+00:00,52607.0,52672.97
2019-11-10 21:00:00+00:00,52254.0,52296.977
2019-11-10 22:00:00+00:00,48429.0,49299.504
2019-11-10 23:00:00+00:00,46167.0,45409.58
2019-11-11 00:00:00+00:00,44879.0,44638.926
2019-11-11 01:00:00+00:00,44367.0,44412.36
2019-11-11 02:00:00+00:00,44882.0,45078.95
2019-11-11 03:00:00+00:00,46815.0,46776.87
2019-11-11 04:00:00+00:00,51203.0,51470.055
2019-11-11 05:00:00+00:00,60007.0,60754.41
2019-11-11 06:00:00+00:00,67092.0,66568.24
2019-11-11 07:00:00+00:00,69303.0,69612.875
2019-11-11 08:00:00+00:00,70537.0,70354.8
2019-11-11 09:00:00+00:00,70975.0,71929.58
2019-11-11 10:00:00+00:00,71146.0,71798.59
2019-11-11 11:00:00+00:00,71315.0,70884.336
2019-11-11 12:00:00+00:00,70974.0,71175.46
2019-11-11 13:00:00+00:00,70543.0,70372.89
2019-11-11 14:00:00+00:00,70069.0,69998.34
2019-11-11 15:00:00+00:00,69847.0,70402.484
2019-11-11 16:00:00+00:00,72371.0,72796.86
2019-11-11 17:00:00+00:00,72139.0,73182.85
2019-11-11 18:00:00+00:00,70524.0,71276.75
2019-11-11 19:00:00+00:00,66054.0,67200.94
2019-11-11 20:00:00+00:00,61234.0,62889.348
2019-11-11 21:00:00+00:00,58078.0,58252.54
2019-11-11 22:00:00+00:00,54143.0,53985.156
2019-11-11 23:00:00+00:00,50473.0,51069.38
2019-11-12 00:00:00+00:00,48683.0,48703.574
2019-11-12 01:00:00+00:00,48023.0,48052.734
2019-11-12 02:00:00+00:00,48479.0,48416.04
2019-11-12 03:00:00+00:00,50085.0,49855.598
2019-11-12 04:00:00+00:00,54038.0,53735.684
2019-11-12 05:00:00+00:00,62054.0,62739.66
2019-11-12 06:00:00+00:00,68353.0,68017.23
2019-11-12 07:00:00+00:00,70250.0,70514.82
2019-11-12 08:00:00+00:00,70862.0,70665.695
2019-11-12 09:00:00+00:00,71213.0,72027.7
2019-11-12 10:00:00+00:00,71579.0,71920.94
2019-11-12 11:00:00+00:00,71558.0,71245.59
2019-11-12 12:00:00+00:00,70185.0,71180.36
2019-11-12 13:00:00+00:00,69462.0,69399.75
2019-11-12 14:00:00+00:00,69000.0,68875.586
2019-11-12 15:00:00+00:00,69078.0,70028.15
2019-11-12 16:00:00+00:00,71110.0,72015.35
2019-11-12 17:00:00+00:00,71624.0,71229.9
2019-11-12 18:00:00+00:00,69441.0,70292.93
2019-11-12 19:00:00+00:00,66281.0,65820.87
2019-11-12 20:00:00+00:00,62107.0,63272.082
2019-11-12 21:00:00+00:00,58998.0,58835.082
2019-11-12 22:00:00+00:00,55174.0,54890.227
2019-11-12 23:00:00+00:00,51500.0,52007.99
2019-11-13 00:00:00+00:00,50261.0,49571.844
2019-11-13 01:00:00+00:00,49068.0,49803.375
2019-11-13 02:00:00+00:00,49735.0,49291.684
2019-11-13 03:00:00+00:00,51855.0,51163.26
2019-11-13 04:00:00+00:00,55026.0,56289.453
2019-11-13 05:00:00+00:00,61419.0,62551.305
2019-11-13 06:00:00+00:00,67414.0,67204.96
2019-11-13 07:00:00+00:00,69039.0,69718.266
2019-11-13 08:00:00+00:00,69130.0,69617.09
2019-11-13 09:00:00+00:00,69767.0,70242.17
2019-11-13 10:00:00+00:00,70748.0,70557.71
2019-11-13 11:00:00+00:00,70096.0,70373.445
2019-11-13 12:00:00+00:00,69780.0,69556.625
2019-11-13 13:00:00+00:00,68166.0,68928.55
2019-11-13 14:00:00+00:00,67864.0,67504.84
2019-11-13 15:00:00+00:00,68052.0,68448.33
2019-11-13 16:00:00+00:00,70191.0,71046.195
2019-11-13 17:00:00+00:00,69769.0,70783.17
2019-11-13 18:00:00+00:00,68213.0,68918.086
2019-11-13 19:00:00+00:00,64915.0,65092.227
2019-11-13 20:00:00+00:00,61633.0,62111.91
2019-11-13 21:00:00+00:00,58028.0,58938.85
2019-11-13 22:00:00+00:00,54106.0,53855.266
2019-11-13 23:00:00+00:00,51007.0,51122.02
2019-11-14 00:00:00+00:00,49357.0,49232.508
2019-11-14 01:00:00+00:00,48290.0,48875.6
2019-11-14 02:00:00+00:00,48789.0,48559.562
2019-11-14 03:00:00+00:00,50363.0,50112.297
2019-11-14 04:00:00+00:00,53641.0,54018.3
2019-11-14 05:00:00+00:00,61668.0,61040.293
2019-11-14 06:00:00+00:00,67252.0,67954.36
2019-11-14 07:00:00+00:00,68953.0,69315.36
2019-11-14 08:00:00+00:00,68366.0,69562.3
2019-11-14 09:00:00+00:00,69496.0,69540.625
2019-11-14 10:00:00+00:00,69916.0,70507.5
2019-11-14 11:00:00+00:00,70198.0,69390.695
2019-11-14 12:00:00+00:00,68562.0,69910.01
2019-11-14 13:00:00+00:00,68148.0,67484.03
2019-11-14 14:00:00+00:00,67031.0,67545.84
2019-11-14 15:00:00+00:00,66711.0,67403.17
2019-11-14 16:00:00+00:00,69964.0,69858.12
2019-11-14 17:00:00+00:00,70114.0,70992.23
2019-11-14 18:00:00+00:00,69283.0,68399.836
2019-11-14 19:00:00+00:00,65306.0,66101.75
2019-11-14 20:00:00+00:00,61698.0,61878.74
2019-11-14 21:00:00+00:00,58684.0,59081.49
2019-11-14 22:00:00+00:00,54822.0,54542.605
2019-11-14 23:00:00+00:00,50662.0,51595.062
2019-11-15 00:00:00+00:00,49055.0,48553.645
2019-11-15 01:00:00+00:00,48179.0,48464.41
2019-11-15 02:00:00+00:00,48540.0,48479.14
2019-11-15 03:00:00+00:00,50385.0,49872.418
2019-11-15 04:00:00+00:00,53700.0,54302.746
2019-11-15 05:00:00+00:00,61010.0,61486.676
2019-11-15 06:00:00+00:00,67119.0,67237.78
2019-11-15 07:00:00+00:00,70058.0,69466.71
2019-11-15 08:00:00+00:00,70130.0,70795.55
2019-11-15 09:00:00+00:00,69946.0,71190.97
2019-11-15 10:00:00+00:00,69458.0,70791.664
2019-11-15 11:00:00+00:00,70242.0,69086.586
2019-11-15 12:00:00+00:00,68498.0,69927.27
2019-11-15 13:00:00+00:00,66884.0,67546.695
2019-11-15 14:00:00+00:00,66209.0,66144.1
2019-11-15 15:00:00+00:00,66632.0,66242.52
2019-11-15 16:00:00+00:00,68515.0,69775.58
2019-11-15 17:00:00+00:00,67789.0,69222.82
2019-11-15 18:00:00+00:00,65239.0,67159.49
2019-11-15 19:00:00+00:00,60747.0,62177.367
2019-11-15 20:00:00+00:00,57585.0,58053.1
2019-11-15 21:00:00+00:00,55432.0,55426.79
2019-11-15 22:00:00+00:00,51783.0,51701.086
2019-11-15 23:00:00+00:00,47857.0,48630.47
2019-11-16 00:00:00+00:00,46079.0,45605.316
2019-11-16 01:00:00+00:00,45018.0,45242.67
2019-11-16 02:00:00+00:00,45267.0,44877.332
2019-11-16 03:00:00+00:00,45375.0,46126.805
2019-11-16 04:00:00+00:00,45086.0,45242.098
2019-11-16 05:00:00+00:00,46156.0,46621.94
2019-11-16 06:00:00+00:00,49389.0,49750.777
2019-11-16 07:00:00+00:00,52784.0,53176.188
2019-11-16 08:00:00+00:00,56424.0,55503.246
2019-11-16 09:00:00+00:00,57689.0,58430.53
2019-11-16 10:00:00+00:00,58684.0,58430.01
2019-11-16 11:00:00+00:00,58137.0,57974.633
2019-11-16 12:00:00+00:00,56820.0,56535.695
2019-11-16 13:00:00+00:00,55733.0,55690.305
2019-11-16 14:00:00+00:00,55423.0,55476.676
2019-11-16 15:00:00+00:00,56576.0,57429.13
2019-11-16 16:00:00+00:00,59771.0,59545.914
2019-11-16 17:00:00+00:00,59817.0,60290.07
2019-11-16 18:00:00+00:00,59036.0,57419.88
2019-11-16 19:00:00+00:00,55342.0,56355.035
2019-11-16 20:00:00+00:00,52743.0,52726.965
2019-11-16 21:00:00+00:00,50978.0,51554.543
2019-11-16 22:00:00+00:00,47172.0,47354.445
2019-11-16 23:00:00+00:00,44313.0,44072.11
2019-11-17 00:00:00+00:00,42707.0,42214.234
2019-11-17 01:00:00+00:00,41850.0,41800.633
2019-11-17 02:00:00+00:00,41555.0,41862.477
2019-11-17 03:00:00+00:00,42126.0,41612.453
2019-11-17 04:00:00+00:00,41663.0,42617.46
2019-11-17 05:00:00+00:00,40953.0,40942.625
2019-11-17 06:00:00+00:00,43371.0,42955.758
2019-11-17 07:00:00+00:00,46444.0,47145.87
2019-11-17 08:00:00+00:00,49811.0,49781.14
2019-11-17 09:00:00+00:00,52331.0,52307.38
2019-11-17 10:00:00+00:00,54829.0,54734.41
2019-11-17 11:00:00+00:00,54300.0,54507.97
2019-11-17 12:00:00+00:00,53262.0,52427.86
2019-11-17 13:00:00+00:00,52395.0,52215.137
2019-11-17 14:00:00+00:00,51924.0,52174.24
2019-11-17 15:00:00+00:00,53195.0,53121.047
2019-11-17 16:00:00+00:00,56445.0,56350.254
2019-11-17 17:00:00+00:00,56999.0,58193.84
2019-11-17 18:00:00+00:00,54967.0,55799.938
2019-11-17 19:00:00+00:00,53094.0,52996.99
2019-11-17 20:00:00+00:00,51788.0,52050.164
2019-11-17 21:00:00+00:00,51059.0,51064.99
2019-11-17 22:00:00+00:00,47747.0,47862.36
2019-11-17 23:00:00+00:00,44574.0,44832.902
2019-11-18 00:00:00+00:00,42922.0,42517.85
2019-11-18 01:00:00+00:00,42430.0,42072.285
2019-11-18 02:00:00+00:00,42326.0,42668.613
2019-11-18 03:00:00+00:00,44193.0,43499.703
2019-11-18 04:00:00+00:00,48920.0,47752.35
2019-11-18 05:00:00+00:00,59459.0,58980.746
2019-11-18 06:00:00+00:00,65360.0,67012.734
2019-11-18 07:00:00+00:00,67438.0,67691.234
2019-11-18 08:00:00+00:00,68631.0,68445.44
2019-11-18 09:00:00+00:00,69932.0,70193.2
2019-11-18 10:00:00+00:00,70423.0,71110.33
2019-11-18 11:00:00+00:00,70302.0,70050.33
2019-11-18 12:00:00+00:00,70372.0,70340.086
2019-11-18 13:00:00+00:00,69234.0,69637.484
2019-11-18 14:00:00+00:00,68372.0,68872.09
2019-11-18 15:00:00+00:00,68912.0,69215.26
2019-11-18 16:00:00+00:00,71708.0,72558.64
2019-11-18 17:00:00+00:00,72069.0,71638.23
2019-11-18 18:00:00+00:00,70916.0,70618.36
2019-11-18 19:00:00+00:00,66847.0,67471.15
2019-11-18 20:00:00+00:00,62806.0,63684.527
2019-11-18 21:00:00+00:00,59555.0,59757.805
2019-11-18 22:00:00+00:00,55352.0,55226.188
2019-11-18 23:00:00+00:00,51873.0,52176.75
2019-11-19 00:00:00+00:00,50480.0,50163.074
2019-11-19 01:00:00+00:00,49676.0,50003.613
2019-11-19 02:00:00+00:00,50315.0,50232.277
2019-11-19 03:00:00+00:00,51495.0,51880.324
2019-11-19 04:00:00+00:00,55651.0,54742.316
2019-11-19 05:00:00+00:00,63708.0,64736.67
2019-11-19 06:00:00+00:00,69753.0,69296.86
2019-11-19 07:00:00+00:00,72246.0,71836.11
2019-11-19 08:00:00+00:00,72362.0,72761.7
2019-11-19 09:00:00+00:00,71784.0,73398.72
2019-11-19 10:00:00+00:00,72513.0,72344.28
2019-11-19 11:00:00+00:00,72023.0,72271.69
2019-11-19 12:00:00+00:00,71451.0,71663.15
2019-11-19 13:00:00+00:00,69705.0,70767.69
2019-11-19 14:00:00+00:00,68546.0,69057.95
2019-11-19 15:00:00+00:00,69129.0,68654.375
2019-11-19 16:00:00+00:00,71698.0,72592.48
2019-11-19 17:00:00+00:00,70132.0,71715.89
2019-11-19 18:00:00+00:00,68493.0,68941.29
2019-11-19 19:00:00+00:00,65040.0,65449.605
2019-11-19 20:00:00+00:00,61276.0,61960.195
2019-11-19 21:00:00+00:00,58683.0,58365.49
2019-11-19 22:00:00+00:00,54704.0,54784.82
2019-11-19 23:00:00+00:00,52046.0,51472.54
2019-11-20 00:00:00+00:00,50179.0,50233.285
2019-11-20 01:00:00+00:00,49399.0,49400.395
2019-11-20 02:00:00+00:00,49686.0,49694.41
2019-11-20 03:00:00+00:00,50864.0,50714.26
2019-11-20 04:00:00+00:00,53773.0,53731.52
2019-11-20 05:00:00+00:00,61161.0,60401.008
2019-11-20 06:00:00+00:00,67313.0,67389.414
2019-11-20 07:00:00+00:00,69484.0,69532.37
2019-11-20 08:00:00+00:00,70034.0,70065.79
2019-11-20 09:00:00+00:00,70895.0,71287.88
2019-11-20 10:00:00+00:00,71732.0,71711.63
2019-11-20 11:00:00+00:00,71269.0,71357.82
2019-11-20 12:00:00+00:00,70658.0,70819.4
2019-11-20 13:00:00+00:00,68878.0,69833.25
2019-11-20 14:00:00+00:00,68498.0,68267.91
2019-11-20 15:00:00+00:00,69647.0,69698.96
2019-11-20 16:00:00+00:00,71039.0,72624.07
2019-11-20 17:00:00+00:00,70855.0,70720.41
2019-11-20 18:00:00+00:00,69072.0,69774.17
2019-11-20 19:00:00+00:00,65086.0,65686.33
2019-11-20 20:00:00+00:00,61840.0,62218.805
2019-11-20 21:00:00+00:00,58966.0,59445.7
2019-11-20 22:00:00+00:00,55267.0,54896.906
2019-11-20 23:00:00+00:00,52520.0,52119.844
2019-11-21 00:00:00+00:00,50786.0,50681.625
2019-11-21 01:00:00+00:00,49824.0,50057.76
2019-11-21 02:00:00+00:00,50474.0,50036.656
2019-11-21 03:00:00+00:00,51634.0,51729.07
2019-11-21 04:00:00+00:00,55157.0,54628.53
2019-11-21 05:00:00+00:00,62464.0,62779.94
2019-11-21 06:00:00+00:00,68140.0,68297.28
2019-11-21 07:00:00+00:00,70337.0,70153.34
2019-11-21 08:00:00+00:00,70422.0,70988.43
2019-11-21 09:00:00+00:00,70927.0,71588.79
2019-11-21 10:00:00+00:00,71326.0,71576.27
2019-11-21 11:00:00+00:00,70739.0,70908.05
2019-11-21 12:00:00+00:00,70350.0,70246.1
2019-11-21 13:00:00+00:00,69285.0,69581.03
2019-11-21 14:00:00+00:00,68844.0,68730.26
2019-11-21 15:00:00+00:00,69617.0,69694.69
2019-11-21 16:00:00+00:00,71696.0,72495.49
2019-11-21 17:00:00+00:00,71102.0,71613.414
2019-11-21 18:00:00+00:00,68640.0,69627.26
2019-11-21 19:00:00+00:00,65046.0,65422.39
2019-11-21 20:00:00+00:00,61844.0,62326.715
2019-11-21 21:00:00+00:00,59247.0,59241.89
2019-11-21 22:00:00+00:00,55873.0,55367.15
2019-11-21 23:00:00+00:00,52752.0,52911.695
2019-11-22 00:00:00+00:00,50937.0,50821.14
2019-11-22 01:00:00+00:00,50207.0,50219.973
2019-11-22 02:00:00+00:00,50180.0,50407.7
2019-11-22 03:00:00+00:00,51824.0,50951.324
2019-11-22 04:00:00+00:00,54892.0,55296.61
2019-11-22 05:00:00+00:00,62684.0,61627.67
2019-11-22 06:00:00+00:00,68261.0,69034.72
2019-11-22 07:00:00+00:00,69919.0,70130.34
2019-11-22 08:00:00+00:00,70405.0,70479.79
2019-11-22 09:00:00+00:00,71001.0,71684.5
2019-11-22 10:00:00+00:00,71222.0,71713.27
2019-11-22 11:00:00+00:00,70634.0,70778.01
2019-11-22 12:00:00+00:00,69725.0,70175.13
2019-11-22 13:00:00+00:00,67877.0,68892.77
2019-11-22 14:00:00+00:00,66521.0,67269.19
2019-11-22 15:00:00+00:00,68184.0,67512.87
2019-11-22 16:00:00+00:00,70205.0,71801.49
2019-11-22 17:00:00+00:00,70014.0,69845.45
2019-11-22 18:00:00+00:00,67856.0,68289.664
2019-11-22 19:00:00+00:00,63590.0,64579.812
2019-11-22 20:00:00+00:00,60620.0,60704.78
2019-11-22 21:00:00+00:00,57470.0,58283.656
2019-11-22 22:00:00+00:00,53609.0,53376.31
2019-11-22 23:00:00+00:00,50233.0,50622.742
2019-11-23 00:00:00+00:00,47365.0,48325.094
2019-11-23 01:00:00+00:00,46475.0,46397.695
2019-11-23 02:00:00+00:00,46392.0,46528.207
2019-11-23 03:00:00+00:00,46368.0,46945.773
2019-11-23 04:00:00+00:00,46316.0,46281.953
2019-11-23 05:00:00+00:00,48035.0,48048.754
2019-11-23 06:00:00+00:00,52028.0,52466.535
2019-11-23 07:00:00+00:00,55516.0,56035.855
2019-11-23 08:00:00+00:00,58298.0,58285.13
2019-11-23 09:00:00+00:00,59425.0,59975.74
2019-11-23 10:00:00+00:00,59943.0,60281.195
2019-11-23 11:00:00+00:00,59262.0,59516.74
2019-11-23 12:00:00+00:00,56930.0,57905.742
2019-11-23 13:00:00+00:00,55620.0,55465.48
2019-11-23 14:00:00+00:00,55732.0,55361.566
2019-11-23 15:00:00+00:00,58202.0,57524.242
2019-11-23 16:00:00+00:00,60701.0,61251.414
2019-11-23 17:00:00+00:00,60680.0,60092.99
2019-11-23 18:00:00+00:00,58590.0,59138.668
2019-11-23 19:00:00+00:00,54704.0,55137.37
2019-11-23 20:00:00+00:00,52083.0,52490.54
2019-11-23 21:00:00+00:00,51032.0,50860.258
2019-11-23 22:00:00+00:00,48193.0,47886.85
2019-11-23 23:00:00+00:00,45219.0,45204.305
2019-11-24 00:00:00+00:00,43168.0,43477.234
2019-11-24 01:00:00+00:00,42496.0,42364.03
2019-11-24 02:00:00+00:00,42281.0,42223.277
2019-11-24 03:00:00+00:00,42710.0,41871.312
2019-11-24 04:00:00+00:00,42146.0,42592.555
2019-11-24 05:00:00+00:00,41907.0,41768.887
2019-11-24 06:00:00+00:00,43595.0,44291.035
2019-11-24 07:00:00+00:00,47435.0,47064.945
2019-11-24 08:00:00+00:00,50559.0,50946.688
2019-11-24 09:00:00+00:00,53057.0,53047.34
2019-11-24 10:00:00+00:00,55167.0,55394.992
2019-11-24 11:00:00+00:00,54528.0,54555.855
2019-11-24 12:00:00+00:00,52453.0,52697.527
2019-11-24 13:00:00+00:00,51292.0,51159.047
2019-11-24 14:00:00+00:00,50945.0,51289.25
2019-11-24 15:00:00+00:00,53534.0,52589.074
2019-11-24 16:00:00+00:00,57395.0,58226.598
2019-11-24 17:00:00+00:00,57884.0,58133.66
2019-11-24 18:00:00+00:00,55431.0,56359.93
2019-11-24 19:00:00+00:00,53088.0,53462.688
2019-11-24 20:00:00+00:00,51493.0,52173.938
2019-11-24 21:00:00+00:00,50639.0,50435.336
2019-11-24 22:00:00+00:00,47816.0,47645.395
2019-11-24 23:00:00+00:00,45538.0,45121.05
2019-11-25 00:00:00+00:00,44628.0,44065.387
2019-11-25 01:00:00+00:00,44385.0,44378.26
2019-11-25 02:00:00+00:00,44746.0,45258.83
2019-11-25 03:00:00+00:00,46448.0,46606.55
2019-11-25 04:00:00+00:00,50207.0,50615.555
2019-11-25 05:00:00+00:00,59383.0,57937.57
2019-11-25 06:00:00+00:00,66579.0,66155.83
2019-11-25 07:00:00+00:00,69108.0,69030.23
2019-11-25 08:00:00+00:00,69575.0,70071.12
2019-11-25 09:00:00+00:00,70550.0,70679.555
2019-11-25 10:00:00+00:00,71304.0,71379.516
2019-11-25 11:00:00+00:00,70991.0,71079.37
2019-11-25 12:00:00+00:00,70744.0,70733.32
2019-11-25 13:00:00+00:00,69636.0,70226.72
2019-11-25 14:00:00+00:00,69280.0,69250.82
2019-11-25 15:00:00+00:00,69521.0,69827.78
2019-11-25 16:00:00+00:00,70554.0,72788.96
2019-11-25 17:00:00+00:00,70302.0,70988.07
2019-11-25 18:00:00+00:00,68658.0,70144.69
2019-11-25 19:00:00+00:00,65248.0,65353.355
2019-11-25 20:00:00+00:00,61541.0,62280.434
2019-11-25 21:00:00+00:00,58724.0,58681.805
2019-11-25 22:00:00+00:00,54785.0,54504.137
2019-11-25 23:00:00+00:00,51704.0,51468.047
2019-11-26 00:00:00+00:00,49496.0,49841.777
2019-11-26 01:00:00+00:00,48652.0,48569.934
2019-11-26 02:00:00+00:00,49307.0,48923.703
2019-11-26 03:00:00+00:00,50725.0,50673.418
2019-11-26 04:00:00+00:00,54107.0,54032.613
2019-11-26 05:00:00+00:00,61589.0,61866.387
2019-11-26 06:00:00+00:00,68230.0,67787.22
2019-11-26 07:00:00+00:00,70027.0,70528.6
2019-11-26 08:00:00+00:00,70009.0,70509.35
2019-11-26 09:00:00+00:00,70602.0,71174.08
2019-11-26 10:00:00+00:00,71468.0,71519.73
2019-11-26 11:00:00+00:00,70925.0,71090.96
2019-11-26 12:00:00+00:00,70085.0,70547.93
2019-11-26 13:00:00+00:00,69652.0,69212.125
2019-11-26 14:00:00+00:00,69128.0,69126.28
2019-11-26 15:00:00+00:00,70196.0,69869.48
2019-11-26 16:00:00+00:00,72085.0,73047.12
2019-11-26 17:00:00+00:00,71726.0,71717.46
2019-11-26 18:00:00+00:00,70104.0,70362.586
2019-11-26 19:00:00+00:00,66730.0,66801.27
2019-11-26 20:00:00+00:00,63079.0,63764.23
2019-11-26 21:00:00+00:00,59251.0,60188.22
2019-11-26 22:00:00+00:00,54232.0,54955.29
2019-11-26 23:00:00+00:00,51087.0,50862.156
2019-11-27 00:00:00+00:00,48751.0,49438.375
2019-11-27 01:00:00+00:00,48218.0,48024.156
2019-11-27 02:00:00+00:00,49112.0,48886.43
2019-11-27 03:00:00+00:00,50654.0,50949.918
2019-11-27 04:00:00+00:00,54252.0,54681.96
2019-11-27 05:00:00+00:00,62317.0,62748.207
2019-11-27 06:00:00+00:00,69055.0,68971.81
2019-11-27 07:00:00+00:00,72060.0,71149.66
2019-11-27 08:00:00+00:00,72633.0,72440.39
2019-11-27 09:00:00+00:00,73232.0,73606.6
2019-11-27 10:00:00+00:00,73871.0,73933.945
2019-11-27 11:00:00+00:00,73216.0,73501.914
2019-11-27 12:00:00+00:00,73248.0,72821.76
2019-11-27 13:00:00+00:00,71938.0,72502.01
2019-11-27 14:00:00+00:00,71421.0,71378.08
2019-11-27 15:00:00+00:00,72176.0,71815.586
2019-11-27 16:00:00+00:00,73825.0,74724.266
2019-11-27 17:00:00+00:00,72966.0,73586.88
2019-11-27 18:00:00+00:00,70801.0,71842.53
2019-11-27 19:00:00+00:00,66692.0,67463.94
2019-11-27 20:00:00+00:00,62877.0,63384.785
2019-11-27 21:00:00+00:00,59714.0,59916.336
2019-11-27 22:00:00+00:00,55319.0,55515.027
2019-11-27 23:00:00+00:00,51523.0,52039.613
2019-11-28 00:00:00+00:00,49555.0,49628.055
2019-11-28 01:00:00+00:00,48853.0,48861.81
2019-11-28 02:00:00+00:00,49280.0,49266.887
2019-11-28 03:00:00+00:00,51078.0,50670.184
2019-11-28 04:00:00+00:00,55166.0,55007.508
2019-11-28 05:00:00+00:00,63061.0,64225.547
2019-11-28 06:00:00+00:00,68904.0,69374.02
2019-11-28 07:00:00+00:00,70785.0,70923.305
2019-11-28 08:00:00+00:00,70546.0,71363.17
2019-11-28 09:00:00+00:00,71323.0,71656.48
2019-11-28 10:00:00+00:00,72467.0,72152.85
2019-11-28 11:00:00+00:00,71849.0,72205.54
2019-11-28 12:00:00+00:00,71725.0,71476.35
2019-11-28 13:00:00+00:00,70876.0,70985.66
2019-11-28 14:00:00+00:00,70422.0,70546.02
2019-11-28 15:00:00+00:00,71305.0,71872.03
2019-11-28 16:00:00+00:00,72434.0,73773.96
2019-11-28 17:00:00+00:00,71573.0,72057.766
2019-11-28 18:00:00+00:00,69744.0,70749.24
2019-11-28 19:00:00+00:00,66320.0,66623.15
2019-11-28 20:00:00+00:00,62194.0,63321.355
2019-11-28 21:00:00+00:00,59136.0,58977.645
2019-11-28 22:00:00+00:00,55299.0,55134.355
2019-11-28 23:00:00+00:00,51595.0,52243.344
2019-11-29 00:00:00+00:00,48899.0,49703.023
2019-11-29 01:00:00+00:00,48822.0,48051.207
2019-11-29 02:00:00+00:00,48743.0,49389.59
2019-11-29 03:00:00+00:00,51074.0,49736.2
2019-11-29 04:00:00+00:00,54543.0,55777.336
2019-11-29 05:00:00+00:00,62656.0,61840.53
2019-11-29 06:00:00+00:00,69271.0,69843.23
2019-11-29 07:00:00+00:00,70845.0,71177.016
2019-11-29 08:00:00+00:00,69956.0,71263.734
2019-11-29 09:00:00+00:00,70657.0,70915.305
2019-11-29 10:00:00+00:00,71288.0,71701.37
2019-11-29 11:00:00+00:00,70372.0,70877.59
2019-11-29 12:00:00+00:00,69606.0,70010.086
2019-11-29 13:00:00+00:00,67362.0,68745.95
2019-11-29 14:00:00+00:00,65919.0,66869.93
2019-11-29 15:00:00+00:00,66656.0,67401.38
2019-11-29 16:00:00+00:00,68629.0,70774.63
2019-11-29 17:00:00+00:00,67796.0,69169.38
2019-11-29 18:00:00+00:00,65894.0,67117.42
2019-11-29 19:00:00+00:00,62336.0,62988.984
2019-11-29 20:00:00+00:00,58788.0,59476.04
2019-11-29 21:00:00+00:00,56257.0,56065.01
2019-11-29 22:00:00+00:00,52190.0,52432.555
2019-11-29 23:00:00+00:00,49314.0,48854.008
2019-11-30 00:00:00+00:00,47646.0,47471.01
2019-11-30 01:00:00+00:00,46392.0,46931.375
2019-11-30 02:00:00+00:00,45996.0,46468.87
2019-11-30 03:00:00+00:00,45969.0,46250.918
2019-11-30 04:00:00+00:00,45931.0,46088.598
2019-11-30 05:00:00+00:00,46387.0,47596.812
2019-11-30 06:00:00+00:00,50061.0,49436.47
2019-11-30 07:00:00+00:00,53819.0,54014.035
2019-11-30 08:00:00+00:00,55825.0,56662.65
2019-11-30 09:00:00+00:00,57035.0,57389.246
2019-11-30 10:00:00+00:00,57046.0,57795.297
2019-11-30 11:00:00+00:00,56355.0,56012.273
2019-11-30 12:00:00+00:00,55528.0,54925.0
2019-11-30 13:00:00+00:00,54125.0,54501.254
2019-11-30 14:00:00+00:00,53410.0,53544.52
2019-11-30 15:00:00+00:00,56481.0,54607.203
2019-11-30 16:00:00+00:00,58853.0,60352.215
2019-11-30 17:00:00+00:00,58325.0,58424.973
2019-11-30 18:00:00+00:00,56886.0,56365.402
2019-11-30 19:00:00+00:00,53844.0,54433.094
2019-11-30 20:00:00+00:00,51635.0,51823.242
2019-11-30 21:00:00+00:00,50549.0,50057.668
2019-11-30 22:00:00+00:00,48085.0,47574.33
2019-11-30 23:00:00+00:00,45998.0,45329.09
2019-12-01 00:00:00+00:00,44208.0,44406.84
2019-12-01 01:00:00+00:00,42976.0,43640.215
2019-12-01 02:00:00+00:00,42569.0,42550.996
2019-12-01 03:00:00+00:00,42365.0,41787.867
2019-12-01 04:00:00+00:00,42855.0,41349.76
2019-12-01 05:00:00+00:00,46968.0,44055.145
2019-12-01 06:00:00+00:00,47450.0,52354.062
2019-12-01 07:00:00+00:00,50394.0,49788.38
2019-12-01 08:00:00+00:00,52247.0,53010.53
2019-12-01 09:00:00+00:00,53620.0,54184.668
2019-12-01 10:00:00+00:00,55160.0,54778.03
2019-12-01 11:00:00+00:00,55384.0,55339.195
2019-12-01 12:00:00+00:00,53827.0,54247.77
2019-12-01 13:00:00+00:00,52592.0,52381.414
2019-12-01 14:00:00+00:00,52680.0,52262.598
2019-12-01 15:00:00+00:00,54391.0,54405.28
2019-12-01 16:00:00+00:00,57012.0,57760.78
2019-12-01 17:00:00+00:00,57567.0,58235.84
2019-12-01 18:00:00+00:00,56859.0,56929.297
2019-12-01 19:00:00+00:00,54388.0,54977.176
2019-12-01 20:00:00+00:00,53187.0,52761.176
2019-12-01 21:00:00+00:00,52460.0,52236.918
2019-12-01 22:00:00+00:00,49843.0,49226.477
2019-12-01 23:00:00+00:00,46086.0,47049.45
2019-12-02 00:00:00+00:00,45072.0,44163.23
2019-12-02 01:00:00+00:00,44158.0,44655.133
2019-12-02 02:00:00+00:00,44044.0,44354.496
2019-12-02 03:00:00+00:00,45000.0,44832.117
2019-12-02 04:00:00+00:00,48691.0,46903.645
2019-12-02 05:00:00+00:00,58602.0,56893.29
2019-12-02 06:00:00+00:00,65899.0,66865.57
2019-12-02 07:00:00+00:00,67077.0,68537.46
2019-12-02 08:00:00+00:00,67397.0,67759.5
2019-12-02 09:00:00+00:00,68640.0,68845.49
2019-12-02 10:00:00+00:00,69452.0,70288.84
2019-12-02 11:00:00+00:00,69431.0,69132.11
2019-12-02 12:00:00+00:00,69022.0,69614.98
2019-12-02 13:00:00+00:00,68367.0,68263.22
2019-12-02 14:00:00+00:00,67452.0,67924.8
2019-12-02 15:00:00+00:00,67885.0,67733.76
2019-12-02 16:00:00+00:00,69202.0,71271.195
2019-12-02 17:00:00+00:00,68273.0,69893.9
2019-12-02 18:00:00+00:00,66840.0,67882.09
2019-12-02 19:00:00+00:00,63253.0,63721.957
2019-12-02 20:00:00+00:00,60716.0,60266.27
2019-12-02 21:00:00+00:00,58379.0,57878.027
2019-12-02 22:00:00+00:00,53927.0,53747.27
2019-12-02 23:00:00+00:00,53781.0,50353.293
2019-12-03 00:00:00+00:00,51490.0,52554.66
2019-12-03 01:00:00+00:00,50788.0,50305.336
2019-12-03 02:00:00+00:00,50812.0,51049.867
2019-12-03 03:00:00+00:00,52219.0,51432.734
2019-12-03 04:00:00+00:00,55674.0,54783.605
2019-12-03 05:00:00+00:00,62870.0,61573.215
2019-12-03 06:00:00+00:00,68105.0,67786.42
2019-12-03 07:00:00+00:00,70159.0,69937.36
2019-12-03 08:00:00+00:00,70117.0,70972.6
2019-12-03 09:00:00+00:00,70908.0,71224.59
2019-12-03 10:00:00+00:00,71175.0,71361.586
2019-12-03 11:00:00+00:00,71310.0,70800.45
2019-12-03 12:00:00+00:00,70630.0,70814.664
2019-12-03 13:00:00+00:00,69502.0,69866.695
2019-12-03 14:00:00+00:00,69178.0,68852.6
2019-12-03 15:00:00+00:00,70597.0,69966.87
2019-12-03 16:00:00+00:00,73170.0,73676.8
2019-12-03 17:00:00+00:00,72186.0,73002.97
2019-12-03 18:00:00+00:00,70736.0,70047.945
2019-12-03 19:00:00+00:00,67140.0,67671.945
2019-12-03 20:00:00+00:00,63760.0,64484.027
2019-12-03 21:00:00+00:00,61046.0,61430.906
2019-12-03 22:00:00+00:00,56813.0,57305.48
2019-12-03 23:00:00+00:00,53631.0,53639.566
2019-12-04 00:00:00+00:00,51986.0,51792.43
2019-12-04 01:00:00+00:00,50616.0,51309.89
2019-12-04 02:00:00+00:00,50751.0,50727.62
2019-12-04 03:00:00+00:00,52663.0,51685.414
2019-12-04 04:00:00+00:00,55960.0,56687.2
2019-12-04 05:00:00+00:00,63862.0,63902.953
2019-12-04 06:00:00+00:00,70175.0,70346.06
2019-12-04 07:00:00+00:00,70878.0,72207.55
2019-12-04 08:00:00+00:00,71102.0,71204.88
2019-12-04 09:00:00+00:00,70987.0,72292.32
2019-12-04 10:00:00+00:00,71459.0,71742.97
2019-12-04 11:00:00+00:00,70590.0,71057.44
2019-12-04 12:00:00+00:00,69814.0,70249.49
2019-12-04 13:00:00+00:00,68800.0,68954.914
2019-12-04 14:00:00+00:00,68937.0,68304.58
2019-12-04 15:00:00+00:00,69849.0,70455.18
2019-12-04 16:00:00+00:00,72714.0,72524.695
2019-12-04 17:00:00+00:00,72469.0,72165.46
2019-12-04 18:00:00+00:00,70786.0,70450.266
2019-12-04 19:00:00+00:00,67121.0,67440.92
2019-12-04 20:00:00+00:00,63972.0,64203.438
2019-12-04 21:00:00+00:00,61342.0,61440.523
2019-12-04 22:00:00+00:00,57883.0,57436.09
2019-12-04 23:00:00+00:00,55010.0,54933.03
2019-12-05 00:00:00+00:00,53493.0,53177.504
2019-12-05 01:00:00+00:00,52568.0,52869.645
2019-12-05 02:00:00+00:00,52589.0,52715.125
2019-12-05 03:00:00+00:00,53390.0,53453.63
2019-12-05 04:00:00+00:00,57084.0,55983.84
2019-12-05 05:00:00+00:00,64934.0,65200.066
2019-12-05 06:00:00+00:00,71077.0,71000.875
2019-12-05 07:00:00+00:00,72554.0,72827.836
2019-12-05 08:00:00+00:00,73076.0,72911.164
2019-12-05 09:00:00+00:00,73015.0,74223.06
2019-12-05 10:00:00+00:00,73058.0,73489.92
2019-12-05 11:00:00+00:00,72322.0,72606.555
2019-12-05 12:00:00+00:00,71699.0,71931.13
2019-12-05 13:00:00+00:00,71216.0,70953.766
2019-12-05 14:00:00+00:00,70826.0,70748.414
2019-12-05 15:00:00+00:00,72488.0,71481.375
2019-12-05 16:00:00+00:00,74882.0,75267.81
2019-12-05 17:00:00+00:00,74779.0,73802.695
2019-12-05 18:00:00+00:00,72557.0,72978.43
2019-12-05 19:00:00+00:00,68479.0,68922.93
2019-12-05 20:00:00+00:00,65043.0,65780.71
2019-12-05 21:00:00+00:00,62566.0,62673.13
2019-12-05 22:00:00+00:00,58521.0,58868.242
2019-12-05 23:00:00+00:00,55858.0,55581.977
2019-12-06 00:00:00+00:00,54285.0,54124.605
2019-12-06 01:00:00+00:00,53448.0,53538.836
2019-12-06 02:00:00+00:00,53612.0,53656.73
2019-12-06 03:00:00+00:00,54428.0,54647.75
2019-12-06 04:00:00+00:00,57320.0,57368.47
2019-12-06 05:00:00+00:00,65211.0,64616.117
2019-12-06 06:00:00+00:00,72143.0,71939.055
2019-12-06 07:00:00+00:00,73592.0,74028.51
2019-12-06 08:00:00+00:00,73397.0,73773.06
2019-12-06 09:00:00+00:00,73557.0,74380.79
2019-12-06 10:00:00+00:00,73952.0,74112.125
2019-12-06 11:00:00+00:00,72199.0,73500.32
2019-12-06 12:00:00+00:00,71676.0,71708.46
2019-12-06 13:00:00+00:00,70459.0,70913.56
2019-12-06 14:00:00+00:00,70102.0,70016.2
2019-12-06 15:00:00+00:00,71968.0,71380.805
2019-12-06 16:00:00+00:00,72918.0,74826.17
2019-12-06 17:00:00+00:00,71606.0,71934.85
2019-12-06 18:00:00+00:00,68925.0,70789.97
2019-12-06 19:00:00+00:00,65065.0,65376.184
2019-12-06 20:00:00+00:00,61724.0,62635.15
2019-12-06 21:00:00+00:00,58468.0,59157.07
2019-12-06 22:00:00+00:00,55239.0,54786.33
2019-12-06 23:00:00+00:00,52590.0,52722.383
2019-12-07 00:00:00+00:00,50194.0,50944.65
2019-12-07 01:00:00+00:00,48743.0,49419.742
2019-12-07 02:00:00+00:00,47916.0,48409.168
2019-12-07 03:00:00+00:00,47913.0,47651.875
2019-12-07 04:00:00+00:00,48277.0,47923.047
2019-12-07 05:00:00+00:00,49591.0,50296.984
2019-12-07 06:00:00+00:00,52972.0,53403.715
2019-12-07 07:00:00+00:00,55916.0,56858.086
2019-12-07 08:00:00+00:00,58502.0,58907.508
2019-12-07 09:00:00+00:00,60049.0,60348.8
2019-12-07 10:00:00+00:00,61163.0,61076.63
2019-12-07 11:00:00+00:00,60330.0,61078.574
2019-12-07 12:00:00+00:00,58896.0,58953.875
2019-12-07 13:00:00+00:00,56937.0,57671.633
2019-12-07 14:00:00+00:00,57210.0,56653.152
2019-12-07 15:00:00+00:00,59254.0,60558.05
2019-12-07 16:00:00+00:00,61671.0,62247.34
2019-12-07 17:00:00+00:00,61683.0,61698.723
2019-12-07 18:00:00+00:00,59508.0,60525.383
2019-12-07 19:00:00+00:00,55445.0,56163.316
2019-12-07 20:00:00+00:00,53084.0,53209.043
2019-12-07 21:00:00+00:00,51576.0,52243.223
2019-12-07 22:00:00+00:00,48962.0,48461.156
2019-12-07 23:00:00+00:00,45062.0,46032.676
2019-12-08 00:00:00+00:00,43304.0,43076.09
2019-12-08 01:00:00+00:00,42021.0,42301.69
2019-12-08 02:00:00+00:00,42252.0,41304.645
2019-12-08 03:00:00+00:00,43560.0,42203.832
2019-12-08 04:00:00+00:00,43818.0,44757.18
2019-12-08 05:00:00+00:00,44121.0,44552.203
2019-12-08 06:00:00+00:00,46496.0,47162.02
2019-12-08 07:00:00+00:00,49663.0,50047.65
2019-12-08 08:00:00+00:00,53256.0,52821.977
2019-12-08 09:00:00+00:00,56037.0,55524.84
2019-12-08 10:00:00+00:00,57906.0,57999.26
2019-12-08 11:00:00+00:00,58216.0,57631.53
2019-12-08 12:00:00+00:00,56874.0,56900.13
2019-12-08 13:00:00+00:00,55613.0,55757.527
2019-12-08 14:00:00+00:00,54422.0,55628.164
2019-12-08 15:00:00+00:00,56322.0,56076.5
2019-12-08 16:00:00+00:00,58617.0,60295.27
2019-12-08 17:00:00+00:00,58711.0,59325.45
2019-12-08 18:00:00+00:00,57302.0,57135.188
2019-12-08 19:00:00+00:00,54654.0,55173.582
2019-12-08 20:00:00+00:00,53318.0,52802.15
2019-12-08 21:00:00+00:00,52919.0,52480.492
2019-12-08 22:00:00+00:00,49536.0,49612.5
2019-12-08 23:00:00+00:00,47910.0,46507.926
2019-12-09 00:00:00+00:00,46273.0,46121.61
2019-12-09 01:00:00+00:00,45868.0,45370.973
2019-12-09 02:00:00+00:00,46543.0,46237.41
2019-12-09 03:00:00+00:00,48492.0,48154.586
2019-12-09 04:00:00+00:00,52693.0,52647.543
2019-12-09 05:00:00+00:00,60933.0,61154.234
2019-12-09 06:00:00+00:00,68850.0,66683.83
2019-12-09 07:00:00+00:00,71120.0,71701.234
2019-12-09 08:00:00+00:00,70974.0,72029.8
2019-12-09 09:00:00+00:00,72249.0,71968.0
2019-12-09 10:00:00+00:00,72246.0,73110.055
2019-12-09 11:00:00+00:00,72032.0,71860.15
2019-12-09 12:00:00+00:00,71901.0,71869.305
2019-12-09 13:00:00+00:00,71133.0,71427.71
2019-12-09 14:00:00+00:00,70241.0,70857.6
2019-12-09 15:00:00+00:00,71151.0,70761.6
2019-12-09 16:00:00+00:00,72920.0,74427.47
2019-12-09 17:00:00+00:00,72262.0,72890.92
2019-12-09 18:00:00+00:00,70105.0,71758.945
2019-12-09 19:00:00+00:00,66196.0,66854.59
2019-12-09 20:00:00+00:00,62053.0,63213.4
2019-12-09 21:00:00+00:00,58565.0,59228.766
2019-12-09 22:00:00+00:00,54730.0,54275.71
2019-12-09 23:00:00+00:00,52672.0,51534.375
2019-12-10 00:00:00+00:00,50384.0,51146.484
2019-12-10 01:00:00+00:00,49078.0,49495.87
2019-12-10 02:00:00+00:00,49609.0,49149.086
2019-12-10 03:00:00+00:00,51359.0,50620.438
2019-12-10 04:00:00+00:00,55177.0,55016.938
2019-12-10 05:00:00+00:00,63068.0,63431.07
2019-12-10 06:00:00+00:00,68652.0,69407.7
2019-12-10 07:00:00+00:00,70276.0,70516.59
2019-12-10 08:00:00+00:00,71300.0,70868.68
2019-12-10 09:00:00+00:00,71634.0,72587.57
2019-12-10 10:00:00+00:00,71248.0,72245.23
2019-12-10 11:00:00+00:00,70893.0,70869.92
2019-12-10 12:00:00+00:00,70656.0,70476.58
2019-12-10 13:00:00+00:00,70399.0,69979.266
2019-12-10 14:00:00+00:00,69542.0,69945.37
2019-12-10 15:00:00+00:00,71488.0,70700.73
2019-12-10 16:00:00+00:00,74604.0,73771.12
2019-12-10 17:00:00+00:00,74676.0,73207.77
2019-12-10 18:00:00+00:00,73224.0,72159.305
2019-12-10 19:00:00+00:00,69144.0,69592.4
2019-12-10 20:00:00+00:00,65278.0,66209.56
2019-12-10 21:00:00+00:00,61356.0,62896.58
2019-12-10 22:00:00+00:00,57524.0,57355.707
2019-12-10 23:00:00+00:00,54497.0,54684.51
2019-12-11 00:00:00+00:00,52569.0,52857.246
2019-12-11 01:00:00+00:00,51804.0,51966.965
2019-12-11 02:00:00+00:00,52697.0,52184.17
2019-12-11 03:00:00+00:00,53818.0,54311.957
2019-12-11 04:00:00+00:00,56544.0,57240.48
2019-12-11 05:00:00+00:00,63949.0,64099.28
2019-12-11 06:00:00+00:00,70952.0,70491.83
2019-12-11 07:00:00+00:00,73075.0,73240.2
2019-12-11 08:00:00+00:00,73128.0,73323.22
2019-12-11 09:00:00+00:00,73588.0,74043.14
2019-12-11 10:00:00+00:00,73948.0,74310.11
2019-12-11 11:00:00+00:00,73332.0,73606.43
2019-12-11 12:00:00+00:00,73016.0,73020.6
2019-12-11 13:00:00+00:00,72570.0,72355.68
2019-12-11 14:00:00+00:00,72490.0,72167.71
2019-12-11 15:00:00+00:00,73439.0,73182.12
2019-12-11 16:00:00+00:00,73815.0,76029.945
2019-12-11 17:00:00+00:00,73304.0,73483.766
2019-12-11 18:00:00+00:00,71500.0,72816.89
2019-12-11 19:00:00+00:00,67670.0,68286.195
2019-12-11 20:00:00+00:00,63768.0,64820.203
2019-12-11 21:00:00+00:00,61157.0,60989.793
2019-12-11 22:00:00+00:00,56829.0,57413.027
2019-12-11 23:00:00+00:00,53872.0,53709.934
2019-12-12 00:00:00+00:00,52013.0,52102.656
2019-12-12 01:00:00+00:00,51465.0,51260.035
2019-12-12 02:00:00+00:00,51045.0,51871.805
2019-12-12 03:00:00+00:00,51926.0,51692.117
2019-12-12 04:00:00+00:00,55864.0,54658.93
2019-12-12 05:00:00+00:00,63724.0,64777.76
2019-12-12 06:00:00+00:00,70299.0,70258.14
2019-12-12 07:00:00+00:00,72438.0,72374.99
2019-12-12 08:00:00+00:00,72723.0,72912.16
2019-12-12 09:00:00+00:00,72992.0,73840.49
2019-12-12 10:00:00+00:00,73830.0,73729.35
2019-12-12 11:00:00+00:00,73465.0,73549.74
2019-12-12 12:00:00+00:00,72928.0,73184.46
2019-12-12 13:00:00+00:00,71693.0,72277.07
2019-12-12 14:00:00+00:00,71156.0,71360.1
2019-12-12 15:00:00+00:00,72325.0,72526.4
2019-12-12 16:00:00+00:00,73320.0,75073.305
2019-12-12 17:00:00+00:00,73581.0,72580.8
2019-12-12 18:00:00+00:00,72534.0,72534.08
2019-12-12 19:00:00+00:00,69058.0,68852.6
2019-12-12 20:00:00+00:00,65309.0,66131.82
2019-12-12 21:00:00+00:00,61756.0,62579.707
2019-12-12 22:00:00+00:00,57541.0,57694.703
2019-12-12 23:00:00+00:00,53738.0,54340.957
2019-12-13 00:00:00+00:00,51842.0,51685.227
2019-12-13 01:00:00+00:00,50698.0,51086.52
2019-12-13 02:00:00+00:00,51403.0,50972.95
2019-12-13 03:00:00+00:00,52456.0,52889.055
2019-12-13 04:00:00+00:00,55442.0,55429.62
2019-12-13 05:00:00+00:00,62735.0,63561.246
2019-12-13 06:00:00+00:00,69990.0,69385.5
2019-12-13 07:00:00+00:00,72764.0,72770.13
2019-12-13 08:00:00+00:00,73014.0,73175.74
2019-12-13 09:00:00+00:00,73637.0,73922.336
2019-12-13 10:00:00+00:00,73349.0,74540.24
2019-12-13 11:00:00+00:00,71506.0,73041.95
2019-12-13 12:00:00+00:00,70022.0,71114.09
2019-12-13 13:00:00+00:00,68417.0,69271.555
2019-12-13 14:00:00+00:00,67855.0,67815.64
2019-12-13 15:00:00+00:00,69324.0,68481.16
2019-12-13 16:00:00+00:00,70245.0,72484.18
2019-12-13 17:00:00+00:00,68969.0,69553.02
2019-12-13 18:00:00+00:00,66936.0,67986.6
2019-12-13 19:00:00+00:00,63522.0,63620.727
2019-12-13 20:00:00+00:00,60725.0,60962.035
2019-12-13 21:00:00+00:00,57638.0,58336.277
2019-12-13 22:00:00+00:00,54069.0,53697.17
2019-12-13 23:00:00+00:00,50178.0,51055.8
2019-12-14 00:00:00+00:00,48033.0,48043.613
2019-12-14 01:00:00+00:00,46665.0,47253.242
2019-12-14 02:00:00+00:00,46500.0,46427.1
2019-12-14 03:00:00+00:00,47466.0,46869.31
2019-12-14 04:00:00+00:00,47749.0,48760.367
2019-12-14 05:00:00+00:00,48260.0,49707.293
2019-12-14 06:00:00+00:00,51694.0,52117.637
2019-12-14 07:00:00+00:00,55338.0,55617.504
2019-12-14 08:00:00+00:00,58267.0,58204.684
2019-12-14 09:00:00+00:00,60162.0,59974.098
2019-12-14 10:00:00+00:00,61678.0,61162.133
2019-12-14 11:00:00+00:00,61080.0,61475.793
2019-12-14 12:00:00+00:00,59811.0,59648.95
2019-12-14 13:00:00+00:00,58548.0,58676.4
2019-12-14 14:00:00+00:00,58108.0,58322.234
2019-12-14 15:00:00+00:00,59898.0,60146.996
2019-12-14 16:00:00+00:00,62353.0,62584.203
2019-12-14 17:00:00+00:00,61727.0,62317.14
2019-12-14 18:00:00+00:00,59614.0,60030.58
2019-12-14 19:00:00+00:00,55709.0,56690.31
2019-12-14 20:00:00+00:00,53494.0,53318.77
2019-12-14 21:00:00+00:00,52761.0,52731.668
2019-12-14 22:00:00+00:00,49855.0,49430.97
2019-12-14 23:00:00+00:00,46183.0,47004.297
2019-12-15 00:00:00+00:00,43556.0,44024.266
2019-12-15 01:00:00+00:00,42093.0,42239.63
2019-12-15 02:00:00+00:00,42143.0,41127.69
2019-12-15 03:00:00+00:00,42782.0,42199.836
2019-12-15 04:00:00+00:00,42918.0,43081.355
2019-12-15 05:00:00+00:00,43455.0,42888.152
2019-12-15 06:00:00+00:00,45934.0,47075.055
2019-12-15 07:00:00+00:00,49063.0,49632.1
2019-12-15 08:00:00+00:00,51879.0,52458.35
2019-12-15 09:00:00+00:00,53889.0,54198.984
2019-12-15 10:00:00+00:00,55991.0,55861.8
2019-12-15 11:00:00+00:00,56002.0,56352.156
2019-12-15 12:00:00+00:00,54208.0,54608.676
2019-12-15 13:00:00+00:00,52821.0,52817.117
2019-12-15 14:00:00+00:00,52556.0,52755.395
2019-12-15 15:00:00+00:00,55248.0,54940.89
2019-12-15 16:00:00+00:00,58589.0,59185.785
2019-12-15 17:00:00+00:00,58650.0,58650.113
2019-12-15 18:00:00+00:00,57088.0,57238.71
2019-12-15 19:00:00+00:00,54874.0,54694.18
2019-12-15 20:00:00+00:00,52985.0,53573.355
2019-12-15 21:00:00+00:00,52545.0,51905.125
2019-12-15 22:00:00+00:00,48914.0,49267.516
2019-12-15 23:00:00+00:00,45991.0,45763.293
2019-12-16 00:00:00+00:00,43845.0,44193.35
2019-12-16 01:00:00+00:00,43638.0,43091.21
2019-12-16 02:00:00+00:00,43842.0,44052.54
2019-12-16 03:00:00+00:00,45935.0,45281.527
2019-12-16 04:00:00+00:00,50081.0,49960.336
2019-12-16 05:00:00+00:00,59716.0,59264.98
2019-12-16 06:00:00+00:00,67049.0,66858.63
2019-12-16 07:00:00+00:00,69814.0,69674.445
2019-12-16 08:00:00+00:00,70026.0,70637.22
2019-12-16 09:00:00+00:00,70546.0,71150.31
2019-12-16 10:00:00+00:00,70195.0,71683.734
2019-12-16 11:00:00+00:00,69859.0,70024.5
2019-12-16 12:00:00+00:00,69840.0,69888.13
2019-12-16 13:00:00+00:00,68090.0,69389.78
2019-12-16 14:00:00+00:00,67452.0,67669.9
2019-12-16 15:00:00+00:00,68794.0,68431.81
2019-12-16 16:00:00+00:00,70176.0,72888.805
2019-12-16 17:00:00+00:00,69707.0,70324.64
2019-12-16 18:00:00+00:00,67864.0,69275.47
2019-12-16 19:00:00+00:00,64400.0,64438.875
2019-12-16 20:00:00+00:00,60818.0,61471.824
2019-12-16 21:00:00+00:00,57551.0,57558.562
2019-12-16 22:00:00+00:00,53420.0,53010.24
2019-12-16 23:00:00+00:00,49264.0,50035.816
2019-12-17 00:00:00+00:00,47391.0,47164.324
2019-12-17 01:00:00+00:00,46478.0,46632.88
2019-12-17 02:00:00+00:00,47459.0,46719.94
2019-12-17 03:00:00+00:00,48587.0,49265.664
2019-12-17 04:00:00+00:00,52109.0,51785.363
2019-12-17 05:00:00+00:00,60387.0,60560.977
2019-12-17 06:00:00+00:00,66665.0,66921.836
2019-12-17 07:00:00+00:00,68892.0,68922.67
2019-12-17 08:00:00+00:00,68370.0,69376.06
2019-12-17 09:00:00+00:00,68938.0,69505.836
2019-12-17 10:00:00+00:00,69659.0,69978.44
2019-12-17 11:00:00+00:00,69241.0,69251.625
2019-12-17 12:00:00+00:00,68206.0,68816.016
2019-12-17 13:00:00+00:00,67282.0,67290.06
2019-12-17 14:00:00+00:00,66904.0,66710.16
2019-12-17 15:00:00+00:00,68409.0,68124.05
2019-12-17 16:00:00+00:00,71229.0,71787.97
2019-12-17 17:00:00+00:00,70356.0,70235.46
2019-12-17 18:00:00+00:00,68871.0,68602.99
2019-12-17 19:00:00+00:00,64119.0,65448.023
2019-12-17 20:00:00+00:00,59560.0,60687.945
2019-12-17 21:00:00+00:00,56557.0,56625.91
2019-12-17 22:00:00+00:00,52719.0,52444.44
2019-12-17 23:00:00+00:00,49247.0,49541.492
2019-12-18 00:00:00+00:00,46887.0,47376.945
2019-12-18 01:00:00+00:00,46265.0,46072.793
2019-12-18 02:00:00+00:00,46254.0,46541.746
2019-12-18 03:00:00+00:00,47027.0,47130.957
2019-12-18 04:00:00+00:00,50602.0,49227.484
2019-12-18 05:00:00+00:00,60068.0,58717.793
2019-12-18 06:00:00+00:00,66432.0,67417.055
2019-12-18 07:00:00+00:00,68264.0,68603.484
2019-12-18 08:00:00+00:00,68627.0,68701.34
2019-12-18 09:00:00+00:00,68763.0,69857.484
2019-12-18 10:00:00+00:00,69074.0,69767.79
2019-12-18 11:00:00+00:00,68086.0,68668.266
2019-12-18 12:00:00+00:00,66995.0,67688.18
2019-12-18 13:00:00+00:00,66273.0,66130.45
2019-12-18 14:00:00+00:00,65231.0,65770.234
2019-12-18 15:00:00+00:00,66118.0,66673.22
2019-12-18 16:00:00+00:00,69429.0,69708.79
2019-12-18 17:00:00+00:00,69066.0,69062.375
2019-12-18 18:00:00+00:00,67111.0,67100.26
2019-12-18 19:00:00+00:00,63835.0,63855.82
2019-12-18 20:00:00+00:00,60041.0,60478.34
2019-12-18 21:00:00+00:00,56545.0,56928.504
2019-12-18 22:00:00+00:00,52508.0,52109.9
2019-12-18 23:00:00+00:00,49426.0,49102.855
2019-12-19 00:00:00+00:00,48051.0,47558.664
2019-12-19 01:00:00+00:00,47187.0,47427.184
2019-12-19 02:00:00+00:00,47798.0,47588.023
2019-12-19 03:00:00+00:00,49144.0,49304.953
2019-12-19 04:00:00+00:00,51960.0,52645.836
2019-12-19 05:00:00+00:00,59497.0,58383.14
2019-12-19 06:00:00+00:00,65812.0,65521.914
2019-12-19 07:00:00+00:00,67830.0,68195.17
2019-12-19 08:00:00+00:00,68383.0,68422.016
2019-12-19 09:00:00+00:00,67531.0,69720.695
2019-12-19 10:00:00+00:00,66654.0,68110.04
2019-12-19 11:00:00+00:00,65896.0,66127.53
2019-12-19 12:00:00+00:00,65546.0,65286.39
2019-12-19 13:00:00+00:00,64848.0,64669.387
2019-12-19 14:00:00+00:00,64603.0,64013.19
2019-12-19 15:00:00+00:00,66400.0,65176.137
2019-12-19 16:00:00+00:00,67929.0,69411.7
2019-12-19 17:00:00+00:00,67411.0,67665.6
2019-12-19 18:00:00+00:00,65522.0,65691.99
2019-12-19 19:00:00+00:00,61250.0,62411.105
2019-12-19 20:00:00+00:00,57415.0,58418.094
2019-12-19 21:00:00+00:00,54405.0,54920.246
2019-12-19 22:00:00+00:00,50645.0,50487.168
2019-12-19 23:00:00+00:00,47018.0,47706.98
2019-12-20 00:00:00+00:00,45818.0,45110.656
2019-12-20 01:00:00+00:00,44678.0,45272.613
2019-12-20 02:00:00+00:00,45397.0,44662.01
2019-12-20 03:00:00+00:00,46654.0,46985.527
2019-12-20 04:00:00+00:00,49982.0,49605.13
2019-12-20 05:00:00+00:00,56450.0,56532.027
2019-12-20 06:00:00+00:00,62185.0,61906.29
2019-12-20 07:00:00+00:00,64250.0,64810.285
2019-12-20 08:00:00+00:00,64563.0,64988.207
2019-12-20 09:00:00+00:00,64245.0,65883.46
2019-12-20 10:00:00+00:00,63920.0,64856.98
2019-12-20 11:00:00+00:00,63729.0,63309.24
2019-12-20 12:00:00+00:00,62240.0,62937.742
2019-12-20 13:00:00+00:00,61194.0,61203.39
2019-12-20 14:00:00+00:00,60585.0,60588.742
2019-12-20 15:00:00+00:00,61918.0,61782.44
2019-12-20 16:00:00+00:00,63139.0,65418.46
2019-12-20 17:00:00+00:00,62105.0,63545.887
2019-12-20 18:00:00+00:00,59828.0,61096.164
2019-12-20 19:00:00+00:00,56048.0,57288.246
2019-12-20 20:00:00+00:00,53235.0,53769.176
2019-12-20 21:00:00+00:00,51163.0,50856.25
2019-12-20 22:00:00+00:00,47149.0,47493.53
2019-12-20 23:00:00+00:00,43788.0,44001.29
2019-12-21 00:00:00+00:00,42015.0,41731.473
2019-12-21 01:00:00+00:00,41002.0,41083.41
2019-12-21 02:00:00+00:00,40393.0,40686.742
2019-12-21 03:00:00+00:00,41078.0,39585.82
2019-12-21 04:00:00+00:00,42449.0,41300.684
2019-12-21 05:00:00+00:00,43749.0,45467.56
2019-12-21 06:00:00+00:00,46736.0,46935.2
2019-12-21 07:00:00+00:00,50934.0,50506.645
2019-12-21 08:00:00+00:00,54544.0,53728.64
2019-12-21 09:00:00+00:00,55375.0,56572.48
2019-12-21 10:00:00+00:00,55685.0,56286.156
2019-12-21 11:00:00+00:00,56355.0,54899.797
2019-12-21 12:00:00+00:00,54847.0,55165.387
2019-12-21 13:00:00+00:00,53762.0,53641.2
2019-12-21 14:00:00+00:00,54384.0,53727.66
2019-12-21 15:00:00+00:00,56317.0,56104.31
2019-12-21 16:00:00+00:00,58472.0,58347.09
2019-12-21 17:00:00+00:00,58479.0,57924.55
2019-12-21 18:00:00+00:00,56334.0,56958.34
2019-12-21 19:00:00+00:00,53441.0,53643.11
2019-12-21 20:00:00+00:00,50812.0,51782.457
2019-12-21 21:00:00+00:00,49168.0,48597.438
2019-12-21 22:00:00+00:00,46142.0,45935.098
2019-12-21 23:00:00+00:00,43943.0,43375.98
2019-12-22 00:00:00+00:00,41988.0,42231.844
2019-12-22 01:00:00+00:00,41441.0,41069.137
2019-12-22 02:00:00+00:00,40462.0,41525.36
2019-12-22 03:00:00+00:00,40720.0,40229.67
2019-12-22 04:00:00+00:00,40691.0,40881.79
2019-12-22 05:00:00+00:00,40029.0,41275.105
2019-12-22 06:00:00+00:00,41519.0,41681.7
2019-12-22 07:00:00+00:00,45326.0,44966.875
2019-12-22 08:00:00+00:00,48277.0,48635.85
2019-12-22 09:00:00+00:00,49796.0,50927.703
2019-12-22 10:00:00+00:00,52680.0,52070.45
2019-12-22 11:00:00+00:00,53650.0,52436.24
2019-12-22 12:00:00+00:00,51962.0,52249.17
2019-12-22 13:00:00+00:00,50145.0,50583.97
2019-12-22 14:00:00+00:00,49778.0,49532.125
2019-12-22 15:00:00+00:00,52493.0,51208.79
2019-12-22 16:00:00+00:00,54146.0,57137.4
2019-12-22 17:00:00+00:00,54401.0,55201.875
2019-12-22 18:00:00+00:00,53249.0,54641.867
2019-12-22 19:00:00+00:00,51150.0,51969.656
2019-12-22 20:00:00+00:00,49440.0,49917.91
2019-12-22 21:00:00+00:00,48879.0,49160.758
2019-12-22 22:00:00+00:00,45584.0,45725.754
2019-12-22 23:00:00+00:00,42873.0,42566.57
2019-12-23 00:00:00+00:00,40481.0,40806.746
2019-12-23 01:00:00+00:00,39379.0,39430.12
2019-12-23 02:00:00+00:00,39520.0,39283.508
2019-12-23 03:00:00+00:00,40995.0,40455.94
2019-12-23 04:00:00+00:00,43541.0,43593.75
2019-12-23 05:00:00+00:00,46254.0,48726.28
2019-12-23 06:00:00+00:00,50542.0,51095.867
2019-12-23 07:00:00+00:00,53556.0,54381.92
2019-12-23 08:00:00+00:00,54644.0,55924.316
2019-12-23 09:00:00+00:00,55426.0,56132.9
2019-12-23 10:00:00+00:00,57265.0,56754.91
2019-12-23 11:00:00+00:00,57600.0,57473.46
2019-12-23 12:00:00+00:00,56570.0,56511.594
2019-12-23 13:00:00+00:00,55832.0,55450.25
2019-12-23 14:00:00+00:00,55411.0,55628.266
2019-12-23 15:00:00+00:00,56626.0,56953.727
2019-12-23 16:00:00+00:00,58740.0,60126.38
2019-12-23 17:00:00+00:00,58524.0,58969.98
2019-12-23 18:00:00+00:00,56130.0,56897.938
2019-12-23 19:00:00+00:00,52803.0,53145.902
2019-12-23 20:00:00+00:00,50452.0,50791.52
2019-12-23 21:00:00+00:00,49002.0,48493.715
2019-12-23 22:00:00+00:00,44716.0,45547.137
2019-12-23 23:00:00+00:00,40855.0,41500.465
2019-12-24 00:00:00+00:00,38464.0,38472.098
2019-12-24 01:00:00+00:00,38522.0,36982.805
2019-12-24 02:00:00+00:00,38338.0,38534.773
2019-12-24 03:00:00+00:00,39424.0,38728.926
2019-12-24 04:00:00+00:00,40143.0,40232.266
2019-12-24 05:00:00+00:00,40891.0,42301.004
2019-12-24 06:00:00+00:00,43663.0,43744.98
2019-12-24 07:00:00+00:00,46943.0,47591.207
2019-12-24 08:00:00+00:00,49983.0,49783.11
2019-12-24 09:00:00+00:00,53025.0,52096.785
2019-12-24 10:00:00+00:00,54143.0,55096.33
2019-12-24 11:00:00+00:00,53570.0,53264.105
2019-12-24 12:00:00+00:00,52648.0,51849.3
2019-12-24 13:00:00+00:00,50824.0,51765.87
2019-12-24 14:00:00+00:00,49480.0,50624.6
2019-12-24 15:00:00+00:00,50463.0,51400.746
2019-12-24 16:00:00+00:00,52307.0,52985.945
2019-12-24 17:00:00+00:00,51401.0,53651.957
2019-12-24 18:00:00+00:00,48656.0,50652.02
2019-12-24 19:00:00+00:00,46142.0,46879.39
2019-12-24 20:00:00+00:00,45424.0,45530.496
2019-12-24 21:00:00+00:00,44771.0,44082.613
2019-12-24 22:00:00+00:00,42702.0,41840.9
2019-12-24 23:00:00+00:00,40561.0,40090.523
2019-12-25 00:00:00+00:00,38223.0,38646.15
2019-12-25 01:00:00+00:00,36936.0,36921.727
2019-12-25 02:00:00+00:00,36637.0,36382.332
2019-12-25 03:00:00+00:00,36614.0,36692.49
2019-12-25 04:00:00+00:00,37078.0,36220.0
2019-12-25 05:00:00+00:00,37024.0,38770.133
2019-12-25 06:00:00+00:00,38634.0,39188.0
2019-12-25 07:00:00+00:00,41955.0,41838.473
2019-12-25 08:00:00+00:00,46241.0,45018.625
2019-12-25 09:00:00+00:00,48911.0,48965.355
2019-12-25 10:00:00+00:00,50798.0,51228.68
2019-12-25 11:00:00+00:00,50512.0,50191.96
2019-12-25 12:00:00+00:00,47742.0,48750.566
2019-12-25 13:00:00+00:00,46317.0,46291.336
2019-12-25 14:00:00+00:00,45547.0,46794.914
2019-12-25 15:00:00+00:00,45486.0,47121.09
2019-12-25 16:00:00+00:00,47631.0,47079.77
2019-12-25 17:00:00+00:00,48297.0,49097.94
2019-12-25 18:00:00+00:00,47359.0,48341.453
2019-12-25 19:00:00+00:00,45470.0,46263.68
2019-12-25 20:00:00+00:00,44323.0,45127.695
2019-12-25 21:00:00+00:00,43864.0,44194.66
2019-12-25 22:00:00+00:00,42040.0,40877.812
2019-12-25 23:00:00+00:00,38605.0,39583.27
2019-12-26 00:00:00+00:00,36909.0,36462.406
2019-12-26 01:00:00+00:00,36332.0,35969.574
2019-12-26 02:00:00+00:00,36001.0,36133.184
2019-12-26 03:00:00+00:00,36971.0,36679.906
2019-12-26 04:00:00+00:00,36983.0,38954.71
2019-12-26 05:00:00+00:00,36841.0,36914.78
2019-12-26 06:00:00+00:00,38525.0,39371.17
2019-12-26 07:00:00+00:00,41091.0,42360.59
2019-12-26 08:00:00+00:00,44267.0,44085.12
2019-12-26 09:00:00+00:00,46808.0,46828.445
2019-12-26 10:00:00+00:00,48752.0,49474.297
2019-12-26 11:00:00+00:00,48859.0,48914.355
2019-12-26 12:00:00+00:00,47162.0,47119.973
2019-12-26 13:00:00+00:00,45890.0,45824.64
2019-12-26 14:00:00+00:00,45970.0,45435.047
2019-12-26 15:00:00+00:00,47567.0,46785.145
2019-12-26 16:00:00+00:00,49325.0,49659.246
2019-12-26 17:00:00+00:00,49152.0,49857.73
2019-12-26 18:00:00+00:00,48165.0,48490.19
2019-12-26 19:00:00+00:00,46401.0,47368.19
2019-12-26 20:00:00+00:00,46178.0,45888.66
2019-12-26 21:00:00+00:00,45993.0,45063.258
2019-12-26 22:00:00+00:00,42662.0,43057.418
2019-12-26 23:00:00+00:00,39888.0,40048.445
2019-12-27 00:00:00+00:00,38475.0,38125.5
2019-12-27 01:00:00+00:00,37791.0,37828.363
2019-12-27 02:00:00+00:00,37799.0,38112.8
2019-12-27 03:00:00+00:00,38745.0,39115.68
2019-12-27 04:00:00+00:00,39944.0,41442.203
2019-12-27 05:00:00+00:00,42398.0,43010.63
2019-12-27 06:00:00+00:00,46574.0,46978.973
2019-12-27 07:00:00+00:00,50036.0,50518.188
2019-12-27 08:00:00+00:00,52587.0,52832.145
2019-12-27 09:00:00+00:00,54000.0,54954.59
2019-12-27 10:00:00+00:00,54759.0,55345.457
2019-12-27 11:00:00+00:00,55273.0,54347.766
2019-12-27 12:00:00+00:00,54667.0,54577.707
2019-12-27 13:00:00+00:00,53887.0,54042.336
2019-12-27 14:00:00+00:00,53753.0,53718.03
2019-12-27 15:00:00+00:00,55131.0,54628.152
2019-12-27 16:00:00+00:00,57337.0,56688.727
2019-12-27 17:00:00+00:00,56762.0,57824.246
2019-12-27 18:00:00+00:00,55187.0,55220.945
2019-12-27 19:00:00+00:00,51828.0,52685.39
2019-12-27 20:00:00+00:00,49501.0,50347.633
2019-12-27 21:00:00+00:00,48037.0,47347.89
2019-12-27 22:00:00+00:00,45266.0,44813.79
2019-12-27 23:00:00+00:00,42462.0,42431.3
2019-12-28 00:00:00+00:00,40814.0,40314.87
2019-12-28 01:00:00+00:00,40342.0,39642.29
2019-12-28 02:00:00+00:00,40202.0,40258.668
2019-12-28 03:00:00+00:00,40883.0,40820.703
2019-12-28 04:00:00+00:00,41089.0,41941.543
2019-12-28 05:00:00+00:00,41373.0,42659.895
2019-12-28 06:00:00+00:00,43751.0,44067.496
2019-12-28 07:00:00+00:00,46965.0,47163.957
2019-12-28 08:00:00+00:00,50213.0,49770.98
2019-12-28 09:00:00+00:00,50682.0,52859.605
2019-12-28 10:00:00+00:00,51465.0,51834.33
2019-12-28 11:00:00+00:00,51386.0,50489.27
2019-12-28 12:00:00+00:00,50320.0,50050.68
2019-12-28 13:00:00+00:00,49026.0,49460.508
2019-12-28 14:00:00+00:00,49858.0,48872.234
2019-12-28 15:00:00+00:00,52455.0,52098.715
2019-12-28 16:00:00+00:00,55652.0,55522.5
2019-12-28 17:00:00+00:00,55695.0,55955.02
2019-12-28 18:00:00+00:00,54137.0,54338.168
2019-12-28 19:00:00+00:00,51244.0,52428.53
2019-12-28 20:00:00+00:00,49084.0,50296.883
2019-12-28 21:00:00+00:00,47918.0,46315.64
2019-12-28 22:00:00+00:00,44642.0,45387.08
2019-12-28 23:00:00+00:00,42135.0,42413.84
2019-12-29 00:00:00+00:00,40202.0,40971.234
2019-12-29 01:00:00+00:00,40075.0,39578.543
2019-12-29 02:00:00+00:00,39498.0,40504.5
2019-12-29 03:00:00+00:00,39325.0,39414.754
2019-12-29 04:00:00+00:00,39090.0,39047.67
2019-12-29 05:00:00+00:00,38272.0,40083.414
2019-12-29 06:00:00+00:00,39156.0,40223.02
2019-12-29 07:00:00+00:00,41759.0,42255.84
2019-12-29 08:00:00+00:00,44765.0,45192.266
2019-12-29 09:00:00+00:00,46032.0,47491.793
2019-12-29 10:00:00+00:00,48260.0,48616.047
2019-12-29 11:00:00+00:00,49349.0,48396.137
2019-12-29 12:00:00+00:00,47541.0,48193.49
2019-12-29 13:00:00+00:00,46312.0,46090.266
2019-12-29 14:00:00+00:00,46671.0,45969.17
2019-12-29 15:00:00+00:00,49244.0,48109.45
2019-12-29 16:00:00+00:00,52332.0,52901.766
2019-12-29 17:00:00+00:00,52958.0,53375.88
2019-12-29 18:00:00+00:00,51943.0,52716.617
2019-12-29 19:00:00+00:00,49806.0,50692.613
2019-12-29 20:00:00+00:00,48362.0,48632.17
2019-12-29 21:00:00+00:00,47950.0,48006.926
2019-12-29 22:00:00+00:00,45146.0,44967.65
2019-12-29 23:00:00+00:00,43026.0,42607.633
2019-12-30 00:00:00+00:00,41138.0,41578.73
2019-12-30 01:00:00+00:00,40026.0,40599.08
2019-12-30 02:00:00+00:00,40194.0,40283.414
2019-12-30 03:00:00+00:00,41114.0,41479.133
2019-12-30 04:00:00+00:00,42845.0,43571.75
2019-12-30 05:00:00+00:00,45099.0,46922.184
2019-12-30 06:00:00+00:00,48828.0,49625.906
2019-12-30 07:00:00+00:00,51706.0,52258.867
2019-12-30 08:00:00+00:00,53959.0,54294.96
2019-12-30 09:00:00+00:00,53475.0,55872.02
2019-12-30 10:00:00+00:00,53629.0,54259.918
2019-12-30 11:00:00+00:00,54139.0,53668.555
2019-12-30 12:00:00+00:00,52653.0,53806.496
2019-12-30 13:00:00+00:00,52431.0,51551.082
2019-12-30 14:00:00+00:00,52719.0,52473.832
2019-12-30 15:00:00+00:00,54457.0,54034.59
2019-12-30 16:00:00+00:00,58272.0,56294.11
2019-12-30 17:00:00+00:00,58564.0,58422.598
2019-12-30 18:00:00+00:00,56927.0,56359.793
2019-12-30 19:00:00+00:00,53959.0,55219.76
2019-12-30 20:00:00+00:00,51937.0,53009.754
2019-12-30 21:00:00+00:00,50574.0,48933.22
2019-12-30 22:00:00+00:00,47382.0,47753.46
2019-12-30 23:00:00+00:00,44018.0,45062.168
2019-12-31 00:00:00+00:00,42023.0,42397.21
2019-12-31 01:00:00+00:00,40856.0,41246.17
2019-12-31 02:00:00+00:00,40388.0,40517.93
2019-12-31 03:00:00+00:00,40835.0,39923.184
2019-12-31 04:00:00+00:00,41447.0,41481.45
2019-12-31 05:00:00+00:00,41596.0,43662.883
2019-12-31 06:00:00+00:00,44124.0,44235.137
2019-12-31 07:00:00+00:00,46802.0,47298.023
2019-12-31 08:00:00+00:00,49456.0,50022.633
2019-12-31 09:00:00+00:00,50937.0,51574.152
2019-12-31 10:00:00+00:00,52026.0,52858.34
2019-12-31 11:00:00+00:00,52394.0,52183.457
2019-12-31 12:00:00+00:00,50637.0,51329.09
2019-12-31 13:00:00+00:00,49459.0,49236.6
2019-12-31 14:00:00+00:00,49378.0,49217.344
2019-12-31 15:00:00+00:00,51219.0,50833.844
2019-12-31 16:00:00+00:00,53428.0,54036.895
2019-12-31 17:00:00+00:00,52637.0,54247.53
2019-12-31 18:00:00+00:00,50151.0,51303.516
2019-12-31 19:00:00+00:00,47493.0,48653.293
2019-12-31 20:00:00+00:00,45842.0,46837.35
2019-12-31 21:00:00+00:00,45501.0,44037.027
2019-12-31 22:00:00+00:00,43969.0,43002.992
2019-12-31 23:00:00+00:00,42335.0,41651.625
2020-01-01 00:00:00+00:00,41187.0,41002.37
2020-01-01 01:00:00+00:00,40398.0,40871.086
2020-01-01 02:00:00+00:00,38919.0,40634.9
2020-01-01 03:00:00+00:00,38879.0,37643.473
2020-01-01 04:00:00+00:00,39162.0,38533.37
2020-01-01 05:00:00+00:00,37510.0,41396.258
2020-01-01 06:00:00+00:00,37892.0,38386.414
2020-01-01 07:00:00+00:00,38677.0,39665.15
2020-01-01 08:00:00+00:00,41091.0,40624.188
2020-01-01 09:00:00+00:00,43094.0,43537.184
2020-01-01 10:00:00+00:00,45249.0,44899.055
2020-01-01 11:00:00+00:00,46498.0,45519.168
2020-01-01 12:00:00+00:00,46328.0,46117.043
2020-01-01 13:00:00+00:00,45115.0,45990.746
2020-01-01 14:00:00+00:00,45039.0,45081.363
2020-01-01 15:00:00+00:00,47313.0,46828.625
2020-01-01 16:00:00+00:00,51194.0,49721.793
2020-01-01 17:00:00+00:00,51755.0,51941.855
2020-01-01 18:00:00+00:00,50732.0,50321.363
2020-01-01 19:00:00+00:00,48591.0,49064.934
2020-01-01 20:00:00+00:00,47664.0,46982.117
2020-01-01 21:00:00+00:00,46994.0,47569.85
2020-01-01 22:00:00+00:00,44105.0,44112.465
2020-01-01 23:00:00+00:00,42547.0,41816.242
2020-01-02 00:00:00+00:00,41194.0,41074.055
2020-01-02 01:00:00+00:00,40773.0,40785.938
2020-01-02 02:00:00+00:00,40795.0,41568.508
2020-01-02 03:00:00+00:00,41774.0,42604.402
2020-01-02 04:00:00+00:00,43961.0,45239.883
2020-01-02 05:00:00+00:00,47850.0,49777.934
2020-01-02 06:00:00+00:00,52828.0,52779.2
2020-01-02 07:00:00+00:00,56329.0,56883.25
2020-01-02 08:00:00+00:00,58780.0,58503.54
2020-01-02 09:00:00+00:00,59588.0,60780.832
2020-01-02 10:00:00+00:00,60169.0,60500.797
2020-01-02 11:00:00+00:00,60786.0,60241.473
2020-01-02 12:00:00+00:00,60272.0,60465.164
2020-01-02 13:00:00+00:00,59483.0,59671.613
2020-01-02 14:00:00+00:00,59173.0,59208.145
2020-01-02 15:00:00+00:00,60091.0,60243.152
2020-01-02 16:00:00+00:00,62599.0,62577.805
2020-01-02 17:00:00+00:00,62923.0,63450.15
2020-01-02 18:00:00+00:00,61932.0,61264.45
2020-01-02 19:00:00+00:00,58422.0,59678.457
2020-01-02 20:00:00+00:00,55661.0,56436.062
2020-01-02 21:00:00+00:00,54103.0,53189.207
2020-01-02 22:00:00+00:00,50732.0,50718.5
2020-01-02 23:00:00+00:00,47641.0,47673.023
2020-01-03 00:00:00+00:00,46071.0,45397.516
2020-01-03 01:00:00+00:00,45485.0,44902.426
2020-01-03 02:00:00+00:00,45301.0,45596.273
2020-01-03 03:00:00+00:00,46070.0,46298.973
2020-01-03 04:00:00+00:00,47894.0,47930.875
2020-01-03 05:00:00+00:00,51787.0,52416.316
2020-01-03 06:00:00+00:00,55935.0,56597.94
2020-01-03 07:00:00+00:00,59496.0,59042.48
2020-01-03 08:00:00+00:00,60888.0,61371.613
2020-01-03 09:00:00+00:00,61751.0,62151.81
2020-01-03 10:00:00+00:00,63204.0,62814.348
2020-01-03 11:00:00+00:00,63230.0,63343.01
2020-01-03 12:00:00+00:00,61575.0,62360.52
2020-01-03 13:00:00+00:00,60449.0,60409.01
2020-01-03 14:00:00+00:00,59983.0,59941.39
2020-01-03 15:00:00+00:00,60757.0,61176.074
2020-01-03 16:00:00+00:00,62491.0,62220.34
2020-01-03 17:00:00+00:00,62157.0,62416.24
2020-01-03 18:00:00+00:00,60931.0,60380.758
2020-01-03 19:00:00+00:00,56910.0,58040.387
2020-01-03 20:00:00+00:00,53806.0,54358.77
2020-01-03 21:00:00+00:00,52540.0,51735.816
2020-01-03 22:00:00+00:00,49359.0,48998.52
2020-01-03 23:00:00+00:00,46773.0,46425.03
2020-01-04 00:00:00+00:00,45003.0,44756.754
2020-01-04 01:00:00+00:00,44345.0,44033.086
2020-01-04 02:00:00+00:00,43801.0,44378.258
2020-01-04 03:00:00+00:00,44501.0,43761.926
2020-01-04 04:00:00+00:00,45049.0,45239.383
2020-01-04 05:00:00+00:00,46138.0,46981.047
2020-01-04 06:00:00+00:00,48876.0,49285.53
2020-01-04 07:00:00+00:00,51876.0,52292.582
2020-01-04 08:00:00+00:00,55337.0,54547.38
2020-01-04 09:00:00+00:00,57584.0,57590.43
2020-01-04 10:00:00+00:00,59443.0,58675.582
2020-01-04 11:00:00+00:00,59873.0,58790.844
2020-01-04 12:00:00+00:00,58499.0,58684.01
2020-01-04 13:00:00+00:00,57624.0,57470.727
2020-01-04 14:00:00+00:00,56651.0,57684.434
2020-01-04 15:00:00+00:00,58144.0,58184.375
2020-01-04 16:00:00+00:00,60436.0,61222.51
2020-01-04 17:00:00+00:00,59971.0,61484.723
2020-01-04 18:00:00+00:00,58093.0,58265.45
2020-01-04 19:00:00+00:00,54603.0,55812.51
2020-01-04 20:00:00+00:00,52028.0,52610.938
2020-01-04 21:00:00+00:00,50722.0,50601.586
2020-01-04 22:00:00+00:00,47994.0,47073.215
2020-01-04 23:00:00+00:00,44880.0,45201.453
2020-01-05 00:00:00+00:00,42638.0,42556.098
2020-01-05 01:00:00+00:00,41865.0,41324.637
2020-01-05 02:00:00+00:00,40752.0,41497.617
2020-01-05 03:00:00+00:00,40754.0,40184.363
2020-01-05 04:00:00+00:00,40409.0,40166.734
2020-01-05 05:00:00+00:00,39751.0,39792.746
2020-01-05 06:00:00+00:00,41953.0,41500.277
2020-01-05 07:00:00+00:00,43752.0,45559.152
2020-01-05 08:00:00+00:00,47044.0,47184.31
2020-01-05 09:00:00+00:00,50397.0,49958.43
2020-01-05 10:00:00+00:00,52744.0,53457.086
2020-01-05 11:00:00+00:00,52825.0,52884.133
2020-01-05 12:00:00+00:00,51568.0,51129.785
2020-01-05 13:00:00+00:00,50470.0,50354.914
2020-01-05 14:00:00+00:00,50177.0,50287.336
2020-01-05 15:00:00+00:00,51651.0,51822.156
2020-01-05 16:00:00+00:00,55601.0,55598.617
2020-01-05 17:00:00+00:00,56412.0,57546.81
2020-01-05 18:00:00+00:00,54808.0,55079.633
2020-01-05 19:00:00+00:00,52478.0,53355.33
2020-01-05 20:00:00+00:00,50972.0,51153.207
2020-01-05 21:00:00+00:00,50438.0,51115.457
2020-01-05 22:00:00+00:00,47398.0,47330.195
2020-01-05 23:00:00+00:00,45225.0,44612.312
2020-01-06 00:00:00+00:00,43646.0,43489.953
2020-01-06 01:00:00+00:00,42812.0,43092.508
2020-01-06 02:00:00+00:00,43212.0,43232.695
2020-01-06 03:00:00+00:00,44464.0,44766.01
2020-01-06 04:00:00+00:00,47111.0,47913.48
2020-01-06 05:00:00+00:00,51821.0,53359.875
2020-01-06 06:00:00+00:00,57075.0,57624.484
2020-01-06 07:00:00+00:00,59509.0,60599.363
2020-01-06 08:00:00+00:00,61130.0,61188.86
2020-01-06 09:00:00+00:00,62336.0,62645.51
2020-01-06 10:00:00+00:00,63191.0,63444.016
2020-01-06 11:00:00+00:00,63404.0,63050.984
2020-01-06 12:00:00+00:00,62372.0,62812.066
2020-01-06 13:00:00+00:00,61577.0,61475.473
2020-01-06 14:00:00+00:00,61264.0,61269.51
2020-01-06 15:00:00+00:00,62276.0,62481.914
2020-01-06 16:00:00+00:00,66018.0,65412.08
2020-01-06 17:00:00+00:00,66215.0,67258.78
2020-01-06 18:00:00+00:00,64831.0,64051.855
2020-01-06 19:00:00+00:00,61350.0,61945.594
2020-01-06 20:00:00+00:00,58821.0,58883.695
2020-01-06 21:00:00+00:00,56577.0,56681.973
2020-01-06 22:00:00+00:00,52904.0,52709.043
2020-01-06 23:00:00+00:00,50708.0,49931.074
2020-01-07 00:00:00+00:00,49617.0,49035.72
2020-01-07 01:00:00+00:00,48105.0,48991.336
2020-01-07 02:00:00+00:00,48553.0,48230.33
2020-01-07 03:00:00+00:00,50054.0,49719.5
2020-01-07 04:00:00+00:00,53241.0,53582.01
2020-01-07 05:00:00+00:00,60420.0,60055.695
2020-01-07 06:00:00+00:00,66527.0,65978.77
2020-01-07 07:00:00+00:00,69198.0,69169.96
2020-01-07 08:00:00+00:00,69408.0,70106.48
2020-01-07 09:00:00+00:00,69896.0,70713.14
2020-01-07 10:00:00+00:00,70089.0,70900.77
2020-01-07 11:00:00+00:00,69367.0,69778.56
2020-01-07 12:00:00+00:00,69465.0,68976.63
2020-01-07 13:00:00+00:00,68854.0,68733.81
2020-01-07 14:00:00+00:00,68089.0,68148.27
2020-01-07 15:00:00+00:00,68574.0,67904.88
2020-01-07 16:00:00+00:00,70914.0,70276.266
2020-01-07 17:00:00+00:00,70678.0,72167.586
2020-01-07 18:00:00+00:00,68990.0,68653.93
2020-01-07 19:00:00+00:00,65235.0,65987.03
2020-01-07 20:00:00+00:00,61997.0,62509.62
2020-01-07 21:00:00+00:00,59030.0,59651.55
2020-01-07 22:00:00+00:00,55343.0,54939.508
2020-01-07 23:00:00+00:00,52694.0,52191.523
2020-01-08 00:00:00+00:00,51190.0,50822.707
2020-01-08 01:00:00+00:00,50408.0,50514.633
2020-01-08 02:00:00+00:00,50721.0,50691.598
2020-01-08 03:00:00+00:00,51913.0,51762.484
2020-01-08 04:00:00+00:00,55302.0,54957.188
2020-01-08 05:00:00+00:00,62244.0,62627.05
2020-01-08 06:00:00+00:00,68822.0,67920.57
2020-01-08 07:00:00+00:00,71946.0,70998.93
2020-01-08 08:00:00+00:00,71865.0,72587.586
2020-01-08 09:00:00+00:00,72733.0,72882.92
2020-01-08 10:00:00+00:00,72968.0,73382.9
2020-01-08 11:00:00+00:00,72631.0,72570.27
2020-01-08 12:00:00+00:00,72026.0,72176.18
2020-01-08 13:00:00+00:00,70681.0,71282.68
2020-01-08 14:00:00+00:00,69730.0,70062.43
2020-01-08 15:00:00+00:00,69481.0,69952.86
2020-01-08 16:00:00+00:00,70845.0,72391.055
2020-01-08 17:00:00+00:00,70154.0,71727.984
2020-01-08 18:00:00+00:00,68281.0,69598.19
2020-01-08 19:00:00+00:00,64280.0,65242.695
2020-01-08 20:00:00+00:00,60510.0,61403.56
2020-01-08 21:00:00+00:00,57516.0,57985.96
2020-01-08 22:00:00+00:00,53153.0,53633.535
2020-01-08 23:00:00+00:00,49321.0,50004.684
2020-01-09 00:00:00+00:00,47328.0,47308.473
2020-01-09 01:00:00+00:00,47093.0,46549.156
2020-01-09 02:00:00+00:00,47423.0,47605.016
2020-01-09 03:00:00+00:00,49340.0,48808.504
2020-01-09 04:00:00+00:00,53630.0,53341.117
2020-01-09 05:00:00+00:00,62225.0,62312.543
2020-01-09 06:00:00+00:00,67998.0,68664.96
2020-01-09 07:00:00+00:00,70414.0,69703.55
2020-01-09 08:00:00+00:00,70887.0,70996.82
2020-01-09 09:00:00+00:00,71590.0,72151.58
2020-01-09 10:00:00+00:00,71614.0,72275.72
2020-01-09 11:00:00+00:00,71362.0,71173.97
2020-01-09 12:00:00+00:00,71486.0,70940.02
2020-01-09 13:00:00+00:00,69632.0,70694.805
2020-01-09 14:00:00+00:00,69401.0,68964.58
2020-01-09 15:00:00+00:00,69773.0,70412.56
2020-01-09 16:00:00+00:00,71947.0,72657.89
2020-01-09 17:00:00+00:00,71568.0,71766.21
2020-01-09 18:00:00+00:00,69564.0,70151.945
2020-01-09 19:00:00+00:00,65861.0,66211.5
2020-01-09 20:00:00+00:00,61967.0,62679.676
2020-01-09 21:00:00+00:00,58188.0,58620.258
2020-01-09 22:00:00+00:00,53910.0,53786.285
2020-01-09 23:00:00+00:00,50482.0,50818.68
2020-01-10 00:00:00+00:00,48974.0,48776.902
2020-01-10 01:00:00+00:00,48278.0,48507.336
2020-01-10 02:00:00+00:00,48894.0,48822.35
2020-01-10 03:00:00+00:00,50609.0,50512.37
2020-01-10 04:00:00+00:00,53695.0,54731.33
2020-01-10 05:00:00+00:00,61106.0,61191.426
2020-01-10 06:00:00+00:00,67378.0,67328.98
2020-01-10 07:00:00+00:00,69467.0,69589.74
2020-01-10 08:00:00+00:00,70008.0,69951.78
2020-01-10 09:00:00+00:00,70376.0,71160.445
2020-01-10 10:00:00+00:00,70851.0,71104.39
2020-01-10 11:00:00+00:00,71042.0,70458.66
2020-01-10 12:00:00+00:00,69500.0,70615.47
2020-01-10 13:00:00+00:00,67450.0,68634.91
2020-01-10 14:00:00+00:00,66332.0,66773.35
2020-01-10 15:00:00+00:00,67454.0,67302.0
2020-01-10 16:00:00+00:00,69927.0,71341.71
2020-01-10 17:00:00+00:00,68139.0,69646.664
2020-01-10 18:00:00+00:00,66318.0,67110.555
2020-01-10 19:00:00+00:00,62815.0,63381.207
2020-01-10 20:00:00+00:00,59254.0,59954.355
2020-01-10 21:00:00+00:00,56431.0,56623.055
2020-01-10 22:00:00+00:00,52862.0,52447.7
2020-01-10 23:00:00+00:00,49440.0,49733.855
2020-01-11 00:00:00+00:00,47310.0,47418.875
2020-01-11 01:00:00+00:00,46697.0,46478.613
2020-01-11 02:00:00+00:00,46844.0,46942.844
2020-01-11 03:00:00+00:00,47081.0,47800.746
2020-01-11 04:00:00+00:00,46142.0,47984.316
2020-01-11 05:00:00+00:00,47339.0,46912.547
2020-01-11 06:00:00+00:00,50285.0,51285.895
2020-01-11 07:00:00+00:00,53197.0,53895.316
2020-01-11 08:00:00+00:00,56457.0,55882.164
2020-01-11 09:00:00+00:00,57973.0,58490.754
2020-01-11 10:00:00+00:00,59171.0,58680.156
2020-01-11 11:00:00+00:00,58895.0,58520.97
2020-01-11 12:00:00+00:00,58204.0,57475.098
2020-01-11 13:00:00+00:00,56747.0,57252.945
2020-01-11 14:00:00+00:00,56327.0,56285.605
2020-01-11 15:00:00+00:00,57601.0,58301.375
2020-01-11 16:00:00+00:00,61229.0,60620.31
2020-01-11 17:00:00+00:00,61467.0,61909.957
2020-01-11 18:00:00+00:00,59467.0,59362.69
2020-01-11 19:00:00+00:00,56482.0,56274.934
2020-01-11 20:00:00+00:00,54240.0,54116.703
2020-01-11 21:00:00+00:00,53024.0,53395.246
2020-01-11 22:00:00+00:00,50089.0,49633.79
2020-01-11 23:00:00+00:00,48021.0,47196.965
2020-01-12 00:00:00+00:00,45999.0,46133.82
2020-01-12 01:00:00+00:00,44917.0,45137.76
2020-01-12 02:00:00+00:00,44356.0,44676.492
2020-01-12 03:00:00+00:00,44313.0,44135.242
2020-01-12 04:00:00+00:00,44099.0,44110.203
2020-01-12 05:00:00+00:00,43255.0,44000.945
2020-01-12 06:00:00+00:00,45052.0,45179.293
2020-01-12 07:00:00+00:00,48639.0,48349.17
2020-01-12 08:00:00+00:00,51945.0,52400.867
2020-01-12 09:00:00+00:00,54916.0,54504.727
2020-01-12 10:00:00+00:00,56487.0,57255.535
2020-01-12 11:00:00+00:00,56295.0,55980.027
2020-01-12 12:00:00+00:00,54318.0,54619.16
2020-01-12 13:00:00+00:00,53385.0,53012.06
2020-01-12 14:00:00+00:00,53667.0,53522.965
2020-01-12 15:00:00+00:00,54923.0,55394.684
2020-01-12 16:00:00+00:00,58928.0,58172.195
2020-01-12 17:00:00+00:00,59929.0,60360.1
2020-01-12 18:00:00+00:00,58158.0,58702.992
2020-01-12 19:00:00+00:00,55827.0,56130.65
2020-01-12 20:00:00+00:00,54061.0,54581.07
2020-01-12 21:00:00+00:00,53824.0,53950.145
2020-01-12 22:00:00+00:00,50653.0,50759.004
2020-01-12 23:00:00+00:00,47835.0,47886.91
2020-01-13 00:00:00+00:00,45367.0,46117.33
2020-01-13 01:00:00+00:00,45222.0,44498.16
2020-01-13 02:00:00+00:00,45001.0,45447.97
2020-01-13 03:00:00+00:00,46767.0,46061.98
2020-01-13 04:00:00+00:00,51296.0,50192.195
2020-01-13 05:00:00+00:00,60370.0,61693.184
2020-01-13 06:00:00+00:00,67426.0,67669.85
2020-01-13 07:00:00+00:00,70335.0,70125.836
2020-01-13 08:00:00+00:00,70635.0,71389.19
2020-01-13 09:00:00+00:00,71253.0,71763.69
2020-01-13 10:00:00+00:00,72064.0,72418.07
2020-01-13 11:00:00+00:00,71923.0,72009.72
2020-01-13 12:00:00+00:00,71014.0,71960.4
2020-01-13 13:00:00+00:00,69824.0,70552.98
2020-01-13 14:00:00+00:00,68726.0,69417.33
2020-01-13 15:00:00+00:00,69168.0,69272.984
2020-01-13 16:00:00+00:00,72366.0,72665.46
2020-01-13 17:00:00+00:00,72422.0,73057.9
2020-01-13 18:00:00+00:00,70896.0,70931.07
2020-01-13 19:00:00+00:00,66779.0,67422.94
2020-01-13 20:00:00+00:00,63504.0,63644.43
2020-01-13 21:00:00+00:00,60372.0,60912.387
2020-01-13 22:00:00+00:00,56243.0,55887.34
2020-01-13 23:00:00+00:00,53662.0,52647.09
2020-01-14 00:00:00+00:00,51976.0,51917.906
2020-01-14 01:00:00+00:00,50545.0,51100.133
2020-01-14 02:00:00+00:00,51018.0,50614.832
2020-01-14 03:00:00+00:00,52543.0,52108.344
2020-01-14 04:00:00+00:00,56216.0,55828.42
2020-01-14 05:00:00+00:00,64675.0,64646.91
2020-01-14 06:00:00+00:00,71385.0,70677.945
2020-01-14 07:00:00+00:00,73362.0,73330.73
2020-01-14 08:00:00+00:00,72997.0,73719.16
2020-01-14 09:00:00+00:00,73096.0,73957.24
2020-01-14 10:00:00+00:00,73459.0,73765.516
2020-01-14 11:00:00+00:00,72577.0,73043.91
2020-01-14 12:00:00+00:00,72644.0,72330.47
2020-01-14 13:00:00+00:00,71101.0,71962.58
2020-01-14 14:00:00+00:00,70598.0,70593.87
2020-01-14 15:00:00+00:00,71127.0,70912.15
2020-01-14 16:00:00+00:00,73723.0,74208.23
2020-01-14 17:00:00+00:00,73177.0,73136.52
2020-01-14 18:00:00+00:00,71528.0,71555.29
2020-01-14 19:00:00+00:00,67886.0,68079.875
2020-01-14 20:00:00+00:00,64737.0,64787.66
2020-01-14 21:00:00+00:00,60686.0,62085.82
2020-01-14 22:00:00+00:00,56290.0,56286.12
2020-01-14 23:00:00+00:00,53087.0,53169.28
2020-01-15 00:00:00+00:00,50095.0,51260.414
2020-01-15 01:00:00+00:00,49915.0,49144.445
2020-01-15 02:00:00+00:00,50094.0,50581.22
2020-01-15 03:00:00+00:00,52180.0,51311.836
2020-01-15 04:00:00+00:00,55773.0,56512.96
2020-01-15 05:00:00+00:00,63679.0,63863.383
2020-01-15 06:00:00+00:00,70076.0,71035.2
2020-01-15 07:00:00+00:00,72408.0,71969.68
2020-01-15 08:00:00+00:00,71995.0,72921.234
2020-01-15 09:00:00+00:00,72238.0,72862.91
2020-01-15 10:00:00+00:00,72463.0,73110.836
2020-01-15 11:00:00+00:00,70917.0,72171.28
2020-01-15 12:00:00+00:00,69922.0,70523.98
2020-01-15 13:00:00+00:00,69122.0,69168.984
2020-01-15 14:00:00+00:00,69143.0,68650.69
2020-01-15 15:00:00+00:00,69136.0,70341.51
2020-01-15 16:00:00+00:00,72325.0,71570.32
2020-01-15 17:00:00+00:00,71905.0,72114.445
2020-01-15 18:00:00+00:00,70333.0,69785.46
2020-01-15 19:00:00+00:00,66001.0,66927.74
2020-01-15 20:00:00+00:00,62805.0,62755.3
2020-01-15 21:00:00+00:00,59350.0,60249.637
2020-01-15 22:00:00+00:00,55223.0,55039.637
2020-01-15 23:00:00+00:00,51631.0,52119.633
2020-01-16 00:00:00+00:00,49274.0,49809.113
2020-01-16 01:00:00+00:00,48683.0,48546.402
2020-01-16 02:00:00+00:00,48849.0,49074.895
2020-01-16 03:00:00+00:00,50362.0,49947.945
2020-01-16 04:00:00+00:00,53749.0,53459.75
2020-01-16 05:00:00+00:00,61088.0,61768.57
2020-01-16 06:00:00+00:00,68017.0,67965.51
2020-01-16 07:00:00+00:00,69931.0,70435.09
2020-01-16 08:00:00+00:00,69577.0,70386.06
2020-01-16 09:00:00+00:00,69591.0,70586.23
2020-01-16 10:00:00+00:00,69396.0,70539.72
2020-01-16 11:00:00+00:00,68740.0,69002.26
2020-01-16 12:00:00+00:00,68470.0,68355.73
2020-01-16 13:00:00+00:00,67339.0,67683.2
2020-01-16 14:00:00+00:00,66675.0,66767.414
2020-01-16 15:00:00+00:00,66970.0,67517.4
2020-01-16 16:00:00+00:00,71066.0,70310.08
2020-01-16 17:00:00+00:00,71851.0,71184.77
2020-01-16 18:00:00+00:00,70253.0,69567.37
2020-01-16 19:00:00+00:00,66405.0,66443.734
2020-01-16 20:00:00+00:00,62436.0,63177.473
2020-01-16 21:00:00+00:00,59115.0,59684.777
2020-01-16 22:00:00+00:00,55228.0,54980.715
2020-01-16 23:00:00+00:00,52749.0,51930.11
2020-01-17 00:00:00+00:00,51397.0,50992.562
2020-01-17 01:00:00+00:00,50349.0,50735.242
2020-01-17 02:00:00+00:00,50506.0,50615.555
2020-01-17 03:00:00+00:00,51977.0,51481.707
2020-01-17 04:00:00+00:00,54964.0,55516.492
2020-01-17 05:00:00+00:00,62307.0,62071.082
2020-01-17 06:00:00+00:00,68692.0,68239.0
2020-01-17 07:00:00+00:00,71095.0,70884.64
2020-01-17 08:00:00+00:00,70875.0,71623.59
2020-01-17 09:00:00+00:00,70881.0,71864.24
2020-01-17 10:00:00+00:00,70674.0,71607.516
2020-01-17 11:00:00+00:00,69756.0,70247.28
2020-01-17 12:00:00+00:00,68643.0,69285.17
2020-01-17 13:00:00+00:00,67501.0,67760.38
2020-01-17 14:00:00+00:00,67175.0,66789.32
2020-01-17 15:00:00+00:00,67300.0,67352.64
2020-01-17 16:00:00+00:00,69438.0,70283.36
2020-01-17 17:00:00+00:00,69114.0,70101.516
2020-01-17 18:00:00+00:00,67637.0,68019.24
2020-01-17 19:00:00+00:00,63603.0,64556.63
2020-01-17 20:00:00+00:00,61296.0,60645.848
2020-01-17 21:00:00+00:00,58309.0,59324.527
2020-01-17 22:00:00+00:00,54767.0,54145.15
2020-01-17 23:00:00+00:00,51551.0,51754.168
2020-01-18 00:00:00+00:00,49473.0,49527.35
2020-01-18 01:00:00+00:00,48056.0,48662.977
2020-01-18 02:00:00+00:00,47846.0,47887.496
2020-01-18 03:00:00+00:00,47102.0,48220.605
2020-01-18 04:00:00+00:00,47439.0,46026.85
2020-01-18 05:00:00+00:00,48053.0,49581.39
2020-01-18 06:00:00+00:00,51447.0,51226.12
2020-01-18 07:00:00+00:00,55101.0,55418.293
2020-01-18 08:00:00+00:00,58135.0,58054.082
2020-01-18 09:00:00+00:00,59101.0,59908.26
2020-01-18 10:00:00+00:00,60671.0,59867.805
2020-01-18 11:00:00+00:00,60449.0,60624.934
2020-01-18 12:00:00+00:00,58901.0,59159.676
2020-01-18 13:00:00+00:00,57358.0,57563.066
2020-01-18 14:00:00+00:00,56300.0,56707.94
2020-01-18 15:00:00+00:00,56915.0,57082.824
2020-01-18 16:00:00+00:00,60202.0,60367.527
2020-01-18 17:00:00+00:00,60531.0,61981.266
2020-01-18 18:00:00+00:00,58714.0,59101.46
2020-01-18 19:00:00+00:00,55173.0,55984.848
2020-01-18 20:00:00+00:00,52750.0,52572.402
2020-01-18 21:00:00+00:00,51881.0,52230.38
2020-01-18 22:00:00+00:00,49135.0,48769.305
2020-01-18 23:00:00+00:00,46268.0,46024.895
2020-01-19 00:00:00+00:00,44761.0,43807.215
2020-01-19 01:00:00+00:00,43814.0,43644.586
2020-01-19 02:00:00+00:00,43287.0,43508.43
2020-01-19 03:00:00+00:00,43470.0,42966.21
2020-01-19 04:00:00+00:00,43013.0,43006.13
2020-01-19 05:00:00+00:00,42877.0,42676.45
2020-01-19 06:00:00+00:00,44643.0,45694.676
2020-01-19 07:00:00+00:00,47431.0,48012.387
2020-01-19 08:00:00+00:00,51044.0,50703.75
2020-01-19 09:00:00+00:00,53766.0,53710.582
2020-01-19 10:00:00+00:00,55873.0,55827.6
2020-01-19 11:00:00+00:00,55934.0,55341.51
2020-01-19 12:00:00+00:00,54289.0,54238.79
2020-01-19 13:00:00+00:00,52472.0,52996.184
2020-01-19 14:00:00+00:00,51841.0,52024.72
2020-01-19 15:00:00+00:00,52157.0,52980.16
2020-01-19 16:00:00+00:00,55955.0,55883.28
2020-01-19 17:00:00+00:00,57348.0,59127.105
2020-01-19 18:00:00+00:00,56240.0,56833.22
2020-01-19 19:00:00+00:00,54007.0,54575.453
2020-01-19 20:00:00+00:00,52797.0,52396.375
2020-01-19 21:00:00+00:00,52507.0,53034.164
2020-01-19 22:00:00+00:00,49610.0,49315.0
2020-01-19 23:00:00+00:00,47210.0,46669.008
2020-01-20 00:00:00+00:00,46133.0,45261.688
2020-01-20 01:00:00+00:00,45376.0,45474.72
2020-01-20 02:00:00+00:00,45803.0,45785.63
2020-01-20 03:00:00+00:00,47649.0,47404.168
2020-01-20 04:00:00+00:00,51606.0,51675.918
2020-01-20 05:00:00+00:00,59619.0,60562.656
2020-01-20 06:00:00+00:00,66121.0,65539.54
2020-01-20 07:00:00+00:00,69016.0,68990.38
2020-01-20 08:00:00+00:00,69421.0,70143.266
2020-01-20 09:00:00+00:00,70060.0,70697.0
2020-01-20 10:00:00+00:00,70755.0,71073.05
2020-01-20 11:00:00+00:00,70437.0,70598.53
2020-01-20 12:00:00+00:00,70125.0,70209.57
2020-01-20 13:00:00+00:00,69078.0,69460.91
2020-01-20 14:00:00+00:00,68521.0,68473.945
2020-01-20 15:00:00+00:00,68372.0,68590.71
2020-01-20 16:00:00+00:00,71170.0,71095.164
2020-01-20 17:00:00+00:00,71721.0,72464.45
2020-01-20 18:00:00+00:00,70058.0,70870.6
2020-01-20 19:00:00+00:00,66324.0,66803.18
2020-01-20 20:00:00+00:00,63049.0,63422.72
2020-01-20 21:00:00+00:00,60289.0,60619.723
2020-01-20 22:00:00+00:00,56773.0,56084.008
2020-01-20 23:00:00+00:00,53839.0,53555.848
2020-01-21 00:00:00+00:00,52191.0,51948.945
2020-01-21 01:00:00+00:00,51489.0,51383.79
2020-01-21 02:00:00+00:00,51666.0,51754.508
2020-01-21 03:00:00+00:00,53487.0,52623.59
2020-01-21 04:00:00+00:00,56396.0,56884.99
2020-01-21 05:00:00+00:00,63670.0,63226.0
2020-01-21 06:00:00+00:00,70281.0,69391.56
2020-01-21 07:00:00+00:00,72593.0,72394.0
2020-01-21 08:00:00+00:00,72295.0,73055.66
2020-01-21 09:00:00+00:00,71856.0,73251.664
2020-01-21 10:00:00+00:00,71997.0,72392.32
2020-01-21 11:00:00+00:00,71030.0,71594.72
2020-01-21 12:00:00+00:00,70237.0,70507.586
2020-01-21 13:00:00+00:00,69218.0,69450.17
2020-01-21 14:00:00+00:00,68964.0,68568.7
2020-01-21 15:00:00+00:00,68645.0,69283.97
2020-01-21 16:00:00+00:00,72078.0,71519.05
2020-01-21 17:00:00+00:00,72301.0,72557.81
2020-01-21 18:00:00+00:00,70754.0,70528.61
2020-01-21 19:00:00+00:00,67500.0,67445.65
2020-01-21 20:00:00+00:00,63952.0,64669.652
2020-01-21 21:00:00+00:00,61223.0,61447.168
2020-01-21 22:00:00+00:00,57586.0,57474.24
2020-01-21 23:00:00+00:00,55089.0,54554.34
2020-01-22 00:00:00+00:00,53290.0,53301.58
2020-01-22 01:00:00+00:00,52050.0,52495.816
2020-01-22 02:00:00+00:00,51913.0,52057.598
2020-01-22 03:00:00+00:00,53115.0,52477.29
2020-01-22 04:00:00+00:00,56040.0,55878.31
2020-01-22 05:00:00+00:00,63578.0,63428.15
2020-01-22 06:00:00+00:00,69559.0,69720.58
2020-01-22 07:00:00+00:00,71952.0,71735.05
2020-01-22 08:00:00+00:00,72394.0,72482.74
2020-01-22 09:00:00+00:00,72423.0,73466.76
2020-01-22 10:00:00+00:00,72672.0,73075.08
2020-01-22 11:00:00+00:00,72220.0,72319.87
2020-01-22 12:00:00+00:00,71502.0,71827.48
2020-01-22 13:00:00+00:00,70688.0,70733.88
2020-01-22 14:00:00+00:00,69853.0,70094.72
2020-01-22 15:00:00+00:00,69733.0,69908.07
2020-01-22 16:00:00+00:00,72173.0,72607.06
2020-01-22 17:00:00+00:00,71757.0,72839.94
2020-01-22 18:00:00+00:00,69939.0,70697.17
2020-01-22 19:00:00+00:00,66009.0,66674.82
2020-01-22 20:00:00+00:00,62857.0,63088.484
2020-01-22 21:00:00+00:00,60271.0,60591.8
2020-01-22 22:00:00+00:00,56641.0,56444.55
2020-01-22 23:00:00+00:00,54041.0,53637.137
2020-01-23 00:00:00+00:00,52111.0,52160.79
2020-01-23 01:00:00+00:00,51019.0,51234.004
2020-01-23 02:00:00+00:00,51404.0,51060.836
2020-01-23 03:00:00+00:00,52590.0,52344.543
2020-01-23 04:00:00+00:00,55483.0,55469.88
2020-01-23 05:00:00+00:00,63448.0,62451.117
2020-01-23 06:00:00+00:00,68914.0,69889.31
2020-01-23 07:00:00+00:00,71048.0,70758.33
2020-01-23 08:00:00+00:00,71525.0,71619.29
2020-01-23 09:00:00+00:00,72159.0,72723.266
2020-01-23 10:00:00+00:00,72119.0,72854.695
2020-01-23 11:00:00+00:00,71314.0,71661.805
2020-01-23 12:00:00+00:00,71300.0,70820.18
2020-01-23 13:00:00+00:00,70040.0,70602.125
2020-01-23 14:00:00+00:00,69320.0,69509.84
2020-01-23 15:00:00+00:00,69274.0,69949.29
2020-01-23 16:00:00+00:00,71950.0,72233.66
2020-01-23 17:00:00+00:00,72126.0,72376.35
2020-01-23 18:00:00+00:00,70468.0,70515.516
2020-01-23 19:00:00+00:00,66523.0,67228.78
2020-01-23 20:00:00+00:00,63155.0,63554.4
2020-01-23 21:00:00+00:00,60399.0,60788.1
2020-01-23 22:00:00+00:00,57099.0,56524.676
2020-01-23 23:00:00+00:00,54077.0,54213.516
2020-01-24 00:00:00+00:00,52375.0,52164.688
2020-01-24 01:00:00+00:00,51498.0,51640.906
2020-01-24 02:00:00+00:00,51734.0,51638.613
2020-01-24 03:00:00+00:00,52851.0,52671.414
2020-01-24 04:00:00+00:00,55748.0,55694.98
2020-01-24 05:00:00+00:00,63067.0,62852.52
2020-01-24 06:00:00+00:00,68885.0,69183.38
2020-01-24 07:00:00+00:00,71332.0,70991.07
2020-01-24 08:00:00+00:00,71507.0,71924.086
2020-01-24 09:00:00+00:00,71677.0,72572.01
2020-01-24 10:00:00+00:00,71907.0,72302.22
2020-01-24 11:00:00+00:00,71242.0,71520.28
2020-01-24 12:00:00+00:00,70271.0,70732.66
2020-01-24 13:00:00+00:00,68953.0,69458.9
2020-01-24 14:00:00+00:00,68058.0,68317.13
2020-01-24 15:00:00+00:00,67802.0,68421.945
2020-01-24 16:00:00+00:00,70362.0,70961.49
2020-01-24 17:00:00+00:00,70149.0,71314.37
2020-01-24 18:00:00+00:00,68140.0,68979.664
2020-01-24 19:00:00+00:00,63950.0,64999.742
2020-01-24 20:00:00+00:00,60559.0,60990.41
2020-01-24 21:00:00+00:00,58367.0,58277.848
2020-01-24 22:00:00+00:00,55115.0,54754.25
2020-01-24 23:00:00+00:00,52126.0,52211.78
2020-01-25 00:00:00+00:00,50118.0,50153.22
2020-01-25 01:00:00+00:00,49213.0,49255.363
2020-01-25 02:00:00+00:00,48994.0,49218.66
2020-01-25 03:00:00+00:00,48835.0,49395.355
2020-01-25 04:00:00+00:00,48247.0,48870.59
2020-01-25 05:00:00+00:00,49227.0,49175.906
2020-01-25 06:00:00+00:00,52393.0,52910.855
2020-01-25 07:00:00+00:00,56093.0,56089.676
2020-01-25 08:00:00+00:00,59462.0,59005.96
2020-01-25 09:00:00+00:00,60943.0,61267.3
2020-01-25 10:00:00+00:00,61385.0,61500.723
2020-01-25 11:00:00+00:00,60963.0,60535.453
2020-01-25 12:00:00+00:00,59443.0,59698.215
2020-01-25 13:00:00+00:00,58054.0,58460.8
2020-01-25 14:00:00+00:00,57652.0,57856.797
2020-01-25 15:00:00+00:00,58365.0,59088.69
2020-01-25 16:00:00+00:00,61650.0,61362.67
2020-01-25 17:00:00+00:00,62073.0,62709.68
2020-01-25 18:00:00+00:00,59746.0,60257.01
2020-01-25 19:00:00+00:00,56448.0,56254.758
2020-01-25 20:00:00+00:00,54043.0,54188.93
2020-01-25 21:00:00+00:00,53230.0,53428.94
2020-01-25 22:00:00+00:00,50429.0,50208.625
2020-01-25 23:00:00+00:00,47442.0,47412.32
2020-01-26 00:00:00+00:00,45207.0,45225.547
2020-01-26 01:00:00+00:00,44106.0,44002.85
2020-01-26 02:00:00+00:00,43789.0,43418.383
2020-01-26 03:00:00+00:00,43688.0,43457.434
2020-01-26 04:00:00+00:00,43469.0,42828.91
2020-01-26 05:00:00+00:00,43015.0,43142.39
2020-01-26 06:00:00+00:00,44932.0,45774.258
2020-01-26 07:00:00+00:00,47681.0,48347.613
2020-01-26 08:00:00+00:00,51305.0,51177.92
2020-01-26 09:00:00+00:00,53770.0,53954.51
2020-01-26 10:00:00+00:00,55524.0,55996.316
2020-01-26 11:00:00+00:00,55475.0,55334.473
2020-01-26 12:00:00+00:00,53525.0,53818.242
2020-01-26 13:00:00+00:00,51799.0,52106.48
2020-01-26 14:00:00+00:00,51155.0,51464.863
2020-01-26 15:00:00+00:00,52107.0,52552.418
2020-01-26 16:00:00+00:00,56636.0,56340.855
2020-01-26 17:00:00+00:00,58366.0,58817.426
2020-01-26 18:00:00+00:00,57117.0,57121.88
2020-01-26 19:00:00+00:00,54824.0,55260.02
2020-01-26 20:00:00+00:00,53568.0,53316.574
2020-01-26 21:00:00+00:00,53745.0,53884.504
2020-01-26 22:00:00+00:00,50908.0,50635.66
2020-01-26 23:00:00+00:00,48965.0,48022.37
2020-01-27 00:00:00+00:00,47681.0,47410.03
2020-01-27 01:00:00+00:00,47472.0,47209.004
2020-01-27 02:00:00+00:00,47651.0,48126.086
2020-01-27 03:00:00+00:00,49427.0,49287.15
2020-01-27 04:00:00+00:00,54030.0,53525.598
2020-01-27 05:00:00+00:00,62214.0,63766.918
2020-01-27 06:00:00+00:00,68751.0,67654.2
2020-01-27 07:00:00+00:00,71117.0,71047.336
2020-01-27 08:00:00+00:00,71232.0,72138.766
2020-01-27 09:00:00+00:00,72050.0,72279.98
2020-01-27 10:00:00+00:00,72514.0,72811.85
2020-01-27 11:00:00+00:00,72278.0,72291.53
2020-01-27 12:00:00+00:00,71644.0,72064.84
2020-01-27 13:00:00+00:00,70719.0,71072.77
2020-01-27 14:00:00+00:00,69814.0,70232.58
2020-01-27 15:00:00+00:00,69007.0,69982.2
2020-01-27 16:00:00+00:00,71890.0,71746.57
2020-01-27 17:00:00+00:00,71563.0,73529.69
2020-01-27 18:00:00+00:00,69622.0,70771.21
2020-01-27 19:00:00+00:00,66063.0,66685.35
2020-01-27 20:00:00+00:00,62244.0,63174.414
2020-01-27 21:00:00+00:00,59761.0,59418.996
2020-01-27 22:00:00+00:00,56220.0,55740.46
2020-01-27 23:00:00+00:00,52420.0,52984.855
2020-01-28 00:00:00+00:00,51119.0,50346.555
2020-01-28 01:00:00+00:00,50485.0,50545.11
2020-01-28 02:00:00+00:00,51125.0,50835.44
2020-01-28 03:00:00+00:00,52800.0,52608.062
2020-01-28 04:00:00+00:00,56158.0,56639.457
2020-01-28 05:00:00+00:00,63444.0,63529.715
2020-01-28 06:00:00+00:00,69447.0,69326.555
2020-01-28 07:00:00+00:00,71989.0,71330.89
2020-01-28 08:00:00+00:00,72690.0,72579.35
2020-01-28 09:00:00+00:00,73418.0,73838.87
2020-01-28 10:00:00+00:00,73775.0,73968.65
2020-01-28 11:00:00+00:00,73638.0,73342.39
2020-01-28 12:00:00+00:00,73170.0,73175.66
2020-01-28 13:00:00+00:00,72913.0,72480.5
2020-01-28 14:00:00+00:00,71682.0,72382.914
2020-01-28 15:00:00+00:00,70974.0,71962.9
2020-01-28 16:00:00+00:00,73211.0,73458.84
2020-01-28 17:00:00+00:00,73131.0,73957.836
2020-01-28 18:00:00+00:00,71681.0,71979.96
2020-01-28 19:00:00+00:00,68065.0,68506.63
2020-01-28 20:00:00+00:00,64279.0,65014.69
2020-01-28 21:00:00+00:00,61161.0,61493.582
2020-01-28 22:00:00+00:00,57158.0,57179.17
2020-01-28 23:00:00+00:00,54882.0,54131.113
2020-01-29 00:00:00+00:00,52438.0,53299.496
2020-01-29 01:00:00+00:00,51842.0,51494.51
2020-01-29 02:00:00+00:00,51955.0,52218.625
2020-01-29 03:00:00+00:00,53479.0,52809.668
2020-01-29 04:00:00+00:00,56705.0,57009.02
2020-01-29 05:00:00+00:00,64144.0,64268.035
2020-01-29 06:00:00+00:00,70211.0,70133.414
2020-01-29 07:00:00+00:00,72697.0,72377.55
2020-01-29 08:00:00+00:00,73429.0,73305.914
2020-01-29 09:00:00+00:00,74367.0,74491.17
2020-01-29 10:00:00+00:00,74965.0,75082.21
2020-01-29 11:00:00+00:00,74404.0,74611.6
2020-01-29 12:00:00+00:00,73751.0,73983.26
2020-01-29 13:00:00+00:00,72535.0,73066.375
2020-01-29 14:00:00+00:00,71572.0,72051.53
2020-01-29 15:00:00+00:00,70648.0,71903.42
2020-01-29 16:00:00+00:00,72852.0,73200.2
2020-01-29 17:00:00+00:00,73153.0,73602.664
2020-01-29 18:00:00+00:00,71352.0,71989.34
2020-01-29 19:00:00+00:00,66965.0,67933.26
2020-01-29 20:00:00+00:00,63517.0,63808.15
2020-01-29 21:00:00+00:00,60833.0,61174.89
2020-01-29 22:00:00+00:00,56974.0,56903.92
2020-01-29 23:00:00+00:00,54755.0,53939.195
2020-01-30 00:00:00+00:00,53314.0,53125.66
2020-01-30 01:00:00+00:00,52670.0,52650.695
2020-01-30 02:00:00+00:00,53296.0,53018.2
2020-01-30 03:00:00+00:00,54296.0,54519.125
2020-01-30 04:00:00+00:00,57361.0,57288.973
2020-01-30 05:00:00+00:00,64276.0,64088.74
2020-01-30 06:00:00+00:00,70389.0,69858.51
2020-01-30 07:00:00+00:00,72512.0,72446.73
2020-01-30 08:00:00+00:00,72659.0,73033.82
2020-01-30 09:00:00+00:00,72998.0,73694.12
2020-01-30 10:00:00+00:00,72950.0,73335.84
2020-01-30 11:00:00+00:00,72863.0,72516.62
2020-01-30 12:00:00+00:00,72430.0,72349.13
2020-01-30 13:00:00+00:00,70480.0,71846.25
2020-01-30 14:00:00+00:00,69390.0,69823.414
2020-01-30 15:00:00+00:00,69281.0,69800.2
2020-01-30 16:00:00+00:00,72126.0,72745.82
2020-01-30 17:00:00+00:00,72641.0,72782.46
2020-01-30 18:00:00+00:00,71540.0,71345.2
2020-01-30 19:00:00+00:00,67983.0,68183.1
2020-01-30 20:00:00+00:00,64403.0,65205.21
2020-01-30 21:00:00+00:00,60986.0,62082.9
2020-01-30 22:00:00+00:00,56125.0,57083.99
2020-01-30 23:00:00+00:00,53004.0,52930.133
2020-01-31 00:00:00+00:00,51039.0,51254.41
2020-01-31 01:00:00+00:00,49866.0,50296.492
2020-01-31 02:00:00+00:00,49798.0,50225.812
2020-01-31 03:00:00+00:00,51299.0,50639.33
2020-01-31 04:00:00+00:00,54856.0,54430.297
2020-01-31 05:00:00+00:00,63175.0,63205.023
2020-01-31 06:00:00+00:00,69261.0,69701.87
2020-01-31 07:00:00+00:00,70985.0,71716.79
2020-01-31 08:00:00+00:00,70544.0,71489.4
2020-01-31 09:00:00+00:00,71373.0,71571.38
2020-01-31 10:00:00+00:00,71785.0,72418.484
2020-01-31 11:00:00+00:00,71153.0,71393.37
2020-01-31 12:00:00+00:00,69686.0,70956.14
2020-01-31 13:00:00+00:00,68635.0,68727.0
2020-01-31 14:00:00+00:00,67500.0,68109.87
2020-01-31 15:00:00+00:00,66882.0,67380.1
2020-01-31 16:00:00+00:00,69340.0,69767.67
2020-01-31 17:00:00+00:00,70113.0,70609.28
2020-01-31 18:00:00+00:00,68944.0,68897.9
2020-01-31 19:00:00+00:00,64037.0,65511.258
2020-01-31 20:00:00+00:00,60126.0,60608.223
2020-01-31 21:00:00+00:00,57368.0,57717.47
2020-01-31 22:00:00+00:00,53245.0,53444.793
2020-01-31 23:00:00+00:00,49399.0,50064.582
2020-02-01 00:00:00+00:00,47284.0,47379.703
2020-02-01 01:00:00+00:00,45848.0,46502.074
2020-02-01 02:00:00+00:00,45607.0,45774.76
2020-02-01 03:00:00+00:00,45860.0,46007.035
2020-02-01 04:00:00+00:00,46297.0,46101.59
2020-02-01 05:00:00+00:00,46913.0,49066.145
2020-02-01 06:00:00+00:00,49628.0,49822.254
2020-02-01 07:00:00+00:00,53387.0,53484.754
2020-02-01 08:00:00+00:00,56245.0,56686.633
2020-02-01 09:00:00+00:00,58078.0,58130.574
2020-02-01 10:00:00+00:00,59292.0,59238.973
2020-02-01 11:00:00+00:00,58680.0,59075.293
2020-02-01 12:00:00+00:00,56957.0,57126.406
2020-02-01 13:00:00+00:00,55604.0,55429.61
2020-02-01 14:00:00+00:00,55674.0,54990.195
2020-02-01 15:00:00+00:00,55938.0,56971.89
2020-02-01 16:00:00+00:00,59666.0,58879.918
2020-02-01 17:00:00+00:00,61185.0,60947.69
2020-02-01 18:00:00+00:00,58669.0,59140.953
2020-02-01 19:00:00+00:00,55065.0,54791.508
2020-02-01 20:00:00+00:00,52566.0,52703.598
2020-02-01 21:00:00+00:00,51100.0,51723.32
2020-02-01 22:00:00+00:00,49188.0,47673.05
2020-02-01 23:00:00+00:00,45351.0,46309.727
2020-02-02 00:00:00+00:00,43400.0,43209.36
2020-02-02 01:00:00+00:00,42438.0,42494.637
2020-02-02 02:00:00+00:00,42212.0,42057.184
2020-02-02 03:00:00+00:00,42120.0,42214.54
2020-02-02 04:00:00+00:00,41986.0,41204.5
2020-02-02 05:00:00+00:00,41298.0,41752.438
2020-02-02 06:00:00+00:00,42738.0,43517.562
2020-02-02 07:00:00+00:00,45745.0,45864.05
2020-02-02 08:00:00+00:00,50124.0,49523.66
2020-02-02 09:00:00+00:00,52992.0,53008.34
2020-02-02 10:00:00+00:00,55469.0,55659.59
2020-02-02 11:00:00+00:00,54993.0,55570.273
2020-02-02 12:00:00+00:00,53197.0,52953.38
2020-02-02 13:00:00+00:00,51769.0,51870.234
2020-02-02 14:00:00+00:00,51505.0,51495.5
2020-02-02 15:00:00+00:00,52279.0,52655.676
2020-02-02 16:00:00+00:00,56141.0,56241.594
2020-02-02 17:00:00+00:00,58045.0,58324.69
2020-02-02 18:00:00+00:00,56677.0,57182.207
2020-02-02 19:00:00+00:00,54045.0,54545.508
2020-02-02 20:00:00+00:00,52206.0,52579.38
2020-02-02 21:00:00+00:00,52608.0,52463.8
2020-02-02 22:00:00+00:00,49851.0,49510.348
2020-02-02 23:00:00+00:00,47361.0,47135.254
2020-02-03 00:00:00+00:00,45884.0,45589.266
2020-02-03 01:00:00+00:00,45908.0,45350.824
2020-02-03 02:00:00+00:00,46622.0,46513.97
2020-02-03 03:00:00+00:00,48626.0,48514.363
2020-02-03 04:00:00+00:00,53353.0,53280.594
2020-02-03 05:00:00+00:00,61892.0,63325.812
2020-02-03 06:00:00+00:00,67726.0,67990.97
2020-02-03 07:00:00+00:00,69961.0,69801.66
2020-02-03 08:00:00+00:00,70138.0,71034.3
2020-02-03 09:00:00+00:00,71409.0,71299.76
2020-02-03 10:00:00+00:00,72434.0,72275.98
2020-02-03 11:00:00+00:00,72461.0,72165.9
2020-02-03 12:00:00+00:00,71448.0,72255.47
2020-02-03 13:00:00+00:00,70967.0,70819.27
2020-02-03 14:00:00+00:00,69968.0,70537.234
2020-02-03 15:00:00+00:00,68684.0,70216.7
2020-02-03 16:00:00+00:00,70894.0,71276.03
2020-02-03 17:00:00+00:00,71502.0,72510.49
2020-02-03 18:00:00+00:00,69729.0,70641.54
2020-02-03 19:00:00+00:00,66163.0,66445.19
2020-02-03 20:00:00+00:00,62609.0,63197.984
2020-02-03 21:00:00+00:00,58756.0,59588.48
2020-02-03 22:00:00+00:00,54086.0,54312.99
2020-02-03 23:00:00+00:00,51151.0,50924.562
2020-02-04 00:00:00+00:00,50029.0,49653.67
2020-02-04 01:00:00+00:00,50141.0,49685.605
2020-02-04 02:00:00+00:00,51564.0,51195.965
2020-02-04 03:00:00+00:00,53326.0,53960.812
2020-02-04 04:00:00+00:00,56920.0,57989.086
2020-02-04 05:00:00+00:00,63756.0,63745.254
2020-02-04 06:00:00+00:00,69406.0,68876.81
2020-02-04 07:00:00+00:00,71668.0,71056.88
2020-02-04 08:00:00+00:00,72076.0,72287.51
2020-02-04 09:00:00+00:00,72801.0,73174.664
2020-02-04 10:00:00+00:00,73307.0,73091.5
2020-02-04 11:00:00+00:00,72863.0,72817.92
2020-02-04 12:00:00+00:00,72440.0,72269.76
2020-02-04 13:00:00+00:00,71413.0,71701.484
2020-02-04 14:00:00+00:00,70698.0,70690.36
2020-02-04 15:00:00+00:00,69243.0,70871.56
2020-02-04 16:00:00+00:00,71480.0,71638.1
2020-02-04 17:00:00+00:00,72624.0,72964.76
2020-02-04 18:00:00+00:00,71243.0,71514.914
2020-02-04 19:00:00+00:00,67489.0,67759.35
2020-02-04 20:00:00+00:00,64421.0,64279.53
2020-02-04 21:00:00+00:00,61429.0,61798.07
2020-02-04 22:00:00+00:00,58047.0,57513.387
2020-02-04 23:00:00+00:00,54665.0,55370.75
2020-02-05 00:00:00+00:00,52005.0,52860.875
2020-02-05 01:00:00+00:00,51424.0,51088.426
2020-02-05 02:00:00+00:00,51329.0,51692.812
2020-02-05 03:00:00+00:00,52747.0,52113.758
2020-02-05 04:00:00+00:00,56235.0,55811.574
2020-02-05 05:00:00+00:00,63201.0,64353.715
2020-02-05 06:00:00+00:00,68548.0,68837.43
2020-02-05 07:00:00+00:00,70956.0,71048.3
2020-02-05 08:00:00+00:00,70560.0,71770.4
2020-02-05 09:00:00+00:00,70655.0,71545.766
2020-02-05 10:00:00+00:00,71407.0,71481.53
2020-02-05 11:00:00+00:00,69827.0,71158.16
2020-02-05 12:00:00+00:00,68932.0,69185.38
2020-02-05 13:00:00+00:00,67752.0,68029.95
2020-02-05 14:00:00+00:00,66980.0,67099.414
2020-02-05 15:00:00+00:00,66588.0,66936.7
2020-02-05 16:00:00+00:00,69382.0,69097.695
2020-02-05 17:00:00+00:00,71590.0,70656.73
2020-02-05 18:00:00+00:00,70250.0,69891.44
2020-02-05 19:00:00+00:00,66827.0,66556.125
2020-02-05 20:00:00+00:00,63383.0,64067.527
2020-02-05 21:00:00+00:00,60452.0,61090.945
2020-02-05 22:00:00+00:00,56456.0,56744.523
2020-02-05 23:00:00+00:00,53866.0,53379.4
2020-02-06 00:00:00+00:00,51563.0,52155.113
2020-02-06 01:00:00+00:00,50497.0,50665.383
2020-02-06 02:00:00+00:00,50761.0,50666.06
2020-02-06 03:00:00+00:00,52163.0,51685.79
2020-02-06 04:00:00+00:00,55965.0,55083.82
2020-02-06 05:00:00+00:00,63197.0,64633.504
2020-02-06 06:00:00+00:00,69189.0,68422.8
2020-02-06 07:00:00+00:00,71149.0,71618.89
2020-02-06 08:00:00+00:00,71125.0,71738.44
2020-02-06 09:00:00+00:00,71346.0,72212.7
2020-02-06 10:00:00+00:00,71783.0,72110.42
2020-02-06 11:00:00+00:00,71152.0,71444.81
2020-02-06 12:00:00+00:00,70566.0,70806.2
2020-02-06 13:00:00+00:00,69663.0,69708.81
2020-02-06 14:00:00+00:00,68662.0,68976.67
2020-02-06 15:00:00+00:00,67567.0,68142.67
2020-02-06 16:00:00+00:00,69697.0,69469.21
2020-02-06 17:00:00+00:00,70903.0,71504.31
2020-02-06 18:00:00+00:00,69930.0,70023.29
2020-02-06 19:00:00+00:00,65953.0,66690.43
2020-02-06 20:00:00+00:00,62805.0,62825.902
2020-02-06 21:00:00+00:00,59810.0,60418.098
2020-02-06 22:00:00+00:00,56286.0,55746.793
2020-02-06 23:00:00+00:00,53505.0,53245.43
2020-02-07 00:00:00+00:00,51789.0,51647.14
2020-02-07 01:00:00+00:00,51034.0,51075.477
2020-02-07 02:00:00+00:00,51361.0,51325.77
2020-02-07 03:00:00+00:00,52629.0,52444.18
2020-02-07 04:00:00+00:00,55962.0,55714.75
2020-02-07 05:00:00+00:00,63281.0,63358.617
2020-02-07 06:00:00+00:00,68363.0,68856.8
2020-02-07 07:00:00+00:00,70290.0,70309.195
2020-02-07 08:00:00+00:00,69685.0,70935.96
2020-02-07 09:00:00+00:00,69995.0,70745.02
2020-02-07 10:00:00+00:00,72087.0,70638.82
2020-02-07 11:00:00+00:00,71432.0,71866.055
2020-02-07 12:00:00+00:00,69779.0,70920.4
2020-02-07 13:00:00+00:00,67904.0,68775.34
2020-02-07 14:00:00+00:00,66947.0,67135.48
2020-02-07 15:00:00+00:00,66454.0,66630.58
2020-02-07 16:00:00+00:00,68958.0,69235.59
2020-02-07 17:00:00+00:00,69943.0,70648.96
2020-02-07 18:00:00+00:00,67667.0,68690.21
2020-02-07 19:00:00+00:00,63895.0,64462.26
2020-02-07 20:00:00+00:00,60227.0,61117.773
2020-02-07 21:00:00+00:00,57389.0,57734.29
2020-02-07 22:00:00+00:00,53456.0,53638.184
2020-02-07 23:00:00+00:00,50327.0,50409.91
2020-02-08 00:00:00+00:00,49306.0,48462.613
2020-02-08 01:00:00+00:00,48229.0,48857.85
2020-02-08 02:00:00+00:00,47920.0,48518.44
2020-02-08 03:00:00+00:00,48054.0,48452.184
2020-02-08 04:00:00+00:00,48268.0,48936.57
2020-02-08 05:00:00+00:00,48306.0,50855.71
2020-02-08 06:00:00+00:00,50754.0,51132.133
2020-02-08 07:00:00+00:00,54488.0,54193.96
2020-02-08 08:00:00+00:00,57486.0,57499.527
2020-02-08 09:00:00+00:00,58621.0,59305.64
2020-02-08 10:00:00+00:00,59001.0,59038.0
2020-02-08 11:00:00+00:00,58646.0,58040.0
2020-02-08 12:00:00+00:00,56730.0,57259.727
2020-02-08 13:00:00+00:00,55675.0,55387.0
2020-02-08 14:00:00+00:00,54924.0,55293.133
2020-02-08 15:00:00+00:00,54549.0,55762.33
2020-02-08 16:00:00+00:00,58089.0,58039.2
2020-02-08 17:00:00+00:00,60539.0,60672.48
2020-02-08 18:00:00+00:00,59000.0,58727.78
2020-02-08 19:00:00+00:00,55187.0,55562.523
2020-02-08 20:00:00+00:00,52967.0,52957.35
2020-02-08 21:00:00+00:00,52089.0,52693.195
2020-02-08 22:00:00+00:00,49015.0,48823.656
2020-02-08 23:00:00+00:00,45025.0,45832.793
2020-02-09 00:00:00+00:00,42709.0,42796.812
2020-02-09 01:00:00+00:00,41663.0,41878.836
2020-02-09 02:00:00+00:00,41091.0,41301.57
2020-02-09 03:00:00+00:00,41215.0,40698.617
2020-02-09 04:00:00+00:00,41190.0,40575.164
2020-02-09 05:00:00+00:00,41155.0,41503.79
2020-02-09 06:00:00+00:00,43636.0,43868.715
2020-02-09 07:00:00+00:00,47348.0,47439.887
2020-02-09 08:00:00+00:00,51540.0,50957.13
2020-02-09 09:00:00+00:00,53268.0,54174.793
2020-02-09 10:00:00+00:00,55765.0,54913.55
2020-02-09 11:00:00+00:00,55408.0,56198.336
2020-02-09 12:00:00+00:00,53769.0,53787.664
2020-02-09 13:00:00+00:00,52964.0,52423.88
2020-02-09 14:00:00+00:00,52256.0,52832.16
2020-02-09 15:00:00+00:00,52007.0,53178.945
2020-02-09 16:00:00+00:00,55355.0,54271.637
2020-02-09 17:00:00+00:00,57188.0,57509.703
2020-02-09 18:00:00+00:00,55656.0,56886.25
2020-02-09 19:00:00+00:00,53831.0,53044.164
2020-02-09 20:00:00+00:00,51947.0,52393.6
2020-02-09 21:00:00+00:00,51412.0,51217.46
2020-02-09 22:00:00+00:00,48896.0,48208.312
2020-02-09 23:00:00+00:00,46653.0,45802.426
2020-02-10 00:00:00+00:00,45012.0,44531.734
2020-02-10 01:00:00+00:00,44519.0,44036.05
2020-02-10 02:00:00+00:00,45239.0,44699.64
2020-02-10 03:00:00+00:00,47340.0,46814.78
2020-02-10 04:00:00+00:00,51280.0,51766.23
2020-02-10 05:00:00+00:00,59240.0,59876.52
2020-02-10 06:00:00+00:00,65225.0,65193.05
2020-02-10 07:00:00+00:00,68605.0,67948.07
2020-02-10 08:00:00+00:00,70465.0,69880.78
2020-02-10 09:00:00+00:00,71862.0,71950.2
2020-02-10 10:00:00+00:00,73689.0,72752.94
2020-02-10 11:00:00+00:00,72856.0,73424.09
2020-02-10 12:00:00+00:00,71607.0,72446.375
2020-02-10 13:00:00+00:00,70647.0,70815.516
2020-02-10 14:00:00+00:00,69853.0,70038.92
2020-02-10 15:00:00+00:00,68964.0,69735.01
2020-02-10 16:00:00+00:00,70502.0,71019.94
2020-02-10 17:00:00+00:00,72305.0,71955.7
2020-02-10 18:00:00+00:00,70417.0,71470.05
2020-02-10 19:00:00+00:00,66060.0,66864.0
2020-02-10 20:00:00+00:00,62921.0,63063.652
2020-02-10 21:00:00+00:00,59716.0,60646.914
2020-02-10 22:00:00+00:00,55800.0,55382.285
2020-02-10 23:00:00+00:00,52962.0,52755.523
2020-02-11 00:00:00+00:00,51402.0,51373.37
2020-02-11 01:00:00+00:00,50598.0,50762.67
2020-02-11 02:00:00+00:00,51484.0,50990.305
2020-02-11 03:00:00+00:00,52577.0,52955.375
2020-02-11 04:00:00+00:00,55633.0,55316.445
2020-02-11 05:00:00+00:00,63705.0,62679.047
2020-02-11 06:00:00+00:00,70325.0,69684.9
2020-02-11 07:00:00+00:00,72616.0,72510.8
2020-02-11 08:00:00+00:00,73470.0,73047.51
2020-02-11 09:00:00+00:00,74203.0,74629.71
2020-02-11 10:00:00+00:00,75265.0,74716.234
2020-02-11 11:00:00+00:00,74183.0,74820.06
2020-02-11 12:00:00+00:00,73077.0,73737.74
2020-02-11 13:00:00+00:00,72154.0,72293.15
2020-02-11 14:00:00+00:00,71356.0,71646.016
2020-02-11 15:00:00+00:00,70706.0,71176.875
2020-02-11 16:00:00+00:00,72023.0,73188.25
2020-02-11 17:00:00+00:00,73785.0,72452.52
2020-02-11 18:00:00+00:00,72023.0,72479.01
2020-02-11 19:00:00+00:00,68083.0,68233.195
2020-02-11 20:00:00+00:00,64310.0,65068.82
2020-02-11 21:00:00+00:00,60822.0,61715.52
2020-02-11 22:00:00+00:00,56165.0,56697.48
2020-02-11 23:00:00+00:00,54452.0,52962.734
2020-02-12 00:00:00+00:00,52888.0,53131.367
2020-02-12 01:00:00+00:00,52069.0,52274.574
2020-02-12 02:00:00+00:00,51920.0,52550.555
2020-02-12 03:00:00+00:00,53149.0,52700.203
2020-02-12 04:00:00+00:00,57024.0,56207.152
2020-02-12 05:00:00+00:00,64698.0,65514.207
2020-02-12 06:00:00+00:00,70407.0,70181.71
2020-02-12 07:00:00+00:00,72844.0,72453.96
2020-02-12 08:00:00+00:00,73306.0,73487.45
2020-02-12 09:00:00+00:00,74022.0,74405.49
2020-02-12 10:00:00+00:00,75551.0,74546.29
2020-02-12 11:00:00+00:00,74576.0,75250.305
2020-02-12 12:00:00+00:00,74068.0,74170.37
2020-02-12 13:00:00+00:00,72455.0,73347.055
2020-02-12 14:00:00+00:00,70701.0,71954.89
2020-02-12 15:00:00+00:00,69786.0,70487.9
2020-02-12 16:00:00+00:00,71348.0,72622.734
2020-02-12 17:00:00+00:00,72748.0,72570.23
2020-02-12 18:00:00+00:00,70910.0,71835.42
2020-02-12 19:00:00+00:00,67355.0,67322.5
2020-02-12 20:00:00+00:00,63558.0,64480.777
2020-02-12 21:00:00+00:00,60496.0,60965.812
2020-02-12 22:00:00+00:00,56966.0,56585.484
2020-02-12 23:00:00+00:00,54262.0,54010.312
2020-02-13 00:00:00+00:00,52799.0,52453.934
2020-02-13 01:00:00+00:00,51541.0,52150.2
2020-02-13 02:00:00+00:00,51768.0,51655.46
2020-02-13 03:00:00+00:00,53171.0,52654.42
2020-02-13 04:00:00+00:00,56187.0,56258.27
2020-02-13 05:00:00+00:00,63267.0,63255.777
2020-02-13 06:00:00+00:00,69419.0,68748.12
2020-02-13 07:00:00+00:00,71305.0,71902.49
2020-02-13 08:00:00+00:00,72131.0,71861.63
2020-02-13 09:00:00+00:00,73887.0,73339.72
2020-02-13 10:00:00+00:00,74816.0,74699.85
2020-02-13 11:00:00+00:00,74465.0,74441.93
2020-02-13 12:00:00+00:00,74953.0,74022.56
2020-02-13 13:00:00+00:00,73489.0,74254.68
2020-02-13 14:00:00+00:00,72111.0,73046.49
2020-02-13 15:00:00+00:00,71369.0,71743.484
2020-02-13 16:00:00+00:00,72394.0,73878.625
2020-02-13 17:00:00+00:00,74092.0,73424.8
2020-02-13 18:00:00+00:00,71890.0,73343.23
2020-02-13 19:00:00+00:00,68796.0,68343.99
2020-02-13 20:00:00+00:00,64769.0,66112.97
2020-02-13 21:00:00+00:00,60637.0,61976.05
2020-02-13 22:00:00+00:00,56403.0,56494.65
2020-02-13 23:00:00+00:00,53767.0,53399.902
2020-02-14 00:00:00+00:00,52527.0,52155.8
2020-02-14 01:00:00+00:00,51467.0,52060.48
2020-02-14 02:00:00+00:00,51876.0,51862.17
2020-02-14 03:00:00+00:00,53480.0,53131.906
2020-02-14 04:00:00+00:00,56394.0,57194.645
2020-02-14 05:00:00+00:00,62977.0,63458.82
2020-02-14 06:00:00+00:00,68579.0,68407.83
2020-02-14 07:00:00+00:00,70427.0,71169.734
2020-02-14 08:00:00+00:00,71020.0,71165.08
2020-02-14 09:00:00+00:00,71743.0,72180.22
2020-02-14 10:00:00+00:00,72554.0,72466.45
2020-02-14 11:00:00+00:00,72217.0,72231.67
2020-02-14 12:00:00+00:00,71210.0,71753.914
2020-02-14 13:00:00+00:00,69456.0,70455.13
2020-02-14 14:00:00+00:00,68331.0,68777.18
2020-02-14 15:00:00+00:00,67217.0,68514.54
2020-02-14 16:00:00+00:00,68211.0,70174.305
2020-02-14 17:00:00+00:00,69788.0,70462.33
2020-02-14 18:00:00+00:00,67806.0,69903.6
2020-02-14 19:00:00+00:00,63550.0,64597.883
2020-02-14 20:00:00+00:00,59582.0,60873.47
2020-02-14 21:00:00+00:00,56781.0,57115.066
2020-02-14 22:00:00+00:00,53601.0,53146.53
2020-02-14 23:00:00+00:00,50438.0,50952.395
2020-02-15 00:00:00+00:00,48238.0,48565.277
2020-02-15 01:00:00+00:00,47003.0,47429.9
2020-02-15 02:00:00+00:00,47037.0,46843.73
2020-02-15 03:00:00+00:00,47409.0,47517.65
2020-02-15 04:00:00+00:00,47527.0,47923.867
2020-02-15 05:00:00+00:00,48295.0,49484.41
2020-02-15 06:00:00+00:00,51062.0,51594.543
2020-02-15 07:00:00+00:00,54886.0,54767.7
2020-02-15 08:00:00+00:00,57281.0,57929.594
2020-02-15 09:00:00+00:00,58849.0,58962.688
2020-02-15 10:00:00+00:00,58885.0,59749.28
2020-02-15 11:00:00+00:00,58780.0,58018.35
2020-02-15 12:00:00+00:00,56704.0,57577.01
2020-02-15 13:00:00+00:00,54450.0,55227.734
2020-02-15 14:00:00+00:00,54119.0,53661.81
2020-02-15 15:00:00+00:00,54270.0,55156.44
2020-02-15 16:00:00+00:00,58071.0,57900.137
2020-02-15 17:00:00+00:00,61289.0,60325.152
2020-02-15 18:00:00+00:00,59199.0,59468.418
2020-02-15 19:00:00+00:00,55062.0,55213.367
2020-02-15 20:00:00+00:00,51916.0,52835.605
2020-02-15 21:00:00+00:00,50999.0,51421.957
2020-02-15 22:00:00+00:00,47618.0,48047.95
2020-02-15 23:00:00+00:00,45394.0,44418.098
2020-02-16 00:00:00+00:00,42945.0,42887.34
2020-02-16 01:00:00+00:00,41711.0,42184.598
2020-02-16 02:00:00+00:00,41655.0,41722.29
2020-02-16 03:00:00+00:00,42204.0,41210.14
2020-02-16 04:00:00+00:00,42101.0,42313.824
2020-02-16 05:00:00+00:00,42535.0,42144.598
2020-02-16 06:00:00+00:00,43965.0,45505.938
2020-02-16 07:00:00+00:00,48057.0,47143.418
2020-02-16 08:00:00+00:00,51390.0,51675.105
2020-02-16 09:00:00+00:00,53339.0,53750.973
2020-02-16 10:00:00+00:00,55560.0,55084.21
2020-02-16 11:00:00+00:00,55466.0,55428.355
2020-02-16 12:00:00+00:00,53743.0,53751.21
2020-02-16 13:00:00+00:00,51533.0,52314.13
2020-02-16 14:00:00+00:00,51264.0,50688.33
2020-02-16 15:00:00+00:00,50967.0,52137.566
2020-02-16 16:00:00+00:00,53488.0,53373.97
2020-02-16 17:00:00+00:00,57770.0,57055.625
2020-02-16 18:00:00+00:00,56699.0,58282.465
2020-02-16 19:00:00+00:00,53678.0,53906.055
2020-02-16 20:00:00+00:00,51945.0,52270.574
2020-02-16 21:00:00+00:00,51479.0,51816.316
2020-02-16 22:00:00+00:00,48207.0,48297.973
2020-02-16 23:00:00+00:00,46669.0,44913.715
2020-02-17 00:00:00+00:00,44826.0,44822.332
2020-02-17 01:00:00+00:00,44318.0,43913.14
2020-02-17 02:00:00+00:00,44574.0,44745.496
2020-02-17 03:00:00+00:00,46675.0,46090.496
2020-02-17 04:00:00+00:00,50862.0,50599.094
2020-02-17 05:00:00+00:00,60873.0,60046.523
2020-02-17 06:00:00+00:00,67391.0,67429.08
2020-02-17 07:00:00+00:00,69304.0,69837.46
2020-02-17 08:00:00+00:00,69915.0,69958.984
2020-02-17 09:00:00+00:00,70348.0,71110.734
2020-02-17 10:00:00+00:00,71474.0,71351.586
2020-02-17 11:00:00+00:00,70684.0,71159.086
2020-02-17 12:00:00+00:00,70084.0,70568.664
2020-02-17 13:00:00+00:00,69094.0,69369.9
2020-02-17 14:00:00+00:00,67730.0,68529.96
2020-02-17 15:00:00+00:00,67895.0,67465.25
2020-02-17 16:00:00+00:00,69140.0,70485.336
2020-02-17 17:00:00+00:00,70989.0,70222.7
2020-02-17 18:00:00+00:00,70024.0,70255.73
2020-02-17 19:00:00+00:00,65864.0,65990.12
2020-02-17 20:00:00+00:00,62238.0,62708.445
2020-02-17 21:00:00+00:00,59183.0,59498.188
2020-02-17 22:00:00+00:00,55246.0,54822.96
2020-02-17 23:00:00+00:00,52459.0,51872.938
2020-02-18 00:00:00+00:00,51210.0,50722.82
2020-02-18 01:00:00+00:00,51009.0,50623.48
2020-02-18 02:00:00+00:00,51043.0,51678.89
2020-02-18 03:00:00+00:00,52437.0,52102.62
2020-02-18 04:00:00+00:00,55836.0,55566.92
2020-02-18 05:00:00+00:00,62822.0,63065.676
2020-02-18 06:00:00+00:00,68405.0,68125.74
2020-02-18 07:00:00+00:00,70816.0,70403.74
2020-02-18 08:00:00+00:00,70672.0,71510.13
2020-02-18 09:00:00+00:00,72111.0,71741.01
2020-02-18 10:00:00+00:00,73316.0,72758.07
2020-02-18 11:00:00+00:00,72604.0,72929.28
2020-02-18 12:00:00+00:00,71966.0,72096.61
2020-02-18 13:00:00+00:00,70775.0,71076.04
2020-02-18 14:00:00+00:00,69409.0,70121.96
2020-02-18 15:00:00+00:00,67769.0,68785.945
2020-02-18 16:00:00+00:00,68949.0,69763.27
2020-02-18 17:00:00+00:00,71543.0,71314.45
2020-02-18 18:00:00+00:00,70327.0,71048.42
2020-02-18 19:00:00+00:00,66624.0,66765.19
2020-02-18 20:00:00+00:00,63046.0,63746.824
2020-02-18 21:00:00+00:00,59899.0,60555.96
2020-02-18 22:00:00+00:00,56106.0,55920.35
2020-02-18 23:00:00+00:00,52285.0,53067.895
2020-02-19 00:00:00+00:00,50933.0,50240.293
2020-02-19 01:00:00+00:00,50245.0,50365.223
2020-02-19 02:00:00+00:00,50847.0,50701.14
2020-02-19 03:00:00+00:00,52136.0,52373.457
2020-02-19 04:00:00+00:00,55136.0,55470.297
2020-02-19 05:00:00+00:00,62712.0,62362.96
2020-02-19 06:00:00+00:00,67798.0,68477.6
2020-02-19 07:00:00+00:00,69868.0,69880.734
2020-02-19 08:00:00+00:00,69408.0,70577.86
2020-02-19 09:00:00+00:00,71427.0,70500.734
2020-02-19 10:00:00+00:00,73308.0,72417.19
2020-02-19 11:00:00+00:00,72255.0,72965.33
2020-02-19 12:00:00+00:00,72027.0,71789.484
2020-02-19 13:00:00+00:00,69450.0,71042.26
2020-02-19 14:00:00+00:00,69223.0,68831.0
2020-02-19 15:00:00+00:00,66899.0,68470.03
2020-02-19 16:00:00+00:00,67825.0,68426.96
2020-02-19 17:00:00+00:00,70203.0,70645.15
2020-02-19 18:00:00+00:00,68553.0,70074.36
2020-02-19 19:00:00+00:00,65112.0,65093.824
2020-02-19 20:00:00+00:00,61652.0,62333.97
2020-02-19 21:00:00+00:00,59134.0,58984.39
2020-02-19 22:00:00+00:00,54947.0,55296.97
2020-02-19 23:00:00+00:00,51758.0,51685.062
2020-02-20 00:00:00+00:00,50095.0,49897.676
2020-02-20 01:00:00+00:00,49923.0,49423.984
2020-02-20 02:00:00+00:00,49816.0,50673.883
2020-02-20 03:00:00+00:00,50661.0,50874.305
2020-02-20 04:00:00+00:00,54245.0,53136.156
2020-02-20 05:00:00+00:00,61664.0,61989.67
2020-02-20 06:00:00+00:00,66512.0,67140.09
2020-02-20 07:00:00+00:00,68277.0,68603.29
2020-02-20 08:00:00+00:00,69205.0,69096.62
2020-02-20 09:00:00+00:00,70044.0,70696.67
2020-02-20 10:00:00+00:00,70903.0,70778.984
2020-02-20 11:00:00+00:00,69585.0,70503.375
2020-02-20 12:00:00+00:00,69839.0,68938.945
2020-02-20 13:00:00+00:00,68317.0,68995.65
2020-02-20 14:00:00+00:00,67918.0,67489.24
2020-02-20 15:00:00+00:00,67063.0,67287.07
2020-02-20 16:00:00+00:00,68808.0,68698.2
2020-02-20 17:00:00+00:00,71423.0,70363.29
2020-02-20 18:00:00+00:00,70222.0,70153.164
2020-02-20 19:00:00+00:00,66789.0,66748.36
2020-02-20 20:00:00+00:00,63307.0,63939.07
2020-02-20 21:00:00+00:00,60844.0,60828.36
2020-02-20 22:00:00+00:00,56462.0,57176.723
2020-02-20 23:00:00+00:00,53035.0,53254.32
2020-02-21 00:00:00+00:00,51740.0,51179.305
2020-02-21 01:00:00+00:00,50556.0,51104.62
2020-02-21 02:00:00+00:00,51438.0,50856.54
2020-02-21 03:00:00+00:00,53116.0,53003.285
2020-02-21 04:00:00+00:00,56013.0,57030.31
2020-02-21 05:00:00+00:00,62575.0,63360.117
2020-02-21 06:00:00+00:00,67025.0,67860.46
2020-02-21 07:00:00+00:00,69408.0,69234.75
2020-02-21 08:00:00+00:00,69814.0,70261.79
2020-02-21 09:00:00+00:00,70593.0,70973.89
2020-02-21 10:00:00+00:00,71542.0,71285.69
2020-02-21 11:00:00+00:00,70456.0,71227.695
2020-02-21 12:00:00+00:00,68524.0,69804.53
2020-02-21 13:00:00+00:00,66778.0,67474.3
2020-02-21 14:00:00+00:00,65611.0,65973.14
2020-02-21 15:00:00+00:00,64880.0,64993.61
2020-02-21 16:00:00+00:00,65942.0,66478.414
2020-02-21 17:00:00+00:00,67935.0,68219.875
2020-02-21 18:00:00+00:00,66878.0,67523.71
2020-02-21 19:00:00+00:00,63358.0,63595.188
2020-02-21 20:00:00+00:00,59647.0,60715.17
2020-02-21 21:00:00+00:00,57230.0,57237.598
2020-02-21 22:00:00+00:00,54466.0,53748.582
2020-02-21 23:00:00+00:00,50257.0,51778.77
2020-02-22 00:00:00+00:00,48062.0,48053.098
2020-02-22 01:00:00+00:00,47022.0,47214.496
2020-02-22 02:00:00+00:00,47105.0,46806.473
2020-02-22 03:00:00+00:00,47439.0,47639.797
2020-02-22 04:00:00+00:00,47472.0,47271.37
2020-02-22 05:00:00+00:00,48351.0,49037.527
2020-02-22 06:00:00+00:00,51490.0,51961.43
2020-02-22 07:00:00+00:00,55070.0,55413.047
2020-02-22 08:00:00+00:00,57959.0,57872.04
2020-02-22 09:00:00+00:00,59340.0,59651.766
2020-02-22 10:00:00+00:00,60643.0,60089.51
2020-02-22 11:00:00+00:00,59965.0,60284.77
2020-02-22 12:00:00+00:00,58611.0,58525.156
2020-02-22 13:00:00+00:00,56903.0,57342.33
2020-02-22 14:00:00+00:00,56499.0,56153.16
2020-02-22 15:00:00+00:00,55870.0,56851.637
2020-02-22 16:00:00+00:00,57656.0,57470.07
2020-02-22 17:00:00+00:00,60380.0,60445.047
2020-02-22 18:00:00+00:00,58210.0,60175.11
2020-02-22 19:00:00+00:00,55258.0,54600.105
2020-02-22 20:00:00+00:00,52405.0,52978.93
2020-02-22 21:00:00+00:00,50865.0,51183.68
2020-02-22 22:00:00+00:00,47873.0,47694.973
2020-02-22 23:00:00+00:00,46024.0,44649.258
2020-02-23 00:00:00+00:00,43170.0,43704.7
2020-02-23 01:00:00+00:00,42170.0,42085.055
2020-02-23 02:00:00+00:00,41718.0,41743.355
2020-02-23 03:00:00+00:00,41711.0,41167.01
2020-02-23 04:00:00+00:00,41647.0,41000.42
2020-02-23 05:00:00+00:00,41449.0,41068.168
2020-02-23 06:00:00+00:00,43006.0,43852.348
2020-02-23 07:00:00+00:00,46073.0,46299.18
2020-02-23 08:00:00+00:00,50227.0,49637.684
2020-02-23 09:00:00+00:00,53237.0,53019.98
2020-02-23 10:00:00+00:00,56340.0,55619.246
2020-02-23 11:00:00+00:00,55153.0,56681.13
2020-02-23 12:00:00+00:00,53966.0,52883.992
2020-02-23 13:00:00+00:00,52843.0,52778.312
2020-02-23 14:00:00+00:00,52017.0,52559.22
2020-02-23 15:00:00+00:00,52434.0,52637.395
2020-02-23 16:00:00+00:00,54538.0,55342.68
2020-02-23 17:00:00+00:00,58094.0,57035.805
2020-02-23 18:00:00+00:00,57622.0,58304.426
2020-02-23 19:00:00+00:00,54094.0,55110.855
2020-02-23 20:00:00+00:00,52365.0,52299.35
2020-02-23 21:00:00+00:00,52072.0,52623.473
2020-02-23 22:00:00+00:00,49139.0,48912.31
2020-02-23 23:00:00+00:00,46950.0,46121.85
2020-02-24 00:00:00+00:00,45173.0,44979.29
2020-02-24 01:00:00+00:00,44339.0,44325.043
2020-02-24 02:00:00+00:00,44807.0,44494.47
2020-02-24 03:00:00+00:00,46801.0,46146.734
2020-02-24 04:00:00+00:00,49881.0,50710.727
2020-02-24 05:00:00+00:00,55944.0,57441.35
2020-02-24 06:00:00+00:00,61984.0,61871.348
2020-02-24 07:00:00+00:00,64274.0,65586.1
2020-02-24 08:00:00+00:00,66063.0,65339.297
2020-02-24 09:00:00+00:00,66512.0,67551.06
2020-02-24 10:00:00+00:00,67902.0,67603.1
2020-02-24 11:00:00+00:00,68664.0,68024.0
2020-02-24 12:00:00+00:00,67990.0,68351.43
2020-02-24 13:00:00+00:00,67772.0,67262.14
2020-02-24 14:00:00+00:00,66662.0,67269.375
2020-02-24 15:00:00+00:00,65090.0,66579.516
2020-02-24 16:00:00+00:00,66908.0,66015.414
2020-02-24 17:00:00+00:00,69354.0,70584.82
2020-02-24 18:00:00+00:00,68063.0,69707.47
2020-02-24 19:00:00+00:00,64232.0,65585.6
2020-02-24 20:00:00+00:00,60443.0,61325.227
2020-02-24 21:00:00+00:00,58629.0,57787.805
2020-02-24 22:00:00+00:00,54373.0,54827.016
2020-02-24 23:00:00+00:00,50432.0,50902.375
2020-02-25 00:00:00+00:00,48344.0,48372.41
2020-02-25 01:00:00+00:00,47694.0,47393.555
2020-02-25 02:00:00+00:00,47979.0,48038.582
2020-02-25 03:00:00+00:00,49290.0,49272.348
2020-02-25 04:00:00+00:00,52775.0,52374.508
2020-02-25 05:00:00+00:00,60318.0,60323.285
2020-02-25 06:00:00+00:00,65165.0,66287.82
2020-02-25 07:00:00+00:00,67018.0,67564.29
2020-02-25 08:00:00+00:00,67396.0,67875.8
2020-02-25 09:00:00+00:00,69168.0,68826.13
2020-02-25 10:00:00+00:00,71127.0,70395.44
2020-02-25 11:00:00+00:00,69389.0,70879.805
2020-02-25 12:00:00+00:00,68007.0,68778.805
2020-02-25 13:00:00+00:00,67925.0,66872.14
2020-02-25 14:00:00+00:00,66655.0,67361.68
2020-02-25 15:00:00+00:00,65363.0,65761.27
2020-02-25 16:00:00+00:00,66818.0,66504.64
2020-02-25 17:00:00+00:00,69335.0,68801.24
2020-02-25 18:00:00+00:00,68226.0,68178.85
2020-02-25 19:00:00+00:00,64282.0,64960.45
2020-02-25 20:00:00+00:00,60866.0,61101.91
2020-02-25 21:00:00+00:00,58427.0,58182.41
2020-02-25 22:00:00+00:00,54468.0,54389.066
2020-02-25 23:00:00+00:00,51428.0,51220.574
2020-02-26 00:00:00+00:00,49888.0,49700.914
2020-02-26 01:00:00+00:00,49597.0,49307.387
2020-02-26 02:00:00+00:00,50320.0,50276.62
2020-02-26 03:00:00+00:00,51843.0,51968.246
2020-02-26 04:00:00+00:00,54755.0,55275.023
2020-02-26 05:00:00+00:00,61688.0,61173.793
2020-02-26 06:00:00+00:00,66288.0,67107.98
2020-02-26 07:00:00+00:00,68405.0,68282.63
2020-02-26 08:00:00+00:00,69189.0,69220.555
2020-02-26 09:00:00+00:00,70336.0,70610.78
2020-02-26 10:00:00+00:00,71867.0,70901.3
2020-02-26 11:00:00+00:00,71269.0,71532.01
2020-02-26 12:00:00+00:00,70410.0,70662.016
2020-02-26 13:00:00+00:00,69851.0,69444.92
2020-02-26 14:00:00+00:00,69019.0,69042.06
2020-02-26 15:00:00+00:00,67690.0,68246.445
2020-02-26 16:00:00+00:00,68343.0,68762.96
2020-02-26 17:00:00+00:00,70612.0,70436.08
2020-02-26 18:00:00+00:00,68976.0,70101.57
2020-02-26 19:00:00+00:00,65275.0,65758.61
2020-02-26 20:00:00+00:00,62270.0,62471.95
2020-02-26 21:00:00+00:00,59587.0,59795.63
2020-02-26 22:00:00+00:00,55688.0,55669.008
2020-02-26 23:00:00+00:00,52930.0,52753.375
2020-02-27 00:00:00+00:00,51613.0,51306.676
2020-02-27 01:00:00+00:00,50614.0,51123.04
2020-02-27 02:00:00+00:00,51031.0,50916.684
2020-02-27 03:00:00+00:00,52624.0,52161.723
2020-02-27 04:00:00+00:00,56220.0,56042.5
2020-02-27 05:00:00+00:00,63141.0,63776.277
2020-02-27 06:00:00+00:00,67119.0,68063.86
2020-02-27 07:00:00+00:00,68728.0,68900.3
2020-02-27 08:00:00+00:00,69688.0,69574.555
2020-02-27 09:00:00+00:00,70849.0,71154.875
2020-02-27 10:00:00+00:00,73148.0,71410.125
2020-02-27 11:00:00+00:00,72442.0,72992.734
2020-02-27 12:00:00+00:00,71343.0,71895.59
2020-02-27 13:00:00+00:00,70087.0,70428.15
2020-02-27 14:00:00+00:00,69454.0,69400.08
2020-02-27 15:00:00+00:00,69184.0,68772.66
2020-02-27 16:00:00+00:00,70227.0,71043.4
2020-02-27 17:00:00+00:00,71489.0,71209.46
2020-02-27 18:00:00+00:00,71200.0,70255.38
2020-02-27 19:00:00+00:00,67884.0,68158.05
2020-02-27 20:00:00+00:00,64542.0,65029.344
2020-02-27 21:00:00+00:00,61256.0,62146.137
2020-02-27 22:00:00+00:00,57508.0,57423.137
2020-02-27 23:00:00+00:00,54168.0,54667.543
2020-02-28 00:00:00+00:00,53039.0,52406.36
2020-02-28 01:00:00+00:00,52528.0,52690.523
2020-02-28 02:00:00+00:00,52249.0,53116.258
2020-02-28 03:00:00+00:00,53079.0,53184.684
2020-02-28 04:00:00+00:00,56186.0,55643.887
2020-02-28 05:00:00+00:00,62084.0,63525.918
2020-02-28 06:00:00+00:00,65520.0,66995.8
2020-02-28 07:00:00+00:00,67778.0,67761.414
2020-02-28 08:00:00+00:00,68444.0,68910.164
2020-02-28 09:00:00+00:00,69704.0,69662.46
2020-02-28 10:00:00+00:00,71133.0,70303.555
2020-02-28 11:00:00+00:00,69630.0,70943.54
2020-02-28 12:00:00+00:00,67709.0,68794.54
2020-02-28 13:00:00+00:00,66265.0,66612.11
2020-02-28 14:00:00+00:00,64773.0,65584.49
2020-02-28 15:00:00+00:00,63649.0,64211.42
2020-02-28 16:00:00+00:00,65842.0,64899.703
2020-02-28 17:00:00+00:00,68145.0,68823.58
2020-02-28 18:00:00+00:00,67682.0,67210.86
2020-02-28 19:00:00+00:00,64150.0,64483.867
2020-02-28 20:00:00+00:00,61104.0,61240.855
2020-02-28 21:00:00+00:00,58761.0,59452.324
2020-02-28 22:00:00+00:00,54827.0,55370.832
2020-02-28 23:00:00+00:00,50594.0,51913.62
2020-02-29 00:00:00+00:00,48627.0,48451.137
2020-02-29 01:00:00+00:00,47202.0,47696.25
2020-02-29 02:00:00+00:00,46268.0,47042.66
2020-02-29 03:00:00+00:00,45947.0,46019.652
2020-02-29 04:00:00+00:00,45756.0,44867.953
2020-02-29 05:00:00+00:00,46235.0,45658.95
2020-02-29 06:00:00+00:00,49745.0,48985.23
2020-02-29 07:00:00+00:00,53238.0,54188.305
2020-02-29 08:00:00+00:00,55930.0,56600.957
2020-02-29 09:00:00+00:00,56931.0,57779.12
2020-02-29 10:00:00+00:00,57848.0,57944.332
2020-02-29 11:00:00+00:00,57152.0,57855.418
2020-02-29 12:00:00+00:00,56900.0,55848.977
2020-02-29 13:00:00+00:00,55793.0,55829.598
2020-02-29 14:00:00+00:00,55421.0,54828.867
2020-02-29 15:00:00+00:00,55202.0,55346.023
2020-02-29 16:00:00+00:00,57266.0,56647.96
2020-02-29 17:00:00+00:00,60352.0,59858.05
2020-02-29 18:00:00+00:00,58440.0,59948.414
2020-02-29 19:00:00+00:00,54606.0,55139.69
2020-02-29 20:00:00+00:00,52136.0,52128.457
2020-02-29 21:00:00+00:00,50972.0,50925.93
2020-02-29 22:00:00+00:00,47381.0,48118.16
2020-02-29 23:00:00+00:00,43083.0,44245.81
2020-03-01 00:00:00+00:00,41559.0,40439.004
2020-03-01 01:00:00+00:00,40820.0,40219.08
2020-03-01 02:00:00+00:00,40314.0,40640.242
2020-03-01 03:00:00+00:00,40711.0,40278.06
2020-03-01 04:00:00+00:00,40378.0,40464.42
2020-03-01 05:00:00+00:00,40479.0,39959.523
2020-03-01 06:00:00+00:00,41705.0,43104.918
2020-03-01 07:00:00+00:00,45271.0,44901.523
2020-03-01 08:00:00+00:00,47733.0,49013.156
2020-03-01 09:00:00+00:00,51955.0,50189.18
2020-03-01 10:00:00+00:00,55385.0,54857.973
2020-03-01 11:00:00+00:00,55355.0,55908.547
2020-03-01 12:00:00+00:00,52697.0,53451.47
2020-03-01 13:00:00+00:00,49887.0,50904.47
2020-03-01 14:00:00+00:00,49297.0,48967.14
2020-03-01 15:00:00+00:00,49644.0,49965.27
2020-03-01 16:00:00+00:00,52472.0,53036.215
2020-03-01 17:00:00+00:00,56146.0,55627.72
2020-03-01 18:00:00+00:00,56052.0,56592.434
2020-03-01 19:00:00+00:00,53542.0,53693.66
2020-03-01 20:00:00+00:00,51506.0,51959.266
2020-03-01 21:00:00+00:00,51448.0,50939.31
2020-03-01 22:00:00+00:00,49038.0,48574.703
2020-03-01 23:00:00+00:00,46945.0,45902.703
2020-03-02 00:00:00+00:00,45671.0,45067.836
2020-03-02 01:00:00+00:00,44985.0,44977.2
2020-03-02 02:00:00+00:00,45689.0,45379.97
2020-03-02 03:00:00+00:00,47745.0,47313.81
2020-03-02 04:00:00+00:00,52243.0,51818.562
2020-03-02 05:00:00+00:00,60916.0,61283.19
2020-03-02 06:00:00+00:00,65838.0,66499.6
2020-03-02 07:00:00+00:00,66800.0,68249.55
2020-03-02 08:00:00+00:00,67032.0,67603.76
2020-03-02 09:00:00+00:00,67977.0,68496.27
2020-03-02 10:00:00+00:00,68588.0,69031.69
2020-03-02 11:00:00+00:00,68265.0,68188.29
2020-03-02 12:00:00+00:00,68618.0,67989.305
2020-03-02 13:00:00+00:00,67558.0,67905.63
2020-03-02 14:00:00+00:00,68044.0,66999.29
2020-03-02 15:00:00+00:00,67222.0,68188.14
2020-03-02 16:00:00+00:00,67894.0,68818.87
2020-03-02 17:00:00+00:00,70014.0,70359.3
2020-03-02 18:00:00+00:00,68980.0,69797.805
2020-03-02 19:00:00+00:00,65115.0,65609.86
2020-03-02 20:00:00+00:00,62498.0,62316.527
2020-03-02 21:00:00+00:00,59130.0,59617.53
2020-03-02 22:00:00+00:00,54647.0,54790.086
2020-03-02 23:00:00+00:00,51097.0,51659.08
2020-03-03 00:00:00+00:00,49445.0,49432.758
2020-03-03 01:00:00+00:00,48659.0,48960.363
2020-03-03 02:00:00+00:00,49518.0,49252.695
2020-03-03 03:00:00+00:00,51010.0,51337.117
2020-03-03 04:00:00+00:00,54817.0,55109.27
2020-03-03 05:00:00+00:00,61650.0,63156.805
2020-03-03 06:00:00+00:00,66079.0,67325.12
2020-03-03 07:00:00+00:00,68378.0,68198.38
2020-03-03 08:00:00+00:00,68370.0,69258.87
2020-03-03 09:00:00+00:00,69642.0,69590.39
2020-03-03 10:00:00+00:00,70907.0,70526.7
2020-03-03 11:00:00+00:00,69448.0,70623.305
2020-03-03 12:00:00+00:00,68963.0,68767.41
2020-03-03 13:00:00+00:00,67803.0,67982.91
2020-03-03 14:00:00+00:00,66145.0,67033.51
2020-03-03 15:00:00+00:00,64663.0,65276.4
2020-03-03 16:00:00+00:00,65570.0,65911.555
2020-03-03 17:00:00+00:00,68422.0,68417.52
2020-03-03 18:00:00+00:00,68201.0,68371.49
2020-03-03 19:00:00+00:00,64264.0,64857.996
2020-03-03 20:00:00+00:00,61320.0,61219.48
2020-03-03 21:00:00+00:00,58267.0,58859.203
2020-03-03 22:00:00+00:00,54299.0,54122.508
2020-03-03 23:00:00+00:00,51245.0,51251.375
2020-03-04 00:00:00+00:00,50198.0,49494.707
2020-03-04 01:00:00+00:00,48850.0,49825.754
2020-03-04 02:00:00+00:00,50226.0,49108.004
2020-03-04 03:00:00+00:00,51477.0,52108.53
2020-03-04 04:00:00+00:00,54538.0,54811.04
2020-03-04 05:00:00+00:00,60866.0,61244.805
2020-03-04 06:00:00+00:00,65581.0,65870.88
2020-03-04 07:00:00+00:00,67538.0,67711.93
2020-03-04 08:00:00+00:00,67294.0,68379.27
2020-03-04 09:00:00+00:00,68297.0,68515.84
2020-03-04 10:00:00+00:00,69374.0,68975.62
2020-03-04 11:00:00+00:00,70018.0,68905.7
2020-03-04 12:00:00+00:00,68872.0,69511.24
2020-03-04 13:00:00+00:00,67216.0,67818.5
2020-03-04 14:00:00+00:00,66684.0,66311.555
2020-03-04 15:00:00+00:00,65495.0,65874.0
2020-03-04 16:00:00+00:00,66911.0,66471.11
2020-03-04 17:00:00+00:00,68770.0,69502.93
2020-03-04 18:00:00+00:00,68119.0,68528.49
2020-03-04 19:00:00+00:00,63888.0,64888.594
2020-03-04 20:00:00+00:00,60895.0,60916.734
2020-03-04 21:00:00+00:00,57932.0,58704.574
2020-03-04 22:00:00+00:00,53838.0,53852.844
2020-03-04 23:00:00+00:00,51925.0,50754.64
2020-03-05 00:00:00+00:00,50116.0,50393.617
2020-03-05 01:00:00+00:00,49152.0,49483.164
2020-03-05 02:00:00+00:00,50296.0,49483.66
2020-03-05 03:00:00+00:00,51804.0,52039.92
2020-03-05 04:00:00+00:00,54734.0,55431.023
2020-03-05 05:00:00+00:00,61152.0,60516.953
2020-03-05 06:00:00+00:00,65641.0,66306.73
2020-03-05 07:00:00+00:00,67442.0,67646.9
2020-03-05 08:00:00+00:00,68021.0,68225.414
2020-03-05 09:00:00+00:00,68795.0,69373.89
2020-03-05 10:00:00+00:00,69661.0,69366.664
2020-03-05 11:00:00+00:00,68672.0,69199.07
2020-03-05 12:00:00+00:00,68734.0,67899.14
2020-03-05 13:00:00+00:00,67790.0,67803.914
2020-03-05 14:00:00+00:00,67632.0,66905.06
2020-03-05 15:00:00+00:00,68159.0,67099.76
2020-03-05 16:00:00+00:00,68883.0,69825.73
2020-03-05 17:00:00+00:00,70849.0,69832.914
2020-03-05 18:00:00+00:00,70193.0,69746.3
2020-03-05 19:00:00+00:00,65964.0,67131.45
2020-03-05 20:00:00+00:00,62459.0,63135.36
2020-03-05 21:00:00+00:00,59111.0,60125.375
2020-03-05 22:00:00+00:00,55070.0,55239.223
2020-03-05 23:00:00+00:00,51458.0,52271.344
2020-03-06 00:00:00+00:00,49208.0,49750.33
2020-03-06 01:00:00+00:00,48539.0,48568.266
2020-03-06 02:00:00+00:00,49116.0,48872.773
2020-03-06 03:00:00+00:00,50770.0,50625.727
2020-03-06 04:00:00+00:00,54176.0,54622.65
2020-03-06 05:00:00+00:00,61719.0,62307.06
2020-03-06 06:00:00+00:00,67220.0,67992.766
2020-03-06 07:00:00+00:00,69128.0,69544.95
2020-03-06 08:00:00+00:00,69735.0,69811.81
2020-03-06 09:00:00+00:00,70984.0,70921.3
2020-03-06 10:00:00+00:00,71570.0,71947.945
2020-03-06 11:00:00+00:00,71020.0,71221.766
2020-03-06 12:00:00+00:00,70019.0,70612.89
2020-03-06 13:00:00+00:00,68489.0,69078.69
2020-03-06 14:00:00+00:00,67437.0,67809.95
2020-03-06 15:00:00+00:00,66437.0,66805.555
2020-03-06 16:00:00+00:00,66909.0,68294.5
2020-03-06 17:00:00+00:00,68216.0,69020.9
2020-03-06 18:00:00+00:00,66548.0,68380.445
2020-03-06 19:00:00+00:00,62293.0,63459.83
2020-03-06 20:00:00+00:00,58887.0,59435.97
2020-03-06 21:00:00+00:00,56183.0,56342.863
2020-03-06 22:00:00+00:00,52810.0,52253.19
2020-03-06 23:00:00+00:00,49670.0,49858.676
2020-03-07 00:00:00+00:00,47396.0,47813.69
2020-03-07 01:00:00+00:00,46538.0,46576.227
2020-03-07 02:00:00+00:00,46222.0,46630.188
2020-03-07 03:00:00+00:00,46268.0,46596.27
2020-03-07 04:00:00+00:00,46485.0,46340.69
2020-03-07 05:00:00+00:00,47072.0,48312.707
2020-03-07 06:00:00+00:00,49675.0,50203.867
2020-03-07 07:00:00+00:00,53514.0,53301.29
2020-03-07 08:00:00+00:00,56325.0,56555.543
2020-03-07 09:00:00+00:00,58191.0,58130.582
2020-03-07 10:00:00+00:00,59508.0,59181.39
2020-03-07 11:00:00+00:00,58643.0,59027.273
2020-03-07 12:00:00+00:00,57394.0,57059.39
2020-03-07 13:00:00+00:00,55595.0,56139.547
2020-03-07 14:00:00+00:00,54437.0,54767.34
2020-03-07 15:00:00+00:00,54495.0,54843.35
2020-03-07 16:00:00+00:00,55280.0,57797.805
2020-03-07 17:00:00+00:00,58566.0,58377.387
2020-03-07 18:00:00+00:00,57630.0,59078.215
2020-03-07 19:00:00+00:00,54323.0,54547.902
2020-03-07 20:00:00+00:00,51758.0,52012.625
2020-03-07 21:00:00+00:00,50289.0,50851.008
2020-03-07 22:00:00+00:00,48062.0,47013.754
2020-03-07 23:00:00+00:00,45136.0,44962.52
2020-03-08 00:00:00+00:00,43413.0,42595.91
2020-03-08 01:00:00+00:00,42564.0,42184.152
2020-03-08 02:00:00+00:00,42039.0,42362.9
2020-03-08 03:00:00+00:00,42624.0,41958.824
2020-03-08 04:00:00+00:00,42699.0,42649.73
2020-03-08 05:00:00+00:00,42641.0,42786.46
2020-03-08 06:00:00+00:00,43653.0,44973.258
2020-03-08 07:00:00+00:00,46997.0,46697.81
2020-03-08 08:00:00+00:00,50172.0,50437.902
2020-03-08 09:00:00+00:00,52504.0,52536.855
2020-03-08 10:00:00+00:00,53949.0,54523.42
2020-03-08 11:00:00+00:00,53001.0,53634.47
2020-03-08 12:00:00+00:00,50884.0,50982.117
2020-03-08 13:00:00+00:00,49926.0,49313.78
2020-03-08 14:00:00+00:00,50100.0,49751.535
2020-03-08 15:00:00+00:00,50396.0,51233.234
2020-03-08 16:00:00+00:00,51946.0,52668.29
2020-03-08 17:00:00+00:00,55860.0,55151.977
2020-03-08 18:00:00+00:00,55836.0,56667.863
2020-03-08 19:00:00+00:00,53002.0,53415.65
2020-03-08 20:00:00+00:00,51058.0,51698.082
2020-03-08 21:00:00+00:00,50178.0,50498.496
2020-03-08 22:00:00+00:00,47237.0,46965.32
2020-03-08 23:00:00+00:00,44858.0,44648.95
2020-03-09 00:00:00+00:00,43096.0,43458.297
2020-03-09 01:00:00+00:00,42956.0,42646.844
2020-03-09 02:00:00+00:00,43813.0,43637.91
2020-03-09 03:00:00+00:00,45733.0,45660.85
2020-03-09 04:00:00+00:00,50213.0,49751.36
2020-03-09 05:00:00+00:00,59763.0,59292.445
2020-03-09 06:00:00+00:00,64898.0,66479.87
2020-03-09 07:00:00+00:00,67830.0,66884.14
2020-03-09 08:00:00+00:00,67738.0,68851.516
2020-03-09 09:00:00+00:00,68825.0,68948.664
2020-03-09 10:00:00+00:00,69286.0,69931.3
2020-03-09 11:00:00+00:00,69151.0,68949.055
2020-03-09 12:00:00+00:00,68701.0,68874.625
2020-03-09 13:00:00+00:00,67219.0,67833.016
2020-03-09 14:00:00+00:00,66313.0,66421.52
2020-03-09 15:00:00+00:00,65377.0,65740.93
2020-03-09 16:00:00+00:00,65700.0,67247.12
2020-03-09 17:00:00+00:00,68298.0,68080.16
2020-03-09 18:00:00+00:00,67921.0,69143.09
2020-03-09 19:00:00+00:00,63861.0,64137.277
2020-03-09 20:00:00+00:00,61361.0,60697.375
2020-03-09 21:00:00+00:00,57986.0,58423.586
2020-03-09 22:00:00+00:00,54068.0,53326.508
2020-03-09 23:00:00+00:00,51456.0,50995.184
2020-03-10 00:00:00+00:00,50220.0,49758.92
2020-03-10 01:00:00+00:00,49542.0,49619.984
2020-03-10 02:00:00+00:00,50709.0,50013.273
2020-03-10 03:00:00+00:00,52757.0,52489.145
2020-03-10 04:00:00+00:00,55898.0,56863.477
2020-03-10 05:00:00+00:00,63175.0,61764.473
2020-03-10 06:00:00+00:00,68412.0,68173.01
2020-03-10 07:00:00+00:00,71460.0,70224.945
2020-03-10 08:00:00+00:00,71518.0,72266.1
2020-03-10 09:00:00+00:00,72850.0,72712.16
2020-03-10 10:00:00+00:00,73802.0,73321.82
2020-03-10 11:00:00+00:00,73115.0,73318.99
2020-03-10 12:00:00+00:00,72566.0,72535.4
2020-03-10 13:00:00+00:00,71316.0,71638.54
2020-03-10 14:00:00+00:00,70343.0,70511.164
2020-03-10 15:00:00+00:00,69263.0,69511.36
2020-03-10 16:00:00+00:00,70350.0,70254.695
2020-03-10 17:00:00+00:00,71470.0,72013.87
2020-03-10 18:00:00+00:00,70836.0,70668.18
2020-03-10 19:00:00+00:00,66706.0,67687.62
2020-03-10 20:00:00+00:00,62830.0,63504.605
2020-03-10 21:00:00+00:00,58733.0,60130.547
2020-03-10 22:00:00+00:00,54520.0,54464.74
2020-03-10 23:00:00+00:00,51552.0,51637.848
2020-03-11 00:00:00+00:00,49396.0,50014.8
2020-03-11 01:00:00+00:00,48289.0,48857.49
2020-03-11 02:00:00+00:00,48652.0,48607.33
2020-03-11 03:00:00+00:00,50738.0,49805.883
2020-03-11 04:00:00+00:00,54617.0,54870.156
2020-03-11 05:00:00+00:00,61439.0,63130.816
2020-03-11 06:00:00+00:00,65627.0,66853.3
2020-03-11 07:00:00+00:00,67884.0,67937.81
2020-03-11 08:00:00+00:00,68573.0,68931.5
2020-03-11 09:00:00+00:00,69876.0,69818.34
2020-03-11 10:00:00+00:00,70519.0,70707.055
2020-03-11 11:00:00+00:00,70014.0,70250.266
2020-03-11 12:00:00+00:00,69832.0,69447.81
2020-03-11 13:00:00+00:00,68454.0,68968.78
2020-03-11 14:00:00+00:00,66550.0,67722.24
2020-03-11 15:00:00+00:00,65284.0,66197.266
2020-03-11 16:00:00+00:00,65215.0,67588.19
2020-03-11 17:00:00+00:00,67671.0,68311.086
2020-03-11 18:00:00+00:00,68075.0,68882.44
2020-03-11 19:00:00+00:00,64910.0,65196.07
2020-03-11 20:00:00+00:00,61628.0,61932.7
2020-03-11 21:00:00+00:00,58311.0,58818.76
2020-03-11 22:00:00+00:00,54388.0,54233.508
2020-03-11 23:00:00+00:00,51246.0,51284.453
2020-03-12 00:00:00+00:00,49035.0,49460.855
2020-03-12 01:00:00+00:00,49033.0,48283.87
2020-03-12 02:00:00+00:00,48774.0,49813.844
2020-03-12 03:00:00+00:00,50020.0,49797.266
2020-03-12 04:00:00+00:00,54252.0,52770.37
2020-03-12 05:00:00+00:00,61941.0,62777.293
2020-03-12 06:00:00+00:00,67160.0,66824.164
2020-03-12 07:00:00+00:00,69512.0,69430.89
2020-03-12 08:00:00+00:00,69576.0,70347.24
2020-03-12 09:00:00+00:00,70847.0,70900.91
2020-03-12 10:00:00+00:00,72387.0,71756.625
2020-03-12 11:00:00+00:00,69801.0,72025.38
2020-03-12 12:00:00+00:00,69140.0,69206.09
2020-03-12 13:00:00+00:00,68010.0,68078.76
2020-03-12 14:00:00+00:00,67353.0,67240.46
2020-03-12 15:00:00+00:00,65907.0,66214.26
2020-03-12 16:00:00+00:00,66490.0,66286.67
2020-03-12 17:00:00+00:00,68375.0,68065.23
2020-03-12 18:00:00+00:00,68844.0,67679.586
2020-03-12 19:00:00+00:00,64986.0,65767.59
2020-03-12 20:00:00+00:00,61190.0,61619.06
2020-03-12 21:00:00+00:00,58686.0,58458.375
2020-03-12 22:00:00+00:00,54686.0,54775.875
2020-03-12 23:00:00+00:00,51647.0,51361.016
2020-03-13 00:00:00+00:00,49895.0,49887.29
2020-03-13 01:00:00+00:00,49340.0,49192.516
2020-03-13 02:00:00+00:00,50015.0,49884.285
2020-03-13 03:00:00+00:00,51598.0,51504.027
2020-03-13 04:00:00+00:00,55214.0,55096.348
2020-03-13 05:00:00+00:00,61945.0,62703.53
2020-03-13 06:00:00+00:00,66930.0,66909.234
2020-03-13 07:00:00+00:00,69255.0,69050.84
2020-03-13 08:00:00+00:00,70454.0,70113.81
2020-03-13 09:00:00+00:00,71154.0,71885.84
2020-03-13 10:00:00+00:00,71752.0,71698.69
2020-03-13 11:00:00+00:00,70342.0,71357.98
2020-03-13 12:00:00+00:00,69023.0,69666.695
2020-03-13 13:00:00+00:00,66225.0,68046.98
2020-03-13 14:00:00+00:00,65113.0,65251.69
2020-03-13 15:00:00+00:00,64423.0,64420.047
2020-03-13 16:00:00+00:00,64878.0,65375.457
2020-03-13 17:00:00+00:00,66612.0,66955.35
2020-03-13 18:00:00+00:00,66151.0,66549.69
2020-03-13 19:00:00+00:00,61707.0,63107.75
2020-03-13 20:00:00+00:00,57474.0,58729.53
2020-03-13 21:00:00+00:00,54764.0,54905.414
2020-03-13 22:00:00+00:00,51066.0,51068.64
2020-03-13 23:00:00+00:00,48091.0,48137.547
2020-03-14 00:00:00+00:00,46875.0,46299.285
2020-03-14 01:00:00+00:00,45735.0,46376.48
2020-03-14 02:00:00+00:00,46008.0,45879.855
2020-03-14 03:00:00+00:00,46380.0,46808.203
2020-03-14 04:00:00+00:00,46867.0,47089.543
2020-03-14 05:00:00+00:00,46985.0,49296.535
2020-03-14 06:00:00+00:00,49188.0,49695.598
2020-03-14 07:00:00+00:00,52356.0,52556.184
2020-03-14 08:00:00+00:00,54193.0,54949.723
2020-03-14 09:00:00+00:00,55573.0,55623.984
2020-03-14 10:00:00+00:00,57288.0,55950.656
2020-03-14 11:00:00+00:00,56806.0,56587.297
2020-03-14 12:00:00+00:00,54630.0,55284.69
2020-03-14 13:00:00+00:00,53064.0,53105.727
2020-03-14 14:00:00+00:00,52153.0,52384.74
2020-03-14 15:00:00+00:00,52634.0,52405.78
2020-03-14 16:00:00+00:00,54513.0,55408.773
2020-03-14 17:00:00+00:00,57050.0,57649.04
2020-03-14 18:00:00+00:00,57824.0,57206.83
2020-03-14 19:00:00+00:00,54515.0,54885.07
2020-03-14 20:00:00+00:00,51992.0,52581.715
2020-03-14 21:00:00+00:00,50735.0,51105.504
2020-03-14 22:00:00+00:00,47972.0,47471.316
2020-03-14 23:00:00+00:00,44461.0,45063.38
2020-03-15 00:00:00+00:00,42593.0,42365.1
2020-03-15 01:00:00+00:00,41700.0,41678.773
2020-03-15 02:00:00+00:00,41796.0,41583.92
2020-03-15 03:00:00+00:00,41434.0,41961.152
2020-03-15 04:00:00+00:00,41353.0,40274.74
2020-03-15 05:00:00+00:00,40274.0,41237.473
2020-03-15 06:00:00+00:00,41772.0,41839.73
2020-03-15 07:00:00+00:00,45218.0,45146.562
2020-03-15 08:00:00+00:00,48964.0,48889.26
2020-03-15 09:00:00+00:00,51523.0,51533.9
2020-03-15 10:00:00+00:00,53607.0,53978.24
2020-03-15 11:00:00+00:00,53083.0,53635.824
2020-03-15 12:00:00+00:00,50806.0,51062.477
2020-03-15 13:00:00+00:00,48261.0,49154.355
2020-03-15 14:00:00+00:00,46282.0,47327.34
2020-03-15 15:00:00+00:00,46287.0,45958.62
2020-03-15 16:00:00+00:00,49954.0,48671.6
2020-03-15 17:00:00+00:00,55142.0,55378.664
2020-03-15 18:00:00+00:00,56065.0,55814.15
2020-03-15 19:00:00+00:00,53267.0,53857.39
2020-03-15 20:00:00+00:00,51214.0,51520.53
2020-03-15 21:00:00+00:00,50769.0,51801.953
2020-03-15 22:00:00+00:00,47909.0,47830.336
2020-03-15 23:00:00+00:00,44915.0,44949.574
2020-03-16 00:00:00+00:00,43174.0,43050.082
2020-03-16 01:00:00+00:00,42693.0,42267.164
2020-03-16 02:00:00+00:00,43671.0,42637.152
2020-03-16 03:00:00+00:00,45567.0,45135.684
2020-03-16 04:00:00+00:00,49946.0,49792.094
2020-03-16 05:00:00+00:00,57132.0,58379.117
2020-03-16 06:00:00+00:00,62382.0,63091.074
2020-03-16 07:00:00+00:00,64407.0,65402.49
2020-03-16 08:00:00+00:00,65177.0,65676.73
2020-03-16 09:00:00+00:00,65773.0,66697.305
2020-03-16 10:00:00+00:00,66758.0,66832.29
2020-03-16 11:00:00+00:00,65705.0,66682.586
2020-03-16 12:00:00+00:00,64490.0,65105.33
2020-03-16 13:00:00+00:00,63154.0,63497.848
2020-03-16 14:00:00+00:00,62676.0,62306.54
2020-03-16 15:00:00+00:00,61410.0,62250.785
2020-03-16 16:00:00+00:00,61409.0,62251.88
2020-03-16 17:00:00+00:00,65110.0,63457.633
2020-03-16 18:00:00+00:00,66374.0,66445.92
2020-03-16 19:00:00+00:00,61906.0,62619.297
2020-03-16 20:00:00+00:00,58587.0,58711.062
2020-03-16 21:00:00+00:00,55259.0,55565.33
2020-03-16 22:00:00+00:00,51130.0,50873.156
2020-03-16 23:00:00+00:00,47323.0,48146.953
2020-03-17 00:00:00+00:00,45341.0,45426.965
2020-03-17 01:00:00+00:00,44686.0,44489.22
2020-03-17 02:00:00+00:00,45325.0,45098.55
2020-03-17 03:00:00+00:00,47224.0,46873.25
2020-03-17 04:00:00+00:00,50693.0,50975.855
2020-03-17 05:00:00+00:00,57080.0,58160.88
2020-03-17 06:00:00+00:00,62334.0,62625.59
2020-03-17 07:00:00+00:00,65313.0,64935.2
2020-03-17 08:00:00+00:00,66181.0,66324.516
2020-03-17 09:00:00+00:00,67025.0,67533.46
2020-03-17 10:00:00+00:00,68230.0,68103.35
2020-03-17 11:00:00+00:00,67432.0,67932.984
2020-03-17 12:00:00+00:00,67032.0,66696.805
2020-03-17 13:00:00+00:00,66340.0,65979.766
2020-03-17 14:00:00+00:00,64172.0,65383.53
2020-03-17 15:00:00+00:00,62754.0,63055.26
2020-03-17 16:00:00+00:00,63616.0,62983.59
2020-03-17 17:00:00+00:00,65868.0,66905.55
2020-03-17 18:00:00+00:00,66701.0,66613.195
2020-03-17 19:00:00+00:00,63001.0,64098.91
2020-03-17 20:00:00+00:00,59073.0,59631.81
2020-03-17 21:00:00+00:00,55405.0,56050.082
2020-03-17 22:00:00+00:00,51815.0,51082.008
2020-03-17 23:00:00+00:00,48821.0,48767.414
2020-03-18 00:00:00+00:00,46775.0,47004.23
2020-03-18 01:00:00+00:00,46456.0,45886.92
2020-03-18 02:00:00+00:00,47391.0,46925.168
2020-03-18 03:00:00+00:00,48860.0,49297.344
2020-03-18 04:00:00+00:00,52184.0,52460.906
2020-03-18 05:00:00+00:00,57499.0,59318.734
2020-03-18 06:00:00+00:00,63022.0,62173.31
2020-03-18 07:00:00+00:00,65388.0,65678.16
2020-03-18 08:00:00+00:00,65905.0,66353.8
2020-03-18 09:00:00+00:00,66557.0,67194.03
2020-03-18 10:00:00+00:00,67890.0,67359.375
2020-03-18 11:00:00+00:00,67335.0,67457.21
2020-03-18 12:00:00+00:00,65396.0,66465.66
2020-03-18 13:00:00+00:00,63689.0,64268.76
2020-03-18 14:00:00+00:00,62282.0,62821.086
2020-03-18 15:00:00+00:00,60884.0,61481.17
2020-03-18 16:00:00+00:00,61390.0,61154.145
2020-03-18 17:00:00+00:00,63409.0,64069.11
2020-03-18 18:00:00+00:00,64912.0,64986.727
2020-03-18 19:00:00+00:00,61110.0,61893.7
2020-03-18 20:00:00+00:00,57270.0,57867.676
2020-03-18 21:00:00+00:00,54279.0,54763.11
2020-03-18 22:00:00+00:00,49913.0,50317.28
2020-03-18 23:00:00+00:00,47384.0,46405.543
2020-03-19 00:00:00+00:00,45619.0,45541.062
2020-03-19 01:00:00+00:00,44692.0,44690.945
2020-03-19 02:00:00+00:00,45285.0,45016.844
2020-03-19 03:00:00+00:00,46663.0,46646.74
2020-03-19 04:00:00+00:00,49926.0,49534.883
2020-03-19 05:00:00+00:00,55851.0,56866.984
2020-03-19 06:00:00+00:00,60966.0,60847.414
2020-03-19 07:00:00+00:00,62721.0,63750.348
2020-03-19 08:00:00+00:00,63871.0,63716.445
2020-03-19 09:00:00+00:00,64412.0,65427.605
2020-03-19 10:00:00+00:00,65327.0,65038.59
2020-03-19 11:00:00+00:00,65485.0,64738.74
2020-03-19 12:00:00+00:00,64198.0,64653.758
2020-03-19 13:00:00+00:00,62492.0,63034.24
2020-03-19 14:00:00+00:00,61843.0,61534.54
2020-03-19 15:00:00+00:00,60483.0,61083.02
2020-03-19 16:00:00+00:00,60725.0,60535.816
2020-03-19 17:00:00+00:00,63932.0,61718.633
2020-03-19 18:00:00+00:00,64595.0,65097.633
2020-03-19 19:00:00+00:00,60871.0,61269.793
2020-03-19 20:00:00+00:00,57006.0,57826.473
2020-03-19 21:00:00+00:00,54099.0,54161.97
2020-03-19 22:00:00+00:00,49705.0,50116.34
2020-03-19 23:00:00+00:00,46482.0,46217.62
2020-03-20 00:00:00+00:00,44570.0,44459.406
2020-03-20 01:00:00+00:00,44040.0,43524.16
2020-03-20 02:00:00+00:00,44633.0,44484.97
2020-03-20 03:00:00+00:00,46323.0,46190.816
2020-03-20 04:00:00+00:00,49173.0,49820.043
2020-03-20 05:00:00+00:00,54468.0,55602.03
2020-03-20 06:00:00+00:00,59366.0,59530.28
2020-03-20 07:00:00+00:00,62193.0,62272.887
2020-03-20 08:00:00+00:00,62640.0,63353.953
2020-03-20 09:00:00+00:00,64009.0,63864.355
2020-03-20 10:00:00+00:00,65847.0,65144.777
2020-03-20 11:00:00+00:00,65515.0,65388.887
2020-03-20 12:00:00+00:00,63392.0,64534.977
2020-03-20 13:00:00+00:00,61482.0,62200.203
2020-03-20 14:00:00+00:00,60735.0,60706.918
2020-03-20 15:00:00+00:00,59985.0,60133.71
2020-03-20 16:00:00+00:00,60365.0,60485.22
2020-03-20 17:00:00+00:00,62599.0,61161.496
2020-03-20 18:00:00+00:00,63019.0,63696.164
2020-03-20 19:00:00+00:00,58927.0,59948.926
2020-03-20 20:00:00+00:00,55466.0,55904.832
2020-03-20 21:00:00+00:00,53049.0,52830.312
2020-03-20 22:00:00+00:00,49238.0,49102.77
2020-03-20 23:00:00+00:00,46094.0,45918.746
2020-03-21 00:00:00+00:00,44513.0,43960.49
2020-03-21 01:00:00+00:00,43386.0,43466.777
2020-03-21 02:00:00+00:00,43673.0,43451.03
2020-03-21 03:00:00+00:00,44097.0,44594.973
2020-03-21 04:00:00+00:00,44445.0,44765.59
2020-03-21 05:00:00+00:00,44132.0,45557.418
2020-03-21 06:00:00+00:00,46439.0,46175.17
2020-03-21 07:00:00+00:00,50317.0,49993.45
2020-03-21 08:00:00+00:00,53965.0,53628.45
2020-03-21 09:00:00+00:00,57106.0,56074.598
2020-03-21 10:00:00+00:00,59283.0,58218.51
2020-03-21 11:00:00+00:00,58143.0,58392.562
2020-03-21 12:00:00+00:00,55637.0,56484.043
2020-03-21 13:00:00+00:00,53064.0,54272.867
2020-03-21 14:00:00+00:00,52882.0,52417.457
2020-03-21 15:00:00+00:00,52357.0,53280.246
2020-03-21 16:00:00+00:00,54062.0,53699.227
2020-03-21 17:00:00+00:00,56126.0,56759.445
2020-03-21 18:00:00+00:00,56418.0,56665.8
2020-03-21 19:00:00+00:00,53262.0,53815.746
2020-03-21 20:00:00+00:00,51002.0,51167.254
2020-03-21 21:00:00+00:00,49667.0,50123.953
2020-03-21 22:00:00+00:00,46672.0,46160.7
2020-03-21 23:00:00+00:00,43988.0,43491.27
2020-03-22 00:00:00+00:00,42234.0,41685.277
2020-03-22 01:00:00+00:00,41110.0,41164.844
2020-03-22 02:00:00+00:00,40041.0,41014.13
2020-03-22 03:00:00+00:00,40252.0,40153.09
2020-03-22 04:00:00+00:00,40190.0,39815.207
2020-03-22 05:00:00+00:00,39192.0,39232.2
2020-03-22 06:00:00+00:00,41396.0,39552.047
2020-03-22 07:00:00+00:00,45016.0,45128.086
2020-03-22 08:00:00+00:00,49055.0,48753.918
2020-03-22 09:00:00+00:00,52648.0,51700.984
2020-03-22 10:00:00+00:00,53347.0,55298.17
2020-03-22 11:00:00+00:00,53226.0,52443.48
2020-03-22 12:00:00+00:00,51204.0,51523.832
2020-03-22 13:00:00+00:00,48922.0,49730.73
2020-03-22 14:00:00+00:00,48060.0,48033.008
2020-03-22 15:00:00+00:00,46423.0,48559.496
2020-03-22 16:00:00+00:00,48845.0,47493.21
2020-03-22 17:00:00+00:00,52673.0,54159.56
2020-03-22 18:00:00+00:00,54742.0,54309.816
2020-03-22 19:00:00+00:00,51668.0,53032.582
2020-03-22 20:00:00+00:00,50276.0,49814.69
2020-03-22 21:00:00+00:00,50047.0,50549.875
2020-03-22 22:00:00+00:00,47431.0,46981.223
2020-03-22 23:00:00+00:00,45755.0,44464.09
2020-03-23 00:00:00+00:00,44411.0,43836.266
2020-03-23 01:00:00+00:00,43912.0,43515.72
2020-03-23 02:00:00+00:00,44438.0,44082.258
2020-03-23 03:00:00+00:00,45635.0,45913.355
2020-03-23 04:00:00+00:00,48954.0,48934.27
2020-03-23 05:00:00+00:00,53939.0,55837.35
2020-03-23 06:00:00+00:00,58346.0,59092.348
2020-03-23 07:00:00+00:00,60848.0,61794.48
2020-03-23 08:00:00+00:00,61366.0,62204.08
2020-03-23 09:00:00+00:00,62739.0,62450.06
2020-03-23 10:00:00+00:00,64375.0,63872.035
2020-03-23 11:00:00+00:00,63575.0,64531.39
2020-03-23 12:00:00+00:00,61785.0,62592.06
2020-03-23 13:00:00+00:00,60320.0,60565.484
2020-03-23 14:00:00+00:00,59549.0,59528.81
2020-03-23 15:00:00+00:00,58129.0,59626.58
2020-03-23 16:00:00+00:00,58418.0,58666.477
2020-03-23 17:00:00+00:00,60448.0,60858.113
2020-03-23 18:00:00+00:00,62919.0,61398.723
2020-03-23 19:00:00+00:00,60219.0,61076.69
2020-03-23 20:00:00+00:00,57359.0,57845.586
2020-03-23 21:00:00+00:00,54891.0,55226.14
2020-03-23 22:00:00+00:00,52062.0,51191.805
2020-03-23 23:00:00+00:00,49162.0,49018.68
2020-03-24 00:00:00+00:00,47510.0,47077.49
2020-03-24 01:00:00+00:00,47258.0,46514.08
2020-03-24 02:00:00+00:00,47347.0,47656.6
2020-03-24 03:00:00+00:00,47812.0,48532.652
2020-03-24 04:00:00+00:00,50036.0,48743.203
2020-03-24 05:00:00+00:00,54521.0,54988.348
2020-03-24 06:00:00+00:00,58457.0,58638.75
2020-03-24 07:00:00+00:00,61205.0,61509.746
2020-03-24 08:00:00+00:00,61076.0,62694.375
2020-03-24 09:00:00+00:00,62567.0,61952.215
2020-03-24 10:00:00+00:00,64185.0,63767.59
2020-03-24 11:00:00+00:00,63931.0,64054.6
2020-03-24 12:00:00+00:00,62123.0,62852.863
2020-03-24 13:00:00+00:00,60505.0,60783.49
2020-03-24 14:00:00+00:00,58818.0,59446.727
2020-03-24 15:00:00+00:00,57816.0,58044.816
2020-03-24 16:00:00+00:00,58739.0,58195.496
2020-03-24 17:00:00+00:00,60293.0,60147.426
2020-03-24 18:00:00+00:00,62479.0,59924.633
2020-03-24 19:00:00+00:00,59839.0,60582.812
2020-03-24 20:00:00+00:00,57296.0,57071.453
2020-03-24 21:00:00+00:00,55011.0,55646.316
2020-03-24 22:00:00+00:00,51768.0,51601.83
2020-03-24 23:00:00+00:00,49890.0,48508.34
2020-03-25 00:00:00+00:00,47587.0,47938.086
2020-03-25 01:00:00+00:00,46924.0,46387.727
2020-03-25 02:00:00+00:00,47509.0,47001.3
2020-03-25 03:00:00+00:00,48132.0,48564.395
2020-03-25 04:00:00+00:00,50625.0,49499.13
2020-03-25 05:00:00+00:00,54760.0,55872.902
2020-03-25 06:00:00+00:00,59122.0,58518.258
2020-03-25 07:00:00+00:00,61049.0,62205.13
2020-03-25 08:00:00+00:00,61377.0,62278.652
2020-03-25 09:00:00+00:00,62770.0,62416.113
2020-03-25 10:00:00+00:00,63778.0,64055.082
2020-03-25 11:00:00+00:00,63744.0,63352.65
2020-03-25 12:00:00+00:00,61947.0,62783.465
2020-03-25 13:00:00+00:00,59935.0,60542.14
2020-03-25 14:00:00+00:00,58343.0,58759.465
2020-03-25 15:00:00+00:00,57337.0,57702.32
2020-03-25 16:00:00+00:00,58666.0,57773.02
2020-03-25 17:00:00+00:00,59507.0,60402.812
2020-03-25 18:00:00+00:00,61887.0,58737.727
2020-03-25 19:00:00+00:00,58778.0,60245.25
2020-03-25 20:00:00+00:00,55984.0,55927.37
2020-03-25 21:00:00+00:00,53851.0,54349.336
2020-03-25 22:00:00+00:00,50767.0,50341.22
2020-03-25 23:00:00+00:00,47907.0,47579.906
2020-03-26 00:00:00+00:00,46362.0,45694.98
2020-03-26 01:00:00+00:00,45624.0,45370.277
2020-03-26 02:00:00+00:00,46341.0,45695.83
2020-03-26 03:00:00+00:00,47347.0,47415.92
2020-03-26 04:00:00+00:00,49370.0,48803.848
2020-03-26 05:00:00+00:00,53623.0,54094.62
2020-03-26 06:00:00+00:00,57919.0,58000.344
2020-03-26 07:00:00+00:00,60693.0,60972.984
2020-03-26 08:00:00+00:00,61273.0,62085.242
2020-03-26 09:00:00+00:00,61857.0,62380.496
2020-03-26 10:00:00+00:00,62992.0,62722.066
2020-03-26 11:00:00+00:00,63258.0,62535.656
2020-03-26 12:00:00+00:00,61275.0,62291.418
2020-03-26 13:00:00+00:00,60260.0,59889.12
2020-03-26 14:00:00+00:00,60408.0,59313.758
2020-03-26 15:00:00+00:00,58505.0,60581.246
2020-03-26 16:00:00+00:00,59351.0,58379.324
2020-03-26 17:00:00+00:00,60037.0,59833.0
2020-03-26 18:00:00+00:00,61497.0,59707.68
2020-03-26 19:00:00+00:00,58870.0,59609.246
2020-03-26 20:00:00+00:00,55440.0,56228.793
2020-03-26 21:00:00+00:00,52927.0,53043.547
2020-03-26 22:00:00+00:00,49811.0,49221.426
2020-03-26 23:00:00+00:00,46927.0,46704.58
2020-03-27 00:00:00+00:00,44911.0,44794.8
2020-03-27 01:00:00+00:00,44281.0,43902.617
2020-03-27 02:00:00+00:00,44543.0,44431.305
2020-03-27 03:00:00+00:00,45791.0,45453.5
2020-03-27 04:00:00+00:00,48839.0,47737.15
2020-03-27 05:00:00+00:00,52992.0,55356.82
2020-03-27 06:00:00+00:00,57826.0,57283.555
2020-03-27 07:00:00+00:00,60197.0,61056.984
2020-03-27 08:00:00+00:00,60474.0,61569.035
2020-03-27 09:00:00+00:00,61543.0,61582.637
2020-03-27 10:00:00+00:00,62009.0,62850.75
2020-03-27 11:00:00+00:00,61277.0,61398.21
2020-03-27 12:00:00+00:00,59567.0,60140.203
2020-03-27 13:00:00+00:00,58238.0,58287.24
2020-03-27 14:00:00+00:00,57035.0,57354.926
2020-03-27 15:00:00+00:00,55547.0,56651.562
2020-03-27 16:00:00+00:00,56515.0,55616.758
2020-03-27 17:00:00+00:00,58124.0,57303.902
2020-03-27 18:00:00+00:00,59437.0,57705.934
2020-03-27 19:00:00+00:00,56032.0,57554.637
2020-03-27 20:00:00+00:00,52859.0,53132.34
2020-03-27 21:00:00+00:00,50331.0,50472.496
2020-03-27 22:00:00+00:00,46669.0,46607.062
2020-03-27 23:00:00+00:00,44276.0,43294.62
2020-03-28 00:00:00+00:00,42406.0,42141.01
2020-03-28 01:00:00+00:00,41204.0,41331.926
2020-03-28 02:00:00+00:00,41632.0,41077.85
2020-03-28 03:00:00+00:00,42462.0,41848.125
2020-03-28 04:00:00+00:00,42612.0,42948.664
2020-03-28 05:00:00+00:00,42528.0,43421.04
2020-03-28 06:00:00+00:00,45009.0,44997.67
2020-03-28 07:00:00+00:00,48187.0,48697.29
2020-03-28 08:00:00+00:00,50206.0,51190.605
2020-03-28 09:00:00+00:00,51803.0,52108.37
2020-03-28 10:00:00+00:00,52780.0,53381.258
2020-03-28 11:00:00+00:00,52581.0,51974.15
2020-03-28 12:00:00+00:00,50633.0,51005.08
2020-03-28 13:00:00+00:00,48992.0,49100.566
2020-03-28 14:00:00+00:00,48350.0,48199.21
2020-03-28 15:00:00+00:00,47699.0,48654.426
2020-03-28 16:00:00+00:00,49680.0,48864.594
2020-03-28 17:00:00+00:00,52538.0,52548.746
2020-03-28 18:00:00+00:00,54920.0,53347.89
2020-03-28 19:00:00+00:00,51785.0,53375.895
2020-03-28 20:00:00+00:00,48955.0,49997.64
2020-03-28 21:00:00+00:00,47869.0,47733.39
2020-03-28 22:00:00+00:00,44754.0,44280.56
2020-03-28 23:00:00+00:00,41551.0,41830.855
2020-03-29 00:00:00+00:00,38089.0,39457.92
2020-03-29 01:00:00+00:00,39305.0,36872.938
2020-03-29 02:00:00+00:00,38827.0,39304.56
2020-03-29 03:00:00+00:00,38325.0,39560.55
2020-03-29 04:00:00+00:00,38129.0,36931.664
2020-03-29 05:00:00+00:00,39468.0,38185.69
2020-03-29 06:00:00+00:00,43071.0,42702.195
2020-03-29 07:00:00+00:00,46274.0,47027.742
2020-03-29 08:00:00+00:00,49411.0,48874.4
2020-03-29 09:00:00+00:00,53984.0,52178.05
2020-03-29 10:00:00+00:00,55278.0,54907.082
2020-03-29 11:00:00+00:00,54440.0,54053.695
2020-03-29 12:00:00+00:00,52991.0,53125.45
2020-03-29 13:00:00+00:00,51959.0,52010.84
2020-03-29 14:00:00+00:00,52534.0,51442.973
2020-03-29 15:00:00+00:00,52280.0,53488.047
2020-03-29 16:00:00+00:00,52535.0,53444.402
2020-03-29 17:00:00+00:00,53212.0,52776.504
2020-03-29 18:00:00+00:00,52810.0,53283.383
2020-03-29 19:00:00+00:00,50581.0,51405.242
2020-03-29 20:00:00+00:00,50289.0,49376.32
2020-03-29 21:00:00+00:00,47146.0,49260.09
2020-03-29 22:00:00+00:00,45442.0,43401.254
2020-03-29 23:00:00+00:00,43930.0,42852.48
2020-03-30 00:00:00+00:00,43627.0,42181.22
2020-03-30 01:00:00+00:00,43462.0,43144.465
2020-03-30 02:00:00+00:00,44962.0,44053.86
2020-03-30 03:00:00+00:00,47530.0,47553.89
2020-03-30 04:00:00+00:00,53020.0,52478.5
2020-03-30 05:00:00+00:00,56385.0,59154.836
2020-03-30 06:00:00+00:00,59864.0,59597.902
2020-03-30 07:00:00+00:00,61063.0,62090.94
2020-03-30 08:00:00+00:00,62775.0,62704.83
2020-03-30 09:00:00+00:00,64327.0,64061.05
2020-03-30 10:00:00+00:00,64143.0,64285.477
2020-03-30 11:00:00+00:00,62907.0,63287.97
2020-03-30 12:00:00+00:00,61678.0,61845.305
2020-03-30 13:00:00+00:00,59787.0,60680.79
2020-03-30 14:00:00+00:00,58844.0,58646.043
2020-03-30 15:00:00+00:00,58969.0,59200.25
2020-03-30 16:00:00+00:00,59160.0,60551.47
2020-03-30 17:00:00+00:00,60154.0,59818.19
2020-03-30 18:00:00+00:00,60227.0,59091.445
2020-03-30 19:00:00+00:00,57607.0,58198.715
2020-03-30 20:00:00+00:00,55474.0,54537.598
2020-03-30 21:00:00+00:00,51466.0,52254.348
2020-03-30 22:00:00+00:00,48905.0,47926.418
2020-03-30 23:00:00+00:00,47339.0,46920.266
2020-03-31 00:00:00+00:00,46766.0,46149.023
2020-03-31 01:00:00+00:00,46197.0,47136.465
2020-03-31 02:00:00+00:00,47979.0,47070.92
2020-03-31 03:00:00+00:00,50578.0,50764.6
2020-03-31 04:00:00+00:00,54944.0,55904.074
2020-03-31 05:00:00+00:00,58378.0,59040.766
2020-03-31 06:00:00+00:00,60687.0,61320.895
2020-03-31 07:00:00+00:00,60173.0,62300.543
2020-03-31 08:00:00+00:00,61748.0,60996.06
2020-03-31 09:00:00+00:00,64446.0,63013.156
2020-03-31 10:00:00+00:00,63730.0,64428.4
2020-03-31 11:00:00+00:00,60624.0,62431.832
2020-03-31 12:00:00+00:00,59167.0,59096.49
2020-03-31 13:00:00+00:00,58232.0,58325.87
2020-03-31 14:00:00+00:00,56153.0,57363.707
2020-03-31 15:00:00+00:00,56526.0,55519.453
2020-03-31 16:00:00+00:00,57125.0,57572.094
2020-03-31 17:00:00+00:00,58151.0,56783.54
2020-03-31 18:00:00+00:00,59187.0,56846.285
2020-03-31 19:00:00+00:00,56761.0,56759.742
2020-03-31 20:00:00+00:00,54900.0,54022.8
2020-03-31 21:00:00+00:00,51410.0,52088.94
2020-03-31 22:00:00+00:00,49136.0,47823.723
2020-03-31 23:00:00+00:00,47804.0,47063.707
2020-04-01 00:00:00+00:00,47022.0,46814.133
2020-04-01 01:00:00+00:00,47099.0,47334.805
2020-04-01 02:00:00+00:00,48029.0,47928.547
2020-04-01 03:00:00+00:00,50298.0,49512.72
2020-04-01 04:00:00+00:00,55324.0,54638.29
2020-04-01 05:00:00+00:00,59173.0,59778.965
2020-04-01 06:00:00+00:00,61241.0,61837.566
2020-04-01 07:00:00+00:00,61780.0,62701.227
2020-04-01 08:00:00+00:00,62202.0,62865.395
2020-04-01 09:00:00+00:00,64431.0,63067.06
2020-04-01 10:00:00+00:00,64523.0,64532.496
2020-04-01 11:00:00+00:00,62281.0,63549.516
2020-04-01 12:00:00+00:00,60409.0,60883.793
2020-04-01 13:00:00+00:00,58630.0,59245.07
2020-04-01 14:00:00+00:00,57210.0,57700.234
2020-04-01 15:00:00+00:00,56868.0,56695.83
2020-04-01 16:00:00+00:00,58173.0,58269.81
2020-04-01 17:00:00+00:00,58824.0,59188.035
2020-04-01 18:00:00+00:00,59003.0,57076.387
2020-04-01 19:00:00+00:00,56459.0,57003.223
2020-04-01 20:00:00+00:00,54506.0,54001.773
2020-04-01 21:00:00+00:00,50906.0,51624.48
2020-04-01 22:00:00+00:00,47702.0,47180.207
2020-04-01 23:00:00+00:00,45617.0,45206.586
2020-04-02 00:00:00+00:00,44844.0,44233.51
2020-04-02 01:00:00+00:00,45518.0,44831.17
2020-04-02 02:00:00+00:00,46973.0,46640.633
2020-04-02 03:00:00+00:00,49519.0,49421.7
2020-04-02 04:00:00+00:00,54687.0,54691.844
2020-04-02 05:00:00+00:00,58531.0,59453.652
2020-04-02 06:00:00+00:00,60837.0,61639.57
2020-04-02 07:00:00+00:00,61738.0,62298.63
2020-04-02 08:00:00+00:00,62157.0,63087.062
2020-04-02 09:00:00+00:00,63173.0,63207.203
2020-04-02 10:00:00+00:00,63991.0,62707.098
2020-04-02 11:00:00+00:00,62196.0,63173.594
2020-04-02 12:00:00+00:00,60762.0,60845.203
2020-04-02 13:00:00+00:00,59134.0,59647.37
2020-04-02 14:00:00+00:00,57934.0,58211.4
2020-04-02 15:00:00+00:00,57941.0,57809.65
2020-04-02 16:00:00+00:00,59140.0,58715.875
2020-04-02 17:00:00+00:00,60074.0,59177.477
2020-04-02 18:00:00+00:00,60307.0,58678.73
2020-04-02 19:00:00+00:00,57364.0,57971.883
2020-04-02 20:00:00+00:00,55167.0,54169.64
2020-04-02 21:00:00+00:00,51590.0,51790.055
2020-04-02 22:00:00+00:00,48487.0,47940.973
2020-04-02 23:00:00+00:00,46962.0,46175.906
2020-04-03 00:00:00+00:00,45712.0,45857.28
2020-04-03 01:00:00+00:00,46073.0,45777.99
2020-04-03 02:00:00+00:00,47251.0,47068.707
2020-04-03 03:00:00+00:00,49402.0,49353.33
2020-04-03 04:00:00+00:00,54143.0,53911.176
2020-04-03 05:00:00+00:00,57673.0,58642.1
2020-04-03 06:00:00+00:00,60990.0,60856.566
2020-04-03 07:00:00+00:00,62490.0,62730.477
2020-04-03 08:00:00+00:00,62802.0,63754.867
2020-04-03 09:00:00+00:00,63338.0,63876.688
2020-04-03 10:00:00+00:00,63043.0,63112.758
2020-04-03 11:00:00+00:00,62062.0,62034.555
2020-04-03 12:00:00+00:00,60370.0,60863.086
2020-04-03 13:00:00+00:00,58818.0,59166.82
2020-04-03 14:00:00+00:00,57833.0,57813.047
2020-04-03 15:00:00+00:00,56852.0,57757.715
2020-04-03 16:00:00+00:00,56988.0,56936.04
2020-04-03 17:00:00+00:00,56695.0,56541.445
2020-04-03 18:00:00+00:00,55744.0,55601.703
2020-04-03 19:00:00+00:00,53372.0,54113.81
2020-04-03 20:00:00+00:00,50958.0,50789.043
2020-04-03 21:00:00+00:00,47965.0,47481.816
2020-04-03 22:00:00+00:00,45467.0,44711.258
2020-04-03 23:00:00+00:00,43210.0,43240.395
2020-04-04 00:00:00+00:00,42387.0,41934.152
2020-04-04 01:00:00+00:00,42234.0,42330.66
2020-04-04 02:00:00+00:00,42719.0,42434.61
2020-04-04 03:00:00+00:00,43109.0,43120.26
2020-04-04 04:00:00+00:00,43318.0,45142.688
2020-04-04 05:00:00+00:00,45080.0,46031.824
2020-04-04 06:00:00+00:00,47984.0,48375.83
2020-04-04 07:00:00+00:00,49735.0,50740.297
2020-04-04 08:00:00+00:00,50938.0,51410.355
2020-04-04 09:00:00+00:00,52911.0,52019.645
2020-04-04 10:00:00+00:00,52826.0,52688.137
2020-04-04 11:00:00+00:00,50515.0,51311.984
2020-04-04 12:00:00+00:00,48138.0,48726.562
2020-04-04 13:00:00+00:00,47398.0,46993.895
2020-04-04 14:00:00+00:00,46369.0,47437.754
2020-04-04 15:00:00+00:00,47085.0,47213.0
2020-04-04 16:00:00+00:00,48844.0,49501.887
2020-04-04 17:00:00+00:00,50057.0,50833.22
2020-04-04 18:00:00+00:00,50347.0,50125.93
2020-04-04 19:00:00+00:00,48121.0,49435.934
2020-04-04 20:00:00+00:00,46285.0,46813.637
2020-04-04 21:00:00+00:00,43102.0,42995.23
2020-04-04 22:00:00+00:00,40160.0,39780.523
2020-04-04 23:00:00+00:00,38180.0,37834.152
2020-04-05 00:00:00+00:00,37823.0,36808.74
2020-04-05 01:00:00+00:00,38023.0,37814.926
2020-04-05 02:00:00+00:00,38496.0,38750.168
2020-04-05 03:00:00+00:00,38673.0,38768.734
2020-04-05 04:00:00+00:00,38444.0,37606.09
2020-04-05 05:00:00+00:00,39112.0,40472.344
2020-04-05 06:00:00+00:00,42040.0,42820.87
2020-04-05 07:00:00+00:00,45165.0,45610.203
2020-04-05 08:00:00+00:00,46408.0,47620.3
2020-04-05 09:00:00+00:00,49886.0,48653.957
2020-04-05 10:00:00+00:00,50415.0,49761.715
2020-04-05 11:00:00+00:00,48936.0,48432.45
2020-04-05 12:00:00+00:00,46718.0,47332.832
2020-04-05 13:00:00+00:00,45324.0,45675.74
2020-04-05 14:00:00+00:00,43899.0,45133.19
2020-04-05 15:00:00+00:00,44536.0,44535.684
2020-04-05 16:00:00+00:00,47472.0,46653.65
2020-04-05 17:00:00+00:00,48122.0,50126.668
2020-04-05 18:00:00+00:00,49050.0,49596.15
2020-04-05 19:00:00+00:00,47497.0,48279.54
2020-04-05 20:00:00+00:00,47233.0,46130.29
2020-04-05 21:00:00+00:00,44067.0,45300.055
2020-04-05 22:00:00+00:00,41677.0,40759.215
2020-04-05 23:00:00+00:00,40683.0,39536.242
2020-04-06 00:00:00+00:00,39883.0,39676.6
2020-04-06 01:00:00+00:00,40042.0,39971.207
2020-04-06 02:00:00+00:00,41074.0,41404.906
2020-04-06 03:00:00+00:00,44623.0,44447.84
2020-04-06 04:00:00+00:00,50269.0,51609.156
2020-04-06 05:00:00+00:00,54933.0,56487.113
2020-04-06 06:00:00+00:00,57400.0,59131.336
2020-04-06 07:00:00+00:00,58403.0,59262.79
2020-04-06 08:00:00+00:00,58825.0,59979.32
2020-04-06 09:00:00+00:00,60651.0,60143.605
2020-04-06 10:00:00+00:00,60068.0,60652.773
2020-04-06 11:00:00+00:00,58667.0,58851.266
2020-04-06 12:00:00+00:00,57824.0,57449.61
2020-04-06 13:00:00+00:00,56511.0,57004.438
2020-04-06 14:00:00+00:00,54340.0,55617.496
2020-04-06 15:00:00+00:00,54017.0,53908.4
2020-04-06 16:00:00+00:00,54568.0,53985.79
2020-04-06 17:00:00+00:00,55017.0,54887.465
2020-04-06 18:00:00+00:00,55571.0,53728.016
2020-04-06 19:00:00+00:00,53643.0,53259.47
2020-04-06 20:00:00+00:00,51185.0,50060.28
2020-04-06 21:00:00+00:00,46978.0,47507.445
2020-04-06 22:00:00+00:00,44096.0,43611.457
2020-04-06 23:00:00+00:00,42456.0,41916.016
2020-04-07 00:00:00+00:00,41715.0,41017.688
2020-04-07 01:00:00+00:00,41847.0,41672.76
2020-04-07 02:00:00+00:00,43071.0,42814.08
2020-04-07 03:00:00+00:00,45992.0,44942.715
2020-04-07 04:00:00+00:00,50858.0,51787.836
2020-04-07 05:00:00+00:00,55364.0,56150.94
2020-04-07 06:00:00+00:00,58231.0,58697.395
2020-04-07 07:00:00+00:00,58789.0,59843.367
2020-04-07 08:00:00+00:00,60247.0,60000.87
2020-04-07 09:00:00+00:00,61213.0,61690.156
2020-04-07 10:00:00+00:00,60731.0,61039.027
2020-04-07 11:00:00+00:00,59183.0,59504.863
2020-04-07 12:00:00+00:00,57461.0,57973.156
2020-04-07 13:00:00+00:00,56071.0,56490.008
2020-04-07 14:00:00+00:00,54605.0,55212.023
2020-04-07 15:00:00+00:00,54305.0,54332.32
2020-04-07 16:00:00+00:00,55588.0,54369.86
2020-04-07 17:00:00+00:00,56385.0,55739.77
2020-04-07 18:00:00+00:00,56201.0,55231.01
2020-04-07 19:00:00+00:00,53263.0,53628.67
2020-04-07 20:00:00+00:00,50704.0,49760.652
2020-04-07 21:00:00+00:00,45833.0,47194.355
2020-04-07 22:00:00+00:00,44050.0,42052.65
2020-04-07 23:00:00+00:00,42502.0,42075.562
2020-04-08 00:00:00+00:00,41812.0,40987.527
2020-04-08 01:00:00+00:00,41993.0,42139.43
2020-04-08 02:00:00+00:00,43047.0,42869.312
2020-04-08 03:00:00+00:00,45470.0,44766.42
2020-04-08 04:00:00+00:00,51043.0,50262.777
2020-04-08 05:00:00+00:00,54197.0,56176.426
2020-04-08 06:00:00+00:00,56884.0,57052.953
2020-04-08 07:00:00+00:00,57937.0,58530.676
2020-04-08 08:00:00+00:00,58704.0,59234.668
2020-04-08 09:00:00+00:00,59997.0,59546.035
2020-04-08 10:00:00+00:00,59382.0,59521.484
2020-04-08 11:00:00+00:00,58085.0,58068.594
2020-04-08 12:00:00+00:00,56246.0,56890.797
2020-04-08 13:00:00+00:00,54810.0,55285.73
2020-04-08 14:00:00+00:00,53662.0,54156.25
2020-04-08 15:00:00+00:00,53925.0,53696.14
2020-04-08 16:00:00+00:00,54542.0,54319.6
2020-04-08 17:00:00+00:00,54770.0,53974.758
2020-04-08 18:00:00+00:00,54980.0,53097.047
2020-04-08 19:00:00+00:00,52098.0,52346.8
2020-04-08 20:00:00+00:00,49032.0,48746.766
2020-04-08 21:00:00+00:00,45089.0,45538.652
2020-04-08 22:00:00+00:00,42393.0,41617.613
2020-04-08 23:00:00+00:00,40575.0,40151.527
2020-04-09 00:00:00+00:00,39536.0,39153.453
2020-04-09 01:00:00+00:00,39501.0,39470.04
2020-04-09 02:00:00+00:00,40716.0,39811.066
2020-04-09 03:00:00+00:00,43920.0,42258.824
2020-04-09 04:00:00+00:00,49256.0,49169.746
2020-04-09 05:00:00+00:00,53331.0,54188.79
2020-04-09 06:00:00+00:00,56567.0,56755.516
2020-04-09 07:00:00+00:00,57395.0,58393.855
2020-04-09 08:00:00+00:00,58630.0,58621.477
2020-04-09 09:00:00+00:00,59678.0,60053.14
2020-04-09 10:00:00+00:00,58820.0,59302.38
2020-04-09 11:00:00+00:00,58204.0,57486.402
2020-04-09 12:00:00+00:00,56446.0,57057.688
2020-04-09 13:00:00+00:00,54174.0,55356.633
2020-04-09 14:00:00+00:00,52536.0,53423.383
2020-04-09 15:00:00+00:00,52527.0,52601.457
2020-04-09 16:00:00+00:00,53048.0,52677.19
2020-04-09 17:00:00+00:00,53171.0,52775.6
2020-04-09 18:00:00+00:00,52971.0,52447.793
2020-04-09 19:00:00+00:00,49751.0,50906.496
2020-04-09 20:00:00+00:00,46590.0,46656.945
2020-04-09 21:00:00+00:00,42729.0,43232.035
2020-04-09 22:00:00+00:00,40627.0,39783.707
2020-04-09 23:00:00+00:00,38296.0,38647.46
2020-04-10 00:00:00+00:00,37165.0,36630.152
2020-04-10 01:00:00+00:00,36760.0,36577.85
2020-04-10 02:00:00+00:00,36995.0,36861.227
2020-04-10 03:00:00+00:00,37131.0,37435.484
2020-04-10 04:00:00+00:00,35928.0,36943.67
2020-04-10 05:00:00+00:00,36648.0,37100.637
2020-04-10 06:00:00+00:00,40064.0,40518.234
2020-04-10 07:00:00+00:00,42657.0,43759.816
2020-04-10 08:00:00+00:00,44860.0,45105.555
2020-04-10 09:00:00+00:00,47419.0,47590.71
2020-04-10 10:00:00+00:00,48390.0,48779.41
2020-04-10 11:00:00+00:00,46231.0,47038.05
2020-04-10 12:00:00+00:00,44088.0,44586.48
2020-04-10 13:00:00+00:00,42709.0,42922.504
2020-04-10 14:00:00+00:00,42093.0,42315.223
2020-04-10 15:00:00+00:00,43895.0,42970.996
2020-04-10 16:00:00+00:00,45224.0,46501.29
2020-04-10 17:00:00+00:00,46243.0,49016.93
2020-04-10 18:00:00+00:00,46115.0,48544.07
2020-04-10 19:00:00+00:00,45186.0,45925.957
2020-04-10 20:00:00+00:00,43317.0,44490.32
2020-04-10 21:00:00+00:00,40680.0,40471.78
2020-04-10 22:00:00+00:00,38611.0,37664.785
2020-04-10 23:00:00+00:00,37226.0,36501.867
2020-04-11 00:00:00+00:00,36020.0,36144.53
2020-04-11 01:00:00+00:00,35816.0,35715.668
2020-04-11 02:00:00+00:00,36151.0,36456.395
2020-04-11 03:00:00+00:00,37327.0,37962.793
2020-04-11 04:00:00+00:00,38491.0,39601.56
2020-04-11 05:00:00+00:00,40602.0,40341.805
2020-04-11 06:00:00+00:00,43945.0,44252.215
2020-04-11 07:00:00+00:00,46856.0,47294.48
2020-04-11 08:00:00+00:00,47525.0,48782.9
2020-04-11 09:00:00+00:00,48582.0,49091.348
2020-04-11 10:00:00+00:00,48222.0,48025.58
2020-04-11 11:00:00+00:00,46409.0,46815.574
2020-04-11 12:00:00+00:00,45084.0,45102.777
2020-04-11 13:00:00+00:00,44112.0,44400.71
2020-04-11 14:00:00+00:00,43276.0,44055.527
2020-04-11 15:00:00+00:00,43676.0,44087.36
2020-04-11 16:00:00+00:00,44941.0,44814.656
2020-04-11 17:00:00+00:00,45238.0,45966.633
2020-04-11 18:00:00+00:00,45899.0,46271.88
2020-04-11 19:00:00+00:00,44226.0,45104.86
2020-04-11 20:00:00+00:00,42801.0,42030.742
2020-04-11 21:00:00+00:00,39851.0,40155.08
2020-04-11 22:00:00+00:00,36965.0,37695.98
2020-04-11 23:00:00+00:00,35316.0,35223.375
2020-04-12 00:00:00+00:00,34351.0,34348.03
2020-04-12 01:00:00+00:00,34000.0,33973.65
2020-04-12 02:00:00+00:00,34018.0,33838.203
2020-04-12 03:00:00+00:00,33861.0,33197.027
2020-04-12 04:00:00+00:00,33363.0,32886.008
2020-04-12 05:00:00+00:00,35054.0,35272.867
2020-04-12 06:00:00+00:00,38764.0,38464.96
2020-04-12 07:00:00+00:00,41691.0,41992.137
2020-04-12 08:00:00+00:00,43448.0,44047.926
2020-04-12 09:00:00+00:00,45341.0,45857.87
2020-04-12 10:00:00+00:00,44815.0,44440.9
2020-04-12 11:00:00+00:00,43313.0,42989.754
2020-04-12 12:00:00+00:00,41182.0,42001.59
2020-04-12 13:00:00+00:00,40628.0,40161.21
2020-04-12 14:00:00+00:00,39888.0,40409.66
2020-04-12 15:00:00+00:00,40406.0,40622.016
2020-04-12 16:00:00+00:00,41978.0,42068.816
2020-04-12 17:00:00+00:00,42367.0,42680.91
2020-04-12 18:00:00+00:00,43041.0,42739.094
2020-04-12 19:00:00+00:00,43011.0,42824.008
2020-04-12 20:00:00+00:00,41461.0,41986.707
2020-04-12 21:00:00+00:00,38219.0,38038.34
2020-04-12 22:00:00+00:00,35916.0,35233.562
2020-04-12 23:00:00+00:00,34001.0,33954.656
2020-04-13 00:00:00+00:00,33462.0,33061.707
2020-04-13 01:00:00+00:00,33077.0,33968.25
2020-04-13 02:00:00+00:00,33737.0,32557.896
2020-04-13 03:00:00+00:00,34596.0,35940.355
2020-04-13 04:00:00+00:00,34635.0,35210.53
2020-04-13 05:00:00+00:00,36020.0,35286.156
2020-04-13 06:00:00+00:00,38986.0,38391.035
2020-04-13 07:00:00+00:00,41853.0,41603.94
2020-04-13 08:00:00+00:00,44835.0,42820.367
2020-04-13 09:00:00+00:00,48337.0,47159.586
2020-04-13 10:00:00+00:00,48675.0,47310.457
2020-04-13 11:00:00+00:00,46933.0,46355.87
2020-04-13 12:00:00+00:00,45469.0,45379.707
2020-04-13 13:00:00+00:00,44405.0,44560.17
2020-04-13 14:00:00+00:00,42919.0,44164.31
2020-04-13 15:00:00+00:00,43472.0,43973.57
2020-04-13 16:00:00+00:00,45666.0,45183.9
2020-04-13 17:00:00+00:00,46352.0,47014.297
2020-04-13 18:00:00+00:00,46537.0,47237.77
2020-04-13 19:00:00+00:00,44561.0,45451.832
2020-04-13 20:00:00+00:00,43412.0,43485.914
2020-04-13 21:00:00+00:00,40862.0,40543.992
2020-04-13 22:00:00+00:00,38468.0,38111.305
2020-04-13 23:00:00+00:00,36179.0,36525.93
2020-04-14 00:00:00+00:00,36440.0,34657.8
2020-04-14 01:00:00+00:00,36708.0,36586.13
2020-04-14 02:00:00+00:00,37769.0,37755.52
2020-04-14 03:00:00+00:00,41234.0,40657.562
2020-04-14 04:00:00+00:00,46871.0,48618.73
2020-04-14 05:00:00+00:00,51590.0,52740.81
2020-04-14 06:00:00+00:00,54386.0,55977.5
2020-04-14 07:00:00+00:00,56396.0,56290.94
2020-04-14 08:00:00+00:00,59155.0,58086.547
2020-04-14 09:00:00+00:00,59488.0,60661.97
2020-04-14 10:00:00+00:00,58207.0,58281.926
2020-04-14 11:00:00+00:00,57349.0,56924.67
2020-04-14 12:00:00+00:00,56487.0,56357.023
2020-04-14 13:00:00+00:00,54717.0,55724.926
2020-04-14 14:00:00+00:00,53276.0,54088.477
2020-04-14 15:00:00+00:00,53459.0,53288.51
2020-04-14 16:00:00+00:00,53367.0,53486.87
2020-04-14 17:00:00+00:00,53912.0,52738.766
2020-04-14 18:00:00+00:00,53281.0,52522.99
2020-04-14 19:00:00+00:00,51806.0,50845.254
2020-04-14 20:00:00+00:00,49204.0,47996.84
2020-04-14 21:00:00+00:00,45369.0,45227.84
2020-04-14 22:00:00+00:00,42539.0,42422.285
2020-04-14 23:00:00+00:00,40934.0,40718.957
2020-04-15 00:00:00+00:00,40385.0,39743.1
2020-04-15 01:00:00+00:00,40741.0,40254.055
2020-04-15 02:00:00+00:00,41623.0,41867.062
2020-04-15 03:00:00+00:00,44758.0,43264.914
2020-04-15 04:00:00+00:00,50001.0,50686.207
2020-04-15 05:00:00+00:00,54095.0,55365.22
2020-04-15 06:00:00+00:00,57362.0,57238.934
2020-04-15 07:00:00+00:00,58178.0,59133.938
2020-04-15 08:00:00+00:00,59657.0,59577.844
2020-04-15 09:00:00+00:00,61214.0,60907.63
2020-04-15 10:00:00+00:00,60573.0,60892.39
2020-04-15 11:00:00+00:00,58771.0,59351.34
2020-04-15 12:00:00+00:00,56734.0,57622.402
2020-04-15 13:00:00+00:00,55171.0,55839.11
2020-04-15 14:00:00+00:00,53575.0,54524.01
2020-04-15 15:00:00+00:00,52870.0,53411.35
2020-04-15 16:00:00+00:00,53258.0,52639.32
2020-04-15 17:00:00+00:00,53861.0,53014.066
2020-04-15 18:00:00+00:00,53233.0,53160.426
2020-04-15 19:00:00+00:00,51424.0,51060.13
2020-04-15 20:00:00+00:00,48895.0,48122.57
2020-04-15 21:00:00+00:00,44712.0,45255.125
2020-04-15 22:00:00+00:00,42028.0,41441.62
2020-04-15 23:00:00+00:00,40519.0,39886.746
2020-04-16 00:00:00+00:00,40200.0,39058.992
2020-04-16 01:00:00+00:00,40438.0,40195.316
2020-04-16 02:00:00+00:00,41813.0,41405.28
2020-04-16 03:00:00+00:00,44665.0,43829.73
2020-04-16 04:00:00+00:00,49603.0,49978.598
2020-04-16 05:00:00+00:00,53933.0,55036.96
2020-04-16 06:00:00+00:00,56950.0,56965.336
2020-04-16 07:00:00+00:00,58427.0,58602.06
2020-04-16 08:00:00+00:00,59859.0,59908.13
2020-04-16 09:00:00+00:00,60999.0,60846.688
2020-04-16 10:00:00+00:00,60626.0,60409.785
2020-04-16 11:00:00+00:00,58120.0,59578.83
2020-04-16 12:00:00+00:00,56741.0,56908.516
2020-04-16 13:00:00+00:00,55702.0,55885.156
2020-04-16 14:00:00+00:00,53953.0,55106.96
2020-04-16 15:00:00+00:00,54412.0,53711.137
2020-04-16 16:00:00+00:00,54305.0,54530.438
2020-04-16 17:00:00+00:00,54211.0,53450.434
2020-04-16 18:00:00+00:00,53959.0,53050.52
2020-04-16 19:00:00+00:00,52577.0,51840.668
2020-04-16 20:00:00+00:00,49595.0,48933.504
2020-04-16 21:00:00+00:00,45969.0,45774.22
2020-04-16 22:00:00+00:00,42833.0,42845.566
2020-04-16 23:00:00+00:00,41280.0,40618.484
2020-04-17 00:00:00+00:00,40530.0,39971.496
2020-04-17 01:00:00+00:00,40465.0,40407.203
2020-04-17 02:00:00+00:00,41849.0,41099.773
2020-04-17 03:00:00+00:00,45116.0,43723.125
2020-04-17 04:00:00+00:00,50257.0,50645.785
2020-04-17 05:00:00+00:00,54232.0,55390.13
2020-04-17 06:00:00+00:00,56842.0,57372.152
2020-04-17 07:00:00+00:00,57642.0,58534.52
2020-04-17 08:00:00+00:00,58854.0,59020.414
2020-04-17 09:00:00+00:00,59887.0,60148.66
2020-04-17 10:00:00+00:00,59903.0,59351.535
2020-04-17 11:00:00+00:00,57995.0,58743.695
2020-04-17 12:00:00+00:00,55812.0,56694.426
2020-04-17 13:00:00+00:00,54241.0,54862.234
2020-04-17 14:00:00+00:00,53049.0,53721.688
2020-04-17 15:00:00+00:00,53380.0,52971.69
2020-04-17 16:00:00+00:00,54247.0,53581.074
2020-04-17 17:00:00+00:00,53981.0,54213.277
2020-04-17 18:00:00+00:00,53525.0,52452.95
2020-04-17 19:00:00+00:00,51509.0,51190.004
2020-04-17 20:00:00+00:00,48246.0,48375.453
2020-04-17 21:00:00+00:00,44045.0,44508.62
2020-04-17 22:00:00+00:00,40949.0,40752.438
2020-04-17 23:00:00+00:00,39069.0,38735.203
2020-04-18 00:00:00+00:00,38039.0,37605.883
2020-04-18 01:00:00+00:00,38026.0,37853.797
2020-04-18 02:00:00+00:00,39182.0,38335.895
2020-04-18 03:00:00+00:00,39930.0,40642.62
2020-04-18 04:00:00+00:00,40102.0,40067.22
2020-04-18 05:00:00+00:00,42774.0,43215.055
2020-04-18 06:00:00+00:00,45168.0,47004.348
2020-04-18 07:00:00+00:00,46291.0,47996.902
2020-04-18 08:00:00+00:00,48104.0,48394.71
2020-04-18 09:00:00+00:00,49611.0,50162.863
2020-04-18 10:00:00+00:00,49212.0,49408.01
2020-04-18 11:00:00+00:00,48672.0,47628.695
2020-04-18 12:00:00+00:00,47217.0,47145.38
2020-04-18 13:00:00+00:00,46077.0,45978.05
2020-04-18 14:00:00+00:00,45833.0,45825.953
2020-04-18 15:00:00+00:00,46913.0,46786.29
2020-04-18 16:00:00+00:00,47980.0,48350.812
2020-04-18 17:00:00+00:00,47691.0,49436.86
2020-04-18 18:00:00+00:00,46923.0,48078.4
2020-04-18 19:00:00+00:00,45820.0,46231.434
2020-04-18 20:00:00+00:00,44277.0,44247.945
2020-04-18 21:00:00+00:00,41238.0,41113.348
2020-04-18 22:00:00+00:00,38570.0,38639.98
2020-04-18 23:00:00+00:00,36246.0,36610.496
2020-04-19 00:00:00+00:00,35031.0,34968.26
2020-04-19 01:00:00+00:00,34332.0,34586.35
2020-04-19 02:00:00+00:00,34579.0,33343.61
2020-04-19 03:00:00+00:00,35128.0,35257.75
2020-04-19 04:00:00+00:00,34755.0,35662.047
2020-04-19 05:00:00+00:00,36229.0,36268.266
2020-04-19 06:00:00+00:00,39344.0,40357.414
2020-04-19 07:00:00+00:00,42541.0,42622.656
2020-04-19 08:00:00+00:00,45308.0,44805.742
2020-04-19 09:00:00+00:00,48704.0,48003.273
2020-04-19 10:00:00+00:00,49567.0,48542.98
2020-04-19 11:00:00+00:00,47554.0,47727.082
2020-04-19 12:00:00+00:00,45663.0,45630.2
2020-04-19 13:00:00+00:00,44526.0,44594.72
2020-04-19 14:00:00+00:00,43427.0,44039.95
2020-04-19 15:00:00+00:00,43613.0,43854.453
2020-04-19 16:00:00+00:00,45708.0,45506.293
2020-04-19 17:00:00+00:00,46394.0,46894.508
2020-04-19 18:00:00+00:00,46258.0,46929.38
2020-04-19 19:00:00+00:00,45670.0,46205.31
2020-04-19 20:00:00+00:00,44627.0,44754.75
2020-04-19 21:00:00+00:00,41401.0,41869.855
2020-04-19 22:00:00+00:00,39556.0,38406.535
2020-04-19 23:00:00+00:00,38201.0,37730.562
2020-04-20 00:00:00+00:00,37297.0,36950.5
2020-04-20 01:00:00+00:00,37969.0,37125.96
2020-04-20 02:00:00+00:00,38830.0,39311.75
2020-04-20 03:00:00+00:00,42663.0,41855.027
2020-04-20 04:00:00+00:00,48561.0,50142.727
2020-04-20 05:00:00+00:00,54574.0,54737.13
2020-04-20 06:00:00+00:00,57852.0,59100.66
2020-04-20 07:00:00+00:00,57561.0,59640.01
2020-04-20 08:00:00+00:00,60215.0,58880.293
2020-04-20 09:00:00+00:00,62771.0,62207.32
2020-04-20 10:00:00+00:00,63093.0,62236.316
2020-04-20 11:00:00+00:00,62083.0,62267.5
2020-04-20 12:00:00+00:00,59671.0,61124.164
2020-04-20 13:00:00+00:00,58095.0,58834.79
2020-04-20 14:00:00+00:00,55887.0,57001.582
2020-04-20 15:00:00+00:00,55692.0,55586.176
2020-04-20 16:00:00+00:00,56023.0,55572.355
2020-04-20 17:00:00+00:00,56129.0,56292.484
2020-04-20 18:00:00+00:00,54783.0,55506.184
2020-04-20 19:00:00+00:00,53069.0,52945.027
2020-04-20 20:00:00+00:00,49575.0,49924.082
2020-04-20 21:00:00+00:00,46423.0,45574.043
2020-04-20 22:00:00+00:00,42799.0,43449.285
2020-04-20 23:00:00+00:00,40567.0,40686.484
2020-04-21 00:00:00+00:00,40138.0,39201.383
2020-04-21 01:00:00+00:00,40755.0,39808.023
2020-04-21 02:00:00+00:00,42533.0,42128.977
2020-04-21 03:00:00+00:00,45071.0,45588.062
2020-04-21 04:00:00+00:00,50646.0,50036.59
2020-04-21 05:00:00+00:00,55830.0,56220.2
2020-04-21 06:00:00+00:00,59021.0,59349.445
2020-04-21 07:00:00+00:00,59786.0,60680.023
2020-04-21 08:00:00+00:00,62230.0,61156.395
2020-04-21 09:00:00+00:00,64332.0,63934.52
2020-04-21 10:00:00+00:00,64558.0,63801.87
2020-04-21 11:00:00+00:00,63418.0,63896.977
2020-04-21 12:00:00+00:00,61265.0,62362.96
2020-04-21 13:00:00+00:00,60146.0,60202.312
2020-04-21 14:00:00+00:00,58802.0,59189.78
2020-04-21 15:00:00+00:00,57205.0,58828.117
2020-04-21 16:00:00+00:00,56690.0,56521.484
2020-04-21 17:00:00+00:00,57196.0,55823.5
2020-04-21 18:00:00+00:00,55928.0,56492.918
2020-04-21 19:00:00+00:00,54400.0,54374.094
2020-04-21 20:00:00+00:00,51331.0,51067.645
2020-04-21 21:00:00+00:00,47273.0,47271.547
2020-04-21 22:00:00+00:00,43433.0,44145.938
2020-04-21 23:00:00+00:00,41200.0,41275.312
2020-04-22 00:00:00+00:00,40208.0,39875.098
2020-04-22 01:00:00+00:00,40282.0,39844.598
2020-04-22 02:00:00+00:00,41959.0,41068.098
2020-04-22 03:00:00+00:00,45957.0,44738.05
2020-04-22 04:00:00+00:00,52336.0,53610.973
2020-04-22 05:00:00+00:00,57023.0,58252.758
2020-04-22 06:00:00+00:00,59804.0,60495.19
2020-04-22 07:00:00+00:00,60674.0,61470.277
2020-04-22 08:00:00+00:00,60679.0,62390.2
2020-04-22 09:00:00+00:00,62652.0,62243.203
2020-04-22 10:00:00+00:00,62659.0,62471.406
2020-04-22 11:00:00+00:00,60467.0,61774.152
2020-04-22 12:00:00+00:00,58783.0,59213.793
2020-04-22 13:00:00+00:00,57659.0,57863.2
2020-04-22 14:00:00+00:00,57427.0,56754.953
2020-04-22 15:00:00+00:00,56420.0,57154.02
2020-04-22 16:00:00+00:00,56419.0,56115.082
2020-04-22 17:00:00+00:00,56880.0,55809.13
2020-04-22 18:00:00+00:00,55266.0,55590.992
2020-04-22 19:00:00+00:00,53176.0,52821.33
2020-04-22 20:00:00+00:00,49945.0,49706.402
2020-04-22 21:00:00+00:00,46222.0,45910.68
2020-04-22 22:00:00+00:00,44212.0,43173.758
2020-04-22 23:00:00+00:00,43316.0,42387.83
2020-04-23 00:00:00+00:00,42086.0,42358.758
2020-04-23 01:00:00+00:00,42532.0,42068.676
2020-04-23 02:00:00+00:00,43774.0,43661.914
2020-04-23 03:00:00+00:00,46883.0,46548.89
2020-04-23 04:00:00+00:00,51868.0,52435.91
2020-04-23 05:00:00+00:00,56368.0,56401.746
2020-04-23 06:00:00+00:00,58890.0,59131.13
2020-04-23 07:00:00+00:00,60049.0,60310.07
2020-04-23 08:00:00+00:00,61332.0,61449.52
2020-04-23 09:00:00+00:00,62503.0,62209.785
2020-04-23 10:00:00+00:00,61461.0,61834.332
2020-04-23 11:00:00+00:00,59409.0,60338.637
2020-04-23 12:00:00+00:00,58149.0,58271.027
2020-04-23 13:00:00+00:00,57063.0,57215.77
2020-04-23 14:00:00+00:00,56276.0,56271.57
2020-04-23 15:00:00+00:00,55957.0,56261.113
2020-04-23 16:00:00+00:00,56165.0,55582.273
2020-04-23 17:00:00+00:00,56211.0,54847.113
2020-04-23 18:00:00+00:00,55624.0,54732.168
2020-04-23 19:00:00+00:00,53592.0,52920.55
2020-04-23 20:00:00+00:00,49983.0,50178.52
2020-04-23 21:00:00+00:00,45331.0,46107.703
2020-04-23 22:00:00+00:00,42246.0,41933.89
2020-04-23 23:00:00+00:00,40588.0,40154.594
2020-04-24 00:00:00+00:00,39775.0,39365.77
2020-04-24 01:00:00+00:00,40222.0,40066.516
2020-04-24 02:00:00+00:00,41182.0,40809.37
2020-04-24 03:00:00+00:00,44059.0,42851.332
2020-04-24 04:00:00+00:00,49223.0,49202.953
2020-04-24 05:00:00+00:00,53996.0,54478.746
2020-04-24 06:00:00+00:00,57250.0,57481.45
2020-04-24 07:00:00+00:00,57781.0,58853.8
2020-04-24 08:00:00+00:00,59255.0,58986.16
2020-04-24 09:00:00+00:00,60112.0,60386.89
2020-04-24 10:00:00+00:00,59733.0,59397.055
2020-04-24 11:00:00+00:00,58431.0,58543.16
2020-04-24 12:00:00+00:00,57098.0,57206.88
2020-04-24 13:00:00+00:00,55874.0,56058.434
2020-04-24 14:00:00+00:00,54643.0,55073.84
2020-04-24 15:00:00+00:00,54272.0,54490.18
2020-04-24 16:00:00+00:00,54245.0,54083.695
2020-04-24 17:00:00+00:00,55214.0,53511.58
2020-04-24 18:00:00+00:00,53642.0,54873.24
2020-04-24 19:00:00+00:00,51594.0,51071.66
2020-04-24 20:00:00+00:00,48456.0,48448.953
2020-04-24 21:00:00+00:00,44217.0,44723.4
2020-04-24 22:00:00+00:00,41268.0,41049.832
2020-04-24 23:00:00+00:00,39317.0,39133.344
2020-04-25 00:00:00+00:00,38013.0,37821.402
2020-04-25 01:00:00+00:00,37890.0,37591.844
2020-04-25 02:00:00+00:00,38192.0,37984.36
2020-04-25 03:00:00+00:00,38812.0,38539.62
2020-04-25 04:00:00+00:00,39987.0,39578.785
2020-04-25 05:00:00+00:00,42966.0,43321.688
2020-04-25 06:00:00+00:00,46496.0,47019.688
2020-04-25 07:00:00+00:00,49614.0,49551.746
2020-04-25 08:00:00+00:00,50359.0,51714.973
2020-04-25 09:00:00+00:00,51874.0,52014.688
2020-04-25 10:00:00+00:00,51560.0,51736.15
2020-04-25 11:00:00+00:00,50243.0,50074.605
2020-04-25 12:00:00+00:00,48747.0,48789.37
2020-04-25 13:00:00+00:00,46527.0,47645.973
2020-04-25 14:00:00+00:00,45814.0,45967.92
2020-04-25 15:00:00+00:00,47516.0,46622.367
2020-04-25 16:00:00+00:00,49295.0,49393.902
2020-04-25 17:00:00+00:00,49484.0,50438.492
2020-04-25 18:00:00+00:00,48578.0,49067.96
2020-04-25 19:00:00+00:00,46711.0,47368.258
2020-04-25 20:00:00+00:00,44104.0,45340.13
2020-04-25 21:00:00+00:00,41140.0,40785.77
2020-04-25 22:00:00+00:00,39351.0,38375.83
2020-04-25 23:00:00+00:00,37017.0,37606.008
2020-04-26 00:00:00+00:00,36097.0,35695.195
2020-04-26 01:00:00+00:00,36244.0,35787.13
2020-04-26 02:00:00+00:00,36526.0,37075.625
2020-04-26 03:00:00+00:00,36916.0,37395.258
2020-04-26 04:00:00+00:00,36707.0,35895.367
2020-04-26 05:00:00+00:00,38494.0,38268.895
2020-04-26 06:00:00+00:00,42238.0,42175.37
2020-04-26 07:00:00+00:00,44811.0,45609.355
2020-04-26 08:00:00+00:00,46118.0,47089.098
2020-04-26 09:00:00+00:00,48491.0,48379.707
2020-04-26 10:00:00+00:00,48365.0,48029.133
2020-04-26 11:00:00+00:00,45913.0,46505.734
2020-04-26 12:00:00+00:00,44055.0,44323.93
2020-04-26 13:00:00+00:00,42489.0,43287.0
2020-04-26 14:00:00+00:00,42086.0,42235.086
2020-04-26 15:00:00+00:00,43821.0,43373.03
2020-04-26 16:00:00+00:00,46262.0,45966.027
2020-04-26 17:00:00+00:00,47062.0,48329.45
2020-04-26 18:00:00+00:00,47137.0,47951.184
2020-04-26 19:00:00+00:00,46255.0,46004.543
2020-04-26 20:00:00+00:00,44462.0,45201.207
2020-04-26 21:00:00+00:00,41092.0,41039.797
2020-04-26 22:00:00+00:00,38646.0,38274.887
2020-04-26 23:00:00+00:00,37396.0,36838.316
2020-04-27 00:00:00+00:00,36933.0,36573.89
2020-04-27 01:00:00+00:00,37595.0,37322.75
2020-04-27 02:00:00+00:00,38999.0,39635.266
2020-04-27 03:00:00+00:00,42147.0,42860.066
2020-04-27 04:00:00+00:00,48045.0,47773.777
2020-04-27 05:00:00+00:00,54360.0,54010.496
2020-04-27 06:00:00+00:00,57998.0,58360.875
2020-04-27 07:00:00+00:00,59029.0,59439.78
2020-04-27 08:00:00+00:00,60157.0,60351.21
2020-04-27 09:00:00+00:00,60726.0,61456.004
2020-04-27 10:00:00+00:00,61048.0,60019.652
2020-04-27 11:00:00+00:00,59682.0,59962.43
2020-04-27 12:00:00+00:00,57956.0,58503.56
2020-04-27 13:00:00+00:00,57178.0,57003.367
2020-04-27 14:00:00+00:00,55582.0,56532.586
2020-04-27 15:00:00+00:00,55282.0,55255.96
2020-04-27 16:00:00+00:00,56113.0,55007.816
2020-04-27 17:00:00+00:00,56646.0,56046.242
2020-04-27 18:00:00+00:00,56206.0,55131.8
2020-04-27 19:00:00+00:00,54258.0,53576.72
2020-04-27 20:00:00+00:00,50667.0,50417.316
2020-04-27 21:00:00+00:00,46003.0,46360.54
2020-04-27 22:00:00+00:00,43077.0,42621.496
2020-04-27 23:00:00+00:00,41644.0,40990.484
2020-04-28 00:00:00+00:00,40470.0,40324.29
2020-04-28 01:00:00+00:00,40527.0,40205.55
2020-04-28 02:00:00+00:00,41625.0,41332.5
2020-04-28 03:00:00+00:00,44566.0,43717.082
2020-04-28 04:00:00+00:00,50369.0,49789.543
2020-04-28 05:00:00+00:00,55576.0,55849.266
2020-04-28 06:00:00+00:00,58698.0,59116.863
2020-04-28 07:00:00+00:00,59953.0,60217.566
2020-04-28 08:00:00+00:00,60941.0,61245.875
2020-04-28 09:00:00+00:00,62594.0,62288.562
2020-04-28 10:00:00+00:00,61710.0,62472.65
2020-04-28 11:00:00+00:00,60194.0,60556.457
2020-04-28 12:00:00+00:00,59344.0,59059.504
2020-04-28 13:00:00+00:00,58824.0,58343.625
2020-04-28 14:00:00+00:00,57402.0,57636.336
2020-04-28 15:00:00+00:00,57500.0,56964.598
2020-04-28 16:00:00+00:00,57451.0,57399.52
2020-04-28 17:00:00+00:00,57398.0,56540.87
2020-04-28 18:00:00+00:00,56397.0,56150.152
2020-04-28 19:00:00+00:00,53571.0,53884.414
2020-04-28 20:00:00+00:00,49742.0,49872.992
2020-04-28 21:00:00+00:00,46202.0,45804.68
2020-04-28 22:00:00+00:00,43190.0,43215.23
2020-04-28 23:00:00+00:00,41331.0,41148.84
2020-04-29 00:00:00+00:00,40630.0,40116.21
2020-04-29 01:00:00+00:00,40980.0,40570.496
2020-04-29 02:00:00+00:00,42606.0,42034.47
2020-04-29 03:00:00+00:00,45585.0,45550.152
2020-04-29 04:00:00+00:00,51288.0,51270.453
2020-04-29 05:00:00+00:00,56485.0,56565.633
2020-04-29 06:00:00+00:00,59501.0,59636.723
2020-04-29 07:00:00+00:00,60841.0,60918.95
2020-04-29 08:00:00+00:00,62175.0,62306.055
2020-04-29 09:00:00+00:00,63580.0,63441.6
2020-04-29 10:00:00+00:00,63768.0,63094.324
2020-04-29 11:00:00+00:00,61448.0,62885.797
2020-04-29 12:00:00+00:00,60497.0,60241.496
2020-04-29 13:00:00+00:00,59140.0,59493.176
2020-04-29 14:00:00+00:00,57736.0,58262.566
2020-04-29 15:00:00+00:00,57788.0,57515.26
2020-04-29 16:00:00+00:00,58302.0,57544.906
2020-04-29 17:00:00+00:00,57384.0,57546.523
2020-04-29 18:00:00+00:00,55557.0,55849.887
2020-04-29 19:00:00+00:00,53106.0,53505.305
2020-04-29 20:00:00+00:00,48988.0,49834.15
2020-04-29 21:00:00+00:00,45320.0,45038.645
2020-04-29 22:00:00+00:00,42606.0,42455.535
2020-04-29 23:00:00+00:00,41510.0,40683.31
2020-04-30 00:00:00+00:00,41007.0,40509.953
2020-04-30 01:00:00+00:00,41247.0,41204.715
2020-04-30 02:00:00+00:00,42056.0,42432.027
2020-04-30 03:00:00+00:00,44777.0,44293.242
2020-04-30 04:00:00+00:00,50106.0,50103.242
2020-04-30 05:00:00+00:00,54724.0,55082.574
2020-04-30 06:00:00+00:00,57568.0,57754.113
2020-04-30 07:00:00+00:00,58363.0,59092.91
2020-04-30 08:00:00+00:00,60415.0,59707.055
2020-04-30 09:00:00+00:00,60897.0,61096.47
2020-04-30 10:00:00+00:00,62129.0,59760.08
2020-04-30 11:00:00+00:00,61469.0,61397.26
2020-04-30 12:00:00+00:00,58855.0,60317.28
2020-04-30 13:00:00+00:00,57787.0,57623.76
2020-04-30 14:00:00+00:00,55856.0,57389.11
2020-04-30 15:00:00+00:00,56535.0,55624.277
2020-04-30 16:00:00+00:00,55708.0,56568.156
2020-04-30 17:00:00+00:00,54803.0,54742.465
2020-04-30 18:00:00+00:00,53465.0,53555.816
2020-04-30 19:00:00+00:00,51108.0,51785.836
2020-04-30 20:00:00+00:00,47992.0,48370.13
2020-04-30 21:00:00+00:00,44233.0,44524.39
2020-04-30 22:00:00+00:00,40230.0,41245.355
2020-04-30 23:00:00+00:00,37781.0,37924.074
2020-05-01 00:00:00+00:00,36383.0,36222.66
2020-05-01 01:00:00+00:00,36349.0,35794.285
2020-05-01 02:00:00+00:00,35712.0,36599.89
2020-05-01 03:00:00+00:00,35055.0,35178.56
2020-05-01 04:00:00+00:00,35077.0,34315.203
2020-05-01 05:00:00+00:00,36993.0,37254.047
2020-05-01 06:00:00+00:00,39709.0,40379.438
2020-05-01 07:00:00+00:00,43302.0,43327.9
2020-05-01 08:00:00+00:00,45913.0,46012.383
2020-05-01 09:00:00+00:00,47795.0,48437.516
2020-05-01 10:00:00+00:00,47827.0,47850.13
2020-05-01 11:00:00+00:00,46466.0,45794.875
2020-05-01 12:00:00+00:00,43736.0,44886.17
2020-05-01 13:00:00+00:00,43829.0,42525.418
2020-05-01 14:00:00+00:00,42905.0,43899.453
2020-05-01 15:00:00+00:00,44517.0,43279.68
2020-05-01 16:00:00+00:00,46396.0,46654.42
2020-05-01 17:00:00+00:00,47249.0,48399.566
2020-05-01 18:00:00+00:00,46260.0,48258.51
2020-05-01 19:00:00+00:00,44738.0,46084.395
2020-05-01 20:00:00+00:00,43413.0,44535.965
2020-05-01 21:00:00+00:00,39862.0,40344.543
2020-05-01 22:00:00+00:00,36897.0,36931.33
2020-05-01 23:00:00+00:00,35274.0,34924.53
2020-05-02 00:00:00+00:00,34636.0,34203.223
2020-05-02 01:00:00+00:00,34257.0,34579.504
2020-05-02 02:00:00+00:00,35279.0,34746.875
2020-05-02 03:00:00+00:00,36052.0,37460.527
2020-05-02 04:00:00+00:00,37023.0,37055.31
2020-05-02 05:00:00+00:00,40372.0,39707.5
2020-05-02 06:00:00+00:00,43509.0,44511.96
2020-05-02 07:00:00+00:00,46807.0,46398.363
2020-05-02 08:00:00+00:00,48638.0,49126.523
2020-05-02 09:00:00+00:00,49854.0,49910.04
2020-05-02 10:00:00+00:00,49847.0,48344.426
2020-05-02 11:00:00+00:00,49223.0,48284.445
2020-05-02 12:00:00+00:00,48646.0,47987.87
2020-05-02 13:00:00+00:00,47045.0,47935.258
2020-05-02 14:00:00+00:00,47424.0,46813.215
2020-05-02 15:00:00+00:00,47568.0,48701.51
2020-05-02 16:00:00+00:00,49112.0,48119.832
2020-05-02 17:00:00+00:00,48769.0,49732.992
2020-05-02 18:00:00+00:00,47327.0,49005.965
2020-05-02 19:00:00+00:00,45018.0,46784.043
2020-05-02 20:00:00+00:00,43540.0,43914.62
2020-05-02 21:00:00+00:00,40731.0,40856.34
2020-05-02 22:00:00+00:00,38098.0,38387.375
2020-05-02 23:00:00+00:00,35631.0,36325.895
2020-05-03 00:00:00+00:00,34687.0,34115.574
2020-05-03 01:00:00+00:00,34704.0,34025.945
2020-05-03 02:00:00+00:00,35013.0,35325.63
2020-05-03 03:00:00+00:00,35041.0,35838.848
2020-05-03 04:00:00+00:00,34507.0,34762.844
2020-05-03 05:00:00+00:00,36193.0,35979.38
2020-05-03 06:00:00+00:00,38684.0,40335.906
2020-05-03 07:00:00+00:00,42474.0,42004.367
2020-05-03 08:00:00+00:00,44967.0,44778.957
2020-05-03 09:00:00+00:00,47327.0,47288.664
2020-05-03 10:00:00+00:00,46871.0,46977.29
2020-05-03 11:00:00+00:00,44783.0,44838.957
2020-05-03 12:00:00+00:00,42572.0,43147.11
2020-05-03 13:00:00+00:00,42000.0,41571.57
2020-05-03 14:00:00+00:00,42289.0,42051.33
2020-05-03 15:00:00+00:00,43759.0,43849.977
2020-05-03 16:00:00+00:00,45513.0,45581.633
2020-05-03 17:00:00+00:00,45365.0,46230.098
2020-05-03 18:00:00+00:00,45222.0,45629.42
2020-05-03 19:00:00+00:00,44200.0,44763.188
2020-05-03 20:00:00+00:00,43712.0,43538.22
2020-05-03 21:00:00+00:00,41112.0,40481.64
2020-05-03 22:00:00+00:00,38247.0,38425.773
2020-05-03 23:00:00+00:00,37057.0,36238.79
2020-05-04 00:00:00+00:00,36390.0,36254.742
2020-05-04 01:00:00+00:00,36639.0,36397.234
2020-05-04 02:00:00+00:00,37961.0,37852.008
2020-05-04 03:00:00+00:00,41911.0,41448.582
2020-05-04 04:00:00+00:00,49662.0,49887.098
2020-05-04 05:00:00+00:00,55455.0,56332.957
2020-05-04 06:00:00+00:00,58763.0,59468.746
2020-05-04 07:00:00+00:00,59783.0,60501.812
2020-05-04 08:00:00+00:00,60845.0,61673.91
2020-05-04 09:00:00+00:00,62472.0,62604.484
2020-05-04 10:00:00+00:00,62241.0,62457.867
2020-05-04 11:00:00+00:00,61263.0,61521.83
2020-05-04 12:00:00+00:00,59542.0,60190.652
2020-05-04 13:00:00+00:00,59129.0,58571.305
2020-05-04 14:00:00+00:00,57212.0,58208.848
2020-05-04 15:00:00+00:00,57156.0,56795.176
2020-05-04 16:00:00+00:00,56854.0,57128.633
2020-05-04 17:00:00+00:00,57362.0,56944.832
2020-05-04 18:00:00+00:00,56589.0,56483.496
2020-05-04 19:00:00+00:00,53513.0,54024.824
2020-05-04 20:00:00+00:00,50239.0,49683.766
2020-05-04 21:00:00+00:00,45677.0,46188.113
2020-05-04 22:00:00+00:00,43178.0,42665.004
2020-05-04 23:00:00+00:00,41386.0,41530.734
2020-05-05 00:00:00+00:00,40933.0,40248.992
2020-05-05 01:00:00+00:00,41242.0,41166.984
2020-05-05 02:00:00+00:00,42388.0,42523.36
2020-05-05 03:00:00+00:00,45065.0,45390.77
2020-05-05 04:00:00+00:00,51444.0,50570.81
2020-05-05 05:00:00+00:00,56871.0,56984.465
2020-05-05 06:00:00+00:00,60173.0,59981.355
2020-05-05 07:00:00+00:00,61610.0,61579.29
2020-05-05 08:00:00+00:00,63235.0,63049.73
2020-05-05 09:00:00+00:00,64841.0,64671.9
2020-05-05 10:00:00+00:00,64008.0,64459.25
2020-05-05 11:00:00+00:00,61350.0,63167.723
2020-05-05 12:00:00+00:00,60452.0,60241.89
2020-05-05 13:00:00+00:00,59490.0,59549.68
2020-05-05 14:00:00+00:00,58328.0,58516.4
2020-05-05 15:00:00+00:00,57314.0,57978.76
2020-05-05 16:00:00+00:00,57237.0,56780.96
2020-05-05 17:00:00+00:00,57297.0,56372.035
2020-05-05 18:00:00+00:00,56045.0,56401.258
2020-05-05 19:00:00+00:00,54330.0,53825.24
2020-05-05 20:00:00+00:00,49991.0,50612.047
2020-05-05 21:00:00+00:00,45992.0,45778.88
2020-05-05 22:00:00+00:00,43346.0,42995.547
2020-05-05 23:00:00+00:00,41693.0,41487.28
2020-05-06 00:00:00+00:00,40701.0,40593.543
2020-05-06 01:00:00+00:00,40798.0,40619.027
2020-05-06 02:00:00+00:00,42441.0,41571.99
2020-05-06 03:00:00+00:00,45078.0,45737.867
2020-05-06 04:00:00+00:00,50997.0,49928.688
2020-05-06 05:00:00+00:00,56423.0,56479.16
2020-05-06 06:00:00+00:00,58981.0,59761.055
2020-05-06 07:00:00+00:00,58551.0,60383.98
2020-05-06 08:00:00+00:00,60284.0,59755.54
2020-05-06 09:00:00+00:00,61596.0,61654.82
2020-05-06 10:00:00+00:00,61611.0,60737.062
2020-05-06 11:00:00+00:00,60180.0,60624.062
2020-05-06 12:00:00+00:00,57947.0,58989.31
2020-05-06 13:00:00+00:00,56753.0,56978.348
2020-05-06 14:00:00+00:00,56101.0,56018.934
2020-05-06 15:00:00+00:00,55492.0,55999.855
2020-05-06 16:00:00+00:00,55745.0,55154.4
2020-05-06 17:00:00+00:00,56460.0,55254.348
2020-05-06 18:00:00+00:00,55332.0,55540.99
2020-05-06 19:00:00+00:00,53385.0,52427.82
2020-05-06 20:00:00+00:00,50445.0,50068.97
2020-05-06 21:00:00+00:00,46257.0,46599.656
2020-05-06 22:00:00+00:00,43439.0,42816.734
2020-05-06 23:00:00+00:00,41817.0,41235.59
2020-05-07 00:00:00+00:00,40545.0,40461.844
2020-05-07 01:00:00+00:00,40985.0,40339.277
2020-05-07 02:00:00+00:00,42022.0,41813.79
2020-05-07 03:00:00+00:00,44377.0,43736.24
2020-05-07 04:00:00+00:00,50406.0,48792.75
2020-05-07 05:00:00+00:00,55952.0,56011.56
2020-05-07 06:00:00+00:00,59580.0,59433.367
2020-05-07 07:00:00+00:00,59691.0,61248.01
2020-05-07 08:00:00+00:00,60993.0,60782.07
2020-05-07 09:00:00+00:00,62383.0,62595.3
2020-05-07 10:00:00+00:00,61544.0,62000.305
2020-05-07 11:00:00+00:00,59739.0,60432.98
2020-05-07 12:00:00+00:00,58061.0,58606.555
2020-05-07 13:00:00+00:00,56583.0,57188.758
2020-05-07 14:00:00+00:00,54353.0,55720.664
2020-05-07 15:00:00+00:00,54423.0,54071.53
2020-05-07 16:00:00+00:00,54965.0,54526.38
2020-05-07 17:00:00+00:00,55442.0,54621.22
2020-05-07 18:00:00+00:00,54261.0,54250.71
2020-05-07 19:00:00+00:00,52545.0,52075.35
2020-05-07 20:00:00+00:00,49534.0,49369.496
2020-05-07 21:00:00+00:00,45220.0,45691.297
2020-05-07 22:00:00+00:00,42038.0,41788.55
2020-05-07 23:00:00+00:00,40396.0,39744.78
2020-05-08 00:00:00+00:00,39284.0,38954.23
2020-05-08 01:00:00+00:00,39564.0,38889.207
2020-05-08 02:00:00+00:00,40966.0,40217.36
2020-05-08 03:00:00+00:00,43369.0,42833.29
2020-05-08 04:00:00+00:00,48498.0,47468.19
2020-05-08 05:00:00+00:00,53751.0,54069.562
2020-05-08 06:00:00+00:00,56764.0,57401.996
2020-05-08 07:00:00+00:00,56831.0,58424.473
2020-05-08 08:00:00+00:00,57958.0,57979.273
2020-05-08 09:00:00+00:00,58924.0,59231.324
2020-05-08 10:00:00+00:00,58952.0,58274.527
2020-05-08 11:00:00+00:00,57254.0,57742.56
2020-05-08 12:00:00+00:00,55246.0,55912.3
2020-05-08 13:00:00+00:00,53834.0,54278.17
2020-05-08 14:00:00+00:00,53082.0,53387.523
2020-05-08 15:00:00+00:00,52503.0,53298.023
2020-05-08 16:00:00+00:00,53111.0,52442.453
2020-05-08 17:00:00+00:00,52899.0,52801.85
2020-05-08 18:00:00+00:00,51469.0,51791.85
2020-05-08 19:00:00+00:00,49879.0,49541.14
2020-05-08 20:00:00+00:00,47249.0,47446.33
2020-05-08 21:00:00+00:00,43063.0,43707.176
2020-05-08 22:00:00+00:00,40458.0,39853.62
2020-05-08 23:00:00+00:00,38465.0,38311.54
2020-05-09 00:00:00+00:00,37578.0,36983.75
2020-05-09 01:00:00+00:00,37187.0,37281.258
2020-05-09 02:00:00+00:00,37470.0,37144.695
2020-05-09 03:00:00+00:00,38029.0,37959.586
2020-05-09 04:00:00+00:00,38861.0,38714.02
2020-05-09 05:00:00+00:00,42180.0,42177.527
2020-05-09 06:00:00+00:00,45522.0,46221.66
2020-05-09 07:00:00+00:00,48181.0,48317.01
2020-05-09 08:00:00+00:00,50384.0,50349.008
2020-05-09 09:00:00+00:00,51766.0,52261.535
2020-05-09 10:00:00+00:00,51431.0,51161.77
2020-05-09 11:00:00+00:00,49738.0,49844.574
2020-05-09 12:00:00+00:00,47601.0,48264.742
2020-05-09 13:00:00+00:00,46564.0,46526.598
2020-05-09 14:00:00+00:00,46125.0,46391.902
2020-05-09 15:00:00+00:00,46628.0,47071.914
2020-05-09 16:00:00+00:00,47168.0,47853.645
2020-05-09 17:00:00+00:00,47173.0,48389.164
2020-05-09 18:00:00+00:00,46420.0,47902.547
2020-05-09 19:00:00+00:00,45630.0,45885.062
2020-05-09 20:00:00+00:00,44034.0,44464.844
2020-05-09 21:00:00+00:00,40285.0,40854.758
2020-05-09 22:00:00+00:00,37546.0,37423.14
2020-05-09 23:00:00+00:00,35347.0,35764.254
2020-05-10 00:00:00+00:00,33945.0,34152.656
2020-05-10 01:00:00+00:00,33499.0,33436.94
2020-05-10 02:00:00+00:00,33735.0,33503.215
2020-05-10 03:00:00+00:00,33494.0,34167.65
2020-05-10 04:00:00+00:00,33720.0,30704.092
2020-05-10 05:00:00+00:00,36062.0,36618.207
2020-05-10 06:00:00+00:00,39811.0,39366.973
2020-05-10 07:00:00+00:00,41889.0,42638.824
2020-05-10 08:00:00+00:00,43459.0,44119.105
2020-05-10 09:00:00+00:00,46013.0,45493.29
2020-05-10 10:00:00+00:00,46660.0,45362.62
2020-05-10 11:00:00+00:00,45346.0,44945.28
2020-05-10 12:00:00+00:00,44472.0,43800.23
2020-05-10 13:00:00+00:00,42877.0,43677.92
2020-05-10 14:00:00+00:00,42277.0,42266.336
2020-05-10 15:00:00+00:00,43575.0,42966.902
2020-05-10 16:00:00+00:00,45517.0,45307.973
2020-05-10 17:00:00+00:00,46267.0,46378.742
2020-05-10 18:00:00+00:00,46390.0,46472.867
2020-05-10 19:00:00+00:00,45932.0,46651.523
2020-05-10 20:00:00+00:00,45213.0,45222.574
2020-05-10 21:00:00+00:00,41862.0,42374.59
2020-05-10 22:00:00+00:00,39674.0,38804.727
2020-05-10 23:00:00+00:00,38592.0,37704.445
2020-05-11 00:00:00+00:00,37489.0,37384.645
2020-05-11 01:00:00+00:00,38330.0,37348.25
2020-05-11 02:00:00+00:00,39266.0,40044.273
2020-05-11 03:00:00+00:00,43539.0,42853.992
2020-05-11 04:00:00+00:00,51205.0,51918.223
2020-05-11 05:00:00+00:00,57182.0,58406.43
2020-05-11 06:00:00+00:00,61158.0,61423.023
2020-05-11 07:00:00+00:00,61704.0,62803.254
2020-05-11 08:00:00+00:00,64850.0,63457.348
2020-05-11 09:00:00+00:00,65835.0,66953.836
2020-05-11 10:00:00+00:00,65687.0,65357.656
2020-05-11 11:00:00+00:00,65054.0,65389.99
2020-05-11 12:00:00+00:00,64322.0,63945.426
2020-05-11 13:00:00+00:00,63188.0,63227.13
2020-05-11 14:00:00+00:00,62068.0,61596.223
2020-05-11 15:00:00+00:00,60640.0,61719.88
2020-05-11 16:00:00+00:00,59252.0,60089.934
2020-05-11 17:00:00+00:00,58472.0,58106.746
2020-05-11 18:00:00+00:00,56450.0,57623.746
2020-05-11 19:00:00+00:00,53921.0,55203.473
2020-05-11 20:00:00+00:00,50978.0,50566.543
2020-05-11 21:00:00+00:00,47505.0,47147.793
2020-05-11 22:00:00+00:00,45189.0,44841.332
2020-05-11 23:00:00+00:00,43224.0,43797.133
2020-05-12 00:00:00+00:00,42766.0,42429.703
2020-05-12 01:00:00+00:00,42715.0,43078.227
2020-05-12 02:00:00+00:00,43683.0,43760.125
2020-05-12 03:00:00+00:00,46042.0,47045.473
2020-05-12 04:00:00+00:00,51633.0,51579.914
2020-05-12 05:00:00+00:00,56797.0,57213.55
2020-05-12 06:00:00+00:00,59206.0,60012.28
2020-05-12 07:00:00+00:00,60566.0,60786.734
2020-05-12 08:00:00+00:00,62006.0,62498.152
2020-05-12 09:00:00+00:00,63714.0,62847.414
2020-05-12 10:00:00+00:00,62992.0,63361.816
2020-05-12 11:00:00+00:00,61837.0,62076.566
2020-05-12 12:00:00+00:00,59946.0,60849.043
2020-05-12 13:00:00+00:00,58687.0,58936.047
2020-05-12 14:00:00+00:00,57962.0,57821.082
2020-05-12 15:00:00+00:00,57635.0,57452.473
2020-05-12 16:00:00+00:00,57543.0,56919.082
2020-05-12 17:00:00+00:00,57138.0,56469.953
2020-05-12 18:00:00+00:00,55387.0,55379.05
2020-05-12 19:00:00+00:00,53160.0,53265.402
2020-05-12 20:00:00+00:00,50556.0,50201.27
2020-05-12 21:00:00+00:00,46686.0,46834.89
2020-05-12 22:00:00+00:00,44640.0,43372.445
2020-05-12 23:00:00+00:00,42725.0,42663.414
2020-05-13 00:00:00+00:00,42016.0,41365.473
2020-05-13 01:00:00+00:00,42877.0,42096.758
2020-05-13 02:00:00+00:00,43528.0,44364.766
2020-05-13 03:00:00+00:00,46845.0,45361.12
2020-05-13 04:00:00+00:00,52094.0,53117.363
2020-05-13 05:00:00+00:00,56648.0,57088.645
2020-05-13 06:00:00+00:00,59400.0,59561.18
2020-05-13 07:00:00+00:00,60919.0,60914.426
2020-05-13 08:00:00+00:00,61846.0,62605.863
2020-05-13 09:00:00+00:00,64253.0,62695.312
2020-05-13 10:00:00+00:00,63673.0,63995.094
2020-05-13 11:00:00+00:00,61037.0,62717.98
2020-05-13 12:00:00+00:00,60115.0,59863.445
2020-05-13 13:00:00+00:00,59689.0,59255.984
2020-05-13 14:00:00+00:00,58546.0,59116.188
2020-05-13 15:00:00+00:00,58594.0,58327.117
2020-05-13 16:00:00+00:00,58918.0,58045.94
2020-05-13 17:00:00+00:00,58148.0,57965.99
2020-05-13 18:00:00+00:00,56266.0,56095.258
2020-05-13 19:00:00+00:00,54309.0,53976.26
2020-05-13 20:00:00+00:00,51342.0,50980.13
2020-05-13 21:00:00+00:00,47158.0,47427.188
2020-05-13 22:00:00+00:00,44172.0,43939.68
2020-05-13 23:00:00+00:00,42617.0,42152.848
2020-05-14 00:00:00+00:00,41765.0,41527.72
2020-05-14 01:00:00+00:00,41720.0,41933.33
2020-05-14 02:00:00+00:00,43225.0,42322.176
2020-05-14 03:00:00+00:00,46084.0,45732.29
2020-05-14 04:00:00+00:00,51999.0,51993.31
2020-05-14 05:00:00+00:00,56646.0,57571.062
2020-05-14 06:00:00+00:00,59191.0,59877.215
2020-05-14 07:00:00+00:00,60447.0,60676.426
2020-05-14 08:00:00+00:00,61521.0,62087.242
2020-05-14 09:00:00+00:00,62410.0,62497.438
2020-05-14 10:00:00+00:00,62499.0,61767.977
2020-05-14 11:00:00+00:00,61000.0,61644.69
2020-05-14 12:00:00+00:00,59526.0,59796.55
2020-05-14 13:00:00+00:00,58100.0,58533.086
2020-05-14 14:00:00+00:00,56756.0,57394.754
2020-05-14 15:00:00+00:00,57169.0,56585.445
2020-05-14 16:00:00+00:00,57246.0,56893.254
2020-05-14 17:00:00+00:00,56578.0,56346.926
2020-05-14 18:00:00+00:00,55098.0,54840.426
2020-05-14 19:00:00+00:00,53105.0,53063.67
2020-05-14 20:00:00+00:00,50485.0,49858.785
2020-05-14 21:00:00+00:00,46134.0,46675.64
2020-05-14 22:00:00+00:00,43667.0,42816.32
2020-05-14 23:00:00+00:00,41832.0,41667.637
2020-05-15 00:00:00+00:00,42023.0,40457.45
2020-05-15 01:00:00+00:00,42537.0,42566.07
2020-05-15 02:00:00+00:00,44000.0,43970.688
2020-05-15 03:00:00+00:00,46128.0,46741.305
2020-05-15 04:00:00+00:00,50751.0,50897.723
2020-05-15 05:00:00+00:00,55109.0,55655.723
2020-05-15 06:00:00+00:00,58238.0,57986.133
2020-05-15 07:00:00+00:00,59081.0,59830.566
2020-05-15 08:00:00+00:00,60512.0,60433.46
2020-05-15 09:00:00+00:00,62072.0,61251.01
2020-05-15 10:00:00+00:00,61683.0,61406.508
2020-05-15 11:00:00+00:00,59747.0,60623.36
2020-05-15 12:00:00+00:00,57627.0,58567.35
2020-05-15 13:00:00+00:00,57007.0,56682.12
2020-05-15 14:00:00+00:00,56471.0,56918.094
2020-05-15 15:00:00+00:00,55816.0,56661.906
2020-05-15 16:00:00+00:00,55924.0,55046.38
2020-05-15 17:00:00+00:00,55254.0,54981.78
2020-05-15 18:00:00+00:00,53069.0,53581.426
2020-05-15 19:00:00+00:00,51247.0,51148.34
2020-05-15 20:00:00+00:00,48913.0,48370.203
2020-05-15 21:00:00+00:00,45245.0,45321.04
2020-05-15 22:00:00+00:00,41760.0,42124.56
2020-05-15 23:00:00+00:00,39769.0,39368.062
2020-05-16 00:00:00+00:00,38823.0,38328.82
2020-05-16 01:00:00+00:00,38834.0,38591.137
2020-05-16 02:00:00+00:00,38969.0,39013.32
2020-05-16 03:00:00+00:00,39164.0,38747.203
2020-05-16 04:00:00+00:00,39773.0,40506.785
2020-05-16 05:00:00+00:00,43063.0,43033.766
2020-05-16 06:00:00+00:00,47013.0,47222.64
2020-05-16 07:00:00+00:00,50133.0,50101.43
2020-05-16 08:00:00+00:00,51466.0,52237.938
2020-05-16 09:00:00+00:00,52469.0,52725.367
2020-05-16 10:00:00+00:00,52132.0,51450.695
2020-05-16 11:00:00+00:00,50499.0,50502.707
2020-05-16 12:00:00+00:00,49077.0,49062.145
2020-05-16 13:00:00+00:00,47172.0,48167.785
2020-05-16 14:00:00+00:00,46680.0,46670.8
2020-05-16 15:00:00+00:00,47613.0,47682.355
2020-05-16 16:00:00+00:00,48180.0,48992.55
2020-05-16 17:00:00+00:00,48066.0,48971.535
2020-05-16 18:00:00+00:00,47013.0,47854.582
2020-05-16 19:00:00+00:00,46344.0,46359.05
2020-05-16 20:00:00+00:00,44983.0,44977.043
2020-05-16 21:00:00+00:00,41718.0,41715.613
2020-05-16 22:00:00+00:00,38934.0,38794.08
2020-05-16 23:00:00+00:00,37263.0,36905.137
2020-05-17 00:00:00+00:00,36463.0,36138.418
2020-05-17 01:00:00+00:00,35987.0,36309.598
2020-05-17 02:00:00+00:00,35849.0,36245.9
2020-05-17 03:00:00+00:00,35599.0,35773.29
2020-05-17 04:00:00+00:00,35483.0,34179.582
2020-05-17 05:00:00+00:00,37862.0,37851.395
2020-05-17 06:00:00+00:00,40912.0,41922.754
2020-05-17 07:00:00+00:00,43808.0,43852.508
2020-05-17 08:00:00+00:00,45908.0,46281.465
2020-05-17 09:00:00+00:00,48691.0,48400.75
2020-05-17 10:00:00+00:00,48473.0,48489.29
2020-05-17 11:00:00+00:00,45434.0,46757.297
2020-05-17 12:00:00+00:00,43879.0,43777.734
2020-05-17 13:00:00+00:00,42998.0,43125.44
2020-05-17 14:00:00+00:00,42730.0,42605.18
2020-05-17 15:00:00+00:00,42836.0,43938.887
2020-05-17 16:00:00+00:00,44952.0,44263.586
2020-05-17 17:00:00+00:00,45961.0,45896.73
2020-05-17 18:00:00+00:00,45654.0,46390.484
2020-05-17 19:00:00+00:00,45512.0,45230.94
2020-05-17 20:00:00+00:00,44711.0,44992.21
2020-05-17 21:00:00+00:00,41478.0,41266.133
2020-05-17 22:00:00+00:00,39365.0,38678.87
2020-05-17 23:00:00+00:00,38080.0,37715.598
2020-05-18 00:00:00+00:00,37286.0,37180.707
2020-05-18 01:00:00+00:00,37888.0,37372.258
2020-05-18 02:00:00+00:00,39285.0,39490.273
2020-05-18 03:00:00+00:00,42436.0,43170.33
2020-05-18 04:00:00+00:00,49818.0,48400.28
2020-05-18 05:00:00+00:00,54855.0,56701.195
2020-05-18 06:00:00+00:00,58300.0,58458.707
2020-05-18 07:00:00+00:00,59360.0,59932.316
2020-05-18 08:00:00+00:00,60462.0,60974.73
2020-05-18 09:00:00+00:00,62066.0,62056.23
2020-05-18 10:00:00+00:00,61635.0,61776.793
2020-05-18 11:00:00+00:00,60282.0,60735.293
2020-05-18 12:00:00+00:00,59375.0,59172.082
2020-05-18 13:00:00+00:00,58251.0,58491.09
2020-05-18 14:00:00+00:00,57523.0,57142.05
2020-05-18 15:00:00+00:00,57571.0,57286.53
2020-05-18 16:00:00+00:00,57056.0,57378.324
2020-05-18 17:00:00+00:00,56331.0,56128.34
2020-05-18 18:00:00+00:00,54935.0,54597.133
2020-05-18 19:00:00+00:00,53051.0,53014.535
2020-05-18 20:00:00+00:00,49960.0,49473.71
2020-05-18 21:00:00+00:00,45413.0,45867.066
2020-05-18 22:00:00+00:00,42745.0,42365.777
2020-05-18 23:00:00+00:00,41034.0,41024.98
2020-05-19 00:00:00+00:00,40154.0,39907.715
2020-05-19 01:00:00+00:00,40384.0,40106.97
2020-05-19 02:00:00+00:00,41456.0,41194.66
2020-05-19 03:00:00+00:00,44479.0,43861.12
2020-05-19 04:00:00+00:00,50750.0,50181.977
2020-05-19 05:00:00+00:00,56218.0,56566.723
2020-05-19 06:00:00+00:00,59725.0,59450.36
2020-05-19 07:00:00+00:00,60229.0,61267.914
2020-05-19 08:00:00+00:00,61778.0,61727.62
2020-05-19 09:00:00+00:00,63050.0,63236.168
2020-05-19 10:00:00+00:00,61903.0,62401.34
2020-05-19 11:00:00+00:00,61171.0,60906.508
2020-05-19 12:00:00+00:00,60381.0,60184.242
2020-05-19 13:00:00+00:00,59327.0,59397.68
2020-05-19 14:00:00+00:00,57632.0,58237.293
2020-05-19 15:00:00+00:00,57389.0,57206.24
2020-05-19 16:00:00+00:00,57600.0,56889.105
2020-05-19 17:00:00+00:00,56835.0,56774.562
2020-05-19 18:00:00+00:00,54875.0,55301.33
2020-05-19 19:00:00+00:00,52903.0,53098.152
2020-05-19 20:00:00+00:00,50151.0,49670.684
2020-05-19 21:00:00+00:00,45172.0,46293.492
2020-05-19 22:00:00+00:00,42826.0,41949.9
2020-05-19 23:00:00+00:00,41556.0,41030.23
2020-05-20 00:00:00+00:00,40778.0,40430.574
2020-05-20 01:00:00+00:00,40762.0,40939.18
2020-05-20 02:00:00+00:00,41684.0,41387.586
2020-05-20 03:00:00+00:00,43679.0,44059.87
2020-05-20 04:00:00+00:00,49638.0,48464.125
2020-05-20 05:00:00+00:00,54887.0,55192.53
2020-05-20 06:00:00+00:00,58100.0,58047.78
2020-05-20 07:00:00+00:00,59234.0,59675.83
2020-05-20 08:00:00+00:00,60286.0,60807.645
2020-05-20 09:00:00+00:00,61535.0,61381.668
2020-05-20 10:00:00+00:00,60928.0,60891.08
2020-05-20 11:00:00+00:00,59750.0,59873.01
2020-05-20 12:00:00+00:00,58536.0,58714.684
2020-05-20 13:00:00+00:00,57025.0,57570.63
2020-05-20 14:00:00+00:00,55674.0,56251.73
2020-05-20 15:00:00+00:00,54976.0,55482.09
2020-05-20 16:00:00+00:00,54489.0,54295.793
2020-05-20 17:00:00+00:00,53779.0,53396.383
2020-05-20 18:00:00+00:00,51897.0,52654.395
2020-05-20 19:00:00+00:00,49882.0,50663.145
2020-05-20 20:00:00+00:00,47245.0,47345.33
2020-05-20 21:00:00+00:00,42821.0,43813.902
2020-05-20 22:00:00+00:00,40545.0,39782.473
2020-05-20 23:00:00+00:00,38784.0,38585.56
2020-05-21 00:00:00+00:00,37475.0,37387.55
2020-05-21 01:00:00+00:00,37445.0,37005.453
2020-05-21 02:00:00+00:00,37332.0,37428.914
2020-05-21 03:00:00+00:00,36099.0,37730.46
2020-05-21 04:00:00+00:00,35920.0,35130.92
2020-05-21 05:00:00+00:00,38217.0,38875.684
2020-05-21 06:00:00+00:00,41162.0,42119.11
2020-05-21 07:00:00+00:00,44191.0,44050.492
2020-05-21 08:00:00+00:00,46015.0,46699.867
2020-05-21 09:00:00+00:00,48106.0,48205.62
2020-05-21 10:00:00+00:00,47154.0,47999.83
2020-05-21 11:00:00+00:00,45100.0,45925.566
2020-05-21 12:00:00+00:00,42763.0,43908.484
2020-05-21 13:00:00+00:00,42351.0,41812.973
2020-05-21 14:00:00+00:00,42046.0,42274.65
2020-05-21 15:00:00+00:00,42333.0,43203.97
2020-05-21 16:00:00+00:00,44227.0,43913.574
2020-05-21 17:00:00+00:00,44857.0,47761.023
2020-05-21 18:00:00+00:00,44493.0,46794.62
2020-05-21 19:00:00+00:00,44476.0,44634.77
2020-05-21 20:00:00+00:00,43470.0,44120.902
2020-05-21 21:00:00+00:00,40457.0,39671.453
2020-05-21 22:00:00+00:00,38012.0,37516.84
2020-05-21 23:00:00+00:00,36624.0,36137.254
2020-05-22 00:00:00+00:00,35938.0,35796.363
2020-05-22 01:00:00+00:00,35719.0,36080.02
2020-05-22 02:00:00+00:00,36079.0,36319.527
2020-05-22 03:00:00+00:00,37227.0,37266.105
2020-05-22 04:00:00+00:00,41018.0,38452.453
2020-05-22 05:00:00+00:00,44870.0,46073.44
2020-05-22 06:00:00+00:00,48472.0,48757.215
2020-05-22 07:00:00+00:00,50271.0,51141.88
2020-05-22 08:00:00+00:00,52773.0,51966.926
2020-05-22 09:00:00+00:00,54631.0,54625.676
2020-05-22 10:00:00+00:00,54491.0,54419.246
2020-05-22 11:00:00+00:00,54445.0,53052.598
2020-05-22 12:00:00+00:00,52170.0,53501.273
2020-05-22 13:00:00+00:00,51504.0,51023.676
2020-05-22 14:00:00+00:00,50918.0,51334.26
2020-05-22 15:00:00+00:00,51289.0,51373.008
2020-05-22 16:00:00+00:00,51533.0,51896.8
2020-05-22 17:00:00+00:00,50529.0,51515.88
2020-05-22 18:00:00+00:00,48902.0,49789.984
2020-05-22 19:00:00+00:00,47565.0,48185.18
2020-05-22 20:00:00+00:00,45605.0,46209.055
2020-05-22 21:00:00+00:00,42210.0,42391.6
2020-05-22 22:00:00+00:00,38824.0,39294.668
2020-05-22 23:00:00+00:00,36846.0,36658.887
2020-05-23 00:00:00+00:00,36305.0,35483.18
2020-05-23 01:00:00+00:00,35198.0,35883.836
2020-05-23 02:00:00+00:00,35412.0,35155.24
2020-05-23 03:00:00+00:00,36184.0,35509.258
2020-05-23 04:00:00+00:00,37496.0,37634.074
2020-05-23 05:00:00+00:00,41062.0,39800.098
2020-05-23 06:00:00+00:00,44280.0,45158.12
2020-05-23 07:00:00+00:00,46664.0,47274.668
2020-05-23 08:00:00+00:00,49514.0,48962.2
2020-05-23 09:00:00+00:00,52141.0,51592.465
2020-05-23 10:00:00+00:00,52486.0,51533.04
2020-05-23 11:00:00+00:00,51847.0,50687.92
2020-05-23 12:00:00+00:00,50090.0,50429.492
2020-05-23 13:00:00+00:00,49067.0,48897.723
2020-05-23 14:00:00+00:00,49510.0,48972.043
2020-05-23 15:00:00+00:00,49934.0,50783.53
2020-05-23 16:00:00+00:00,50595.0,50832.45
2020-05-23 17:00:00+00:00,49039.0,50536.71
2020-05-23 18:00:00+00:00,46815.0,48113.79
2020-05-23 19:00:00+00:00,45105.0,46662.79
2020-05-23 20:00:00+00:00,43899.0,45267.16
2020-05-23 21:00:00+00:00,40780.0,41360.062
2020-05-23 22:00:00+00:00,37478.0,38077.57
2020-05-23 23:00:00+00:00,36742.0,35295.027
2020-05-24 00:00:00+00:00,35188.0,35689.125
2020-05-24 01:00:00+00:00,34916.0,34481.54
2020-05-24 02:00:00+00:00,34959.0,35328.094
2020-05-24 03:00:00+00:00,34366.0,35567.848
2020-05-24 04:00:00+00:00,34933.0,33439.527
2020-05-24 05:00:00+00:00,37416.0,37096.414
2020-05-24 06:00:00+00:00,41152.0,41078.492
2020-05-24 07:00:00+00:00,44687.0,44101.125
2020-05-24 08:00:00+00:00,47922.0,47208.69
2020-05-24 09:00:00+00:00,50309.0,49975.28
2020-05-24 10:00:00+00:00,49604.0,49561.477
2020-05-24 11:00:00+00:00,47823.0,47626.344
2020-05-24 12:00:00+00:00,45587.0,46523.484
2020-05-24 13:00:00+00:00,44532.0,44614.51
2020-05-24 14:00:00+00:00,44624.0,44785.73
2020-05-24 15:00:00+00:00,46147.0,46237.406
2020-05-24 16:00:00+00:00,45838.0,47539.707
2020-05-24 17:00:00+00:00,46306.0,45992.945
2020-05-24 18:00:00+00:00,45033.0,46426.29
2020-05-24 19:00:00+00:00,44354.0,44871.0
2020-05-24 20:00:00+00:00,43964.0,43875.754
2020-05-24 21:00:00+00:00,40862.0,40864.89
2020-05-24 22:00:00+00:00,38578.0,38030.215
2020-05-24 23:00:00+00:00,37187.0,36901.8
2020-05-25 00:00:00+00:00,36396.0,36196.625
2020-05-25 01:00:00+00:00,36751.0,36136.227
2020-05-25 02:00:00+00:00,38027.0,37889.324
2020-05-25 03:00:00+00:00,41555.0,41442.934
2020-05-25 04:00:00+00:00,49762.0,48687.906
2020-05-25 05:00:00+00:00,56471.0,56719.305
2020-05-25 06:00:00+00:00,59306.0,60404.633
2020-05-25 07:00:00+00:00,61694.0,60988.51
2020-05-25 08:00:00+00:00,62761.0,63803.637
2020-05-25 09:00:00+00:00,65569.0,64105.246
2020-05-25 10:00:00+00:00,65444.0,65451.9
2020-05-25 11:00:00+00:00,63634.0,65016.375
2020-05-25 12:00:00+00:00,61781.0,62623.242
2020-05-25 13:00:00+00:00,60210.0,60752.64
2020-05-25 14:00:00+00:00,59220.0,58993.45
2020-05-25 15:00:00+00:00,58827.0,59176.312
2020-05-25 16:00:00+00:00,58076.0,58562.664
2020-05-25 17:00:00+00:00,56834.0,59044.832
2020-05-25 18:00:00+00:00,54578.0,55858.492
2020-05-25 19:00:00+00:00,52362.0,53221.496
2020-05-25 20:00:00+00:00,50041.0,49664.64
2020-05-25 21:00:00+00:00,46396.0,46218.168
2020-05-25 22:00:00+00:00,42854.0,43490.863
2020-05-25 23:00:00+00:00,41893.0,41105.31
2020-05-26 00:00:00+00:00,41014.0,41116.94
2020-05-26 01:00:00+00:00,41023.0,40992.617
2020-05-26 02:00:00+00:00,42351.0,41876.477
2020-05-26 03:00:00+00:00,44372.0,45254.95
2020-05-26 04:00:00+00:00,50496.0,50207.863
2020-05-26 05:00:00+00:00,55883.0,56389.477
2020-05-26 06:00:00+00:00,59390.0,59466.62
2020-05-26 07:00:00+00:00,60322.0,61112.69
2020-05-26 08:00:00+00:00,61624.0,62075.297
2020-05-26 09:00:00+00:00,63287.0,62545.79
2020-05-26 10:00:00+00:00,62891.0,62797.72
2020-05-26 11:00:00+00:00,61482.0,62004.992
2020-05-26 12:00:00+00:00,60045.0,60453.8
2020-05-26 13:00:00+00:00,58723.0,59155.23
2020-05-26 14:00:00+00:00,57171.0,57934.832
2020-05-26 15:00:00+00:00,56774.0,56508.03
2020-05-26 16:00:00+00:00,56506.0,56071.875
2020-05-26 17:00:00+00:00,55759.0,55631.953
2020-05-26 18:00:00+00:00,53777.0,53965.4
2020-05-26 19:00:00+00:00,51827.0,52450.504
2020-05-26 20:00:00+00:00,49472.0,49082.414
2020-05-26 21:00:00+00:00,45390.0,45777.32
2020-05-26 22:00:00+00:00,42986.0,42226.016
2020-05-26 23:00:00+00:00,41091.0,40949.902
2020-05-27 00:00:00+00:00,40333.0,39689.97
2020-05-27 01:00:00+00:00,40773.0,40112.95
2020-05-27 02:00:00+00:00,41969.0,41701.0
2020-05-27 03:00:00+00:00,44046.0,44386.906
2020-05-27 04:00:00+00:00,50170.0,48942.91
2020-05-27 05:00:00+00:00,56284.0,55950.0
2020-05-27 06:00:00+00:00,58845.0,59742.234
2020-05-27 07:00:00+00:00,60025.0,60258.19
2020-05-27 08:00:00+00:00,61403.0,61735.816
2020-05-27 09:00:00+00:00,63217.0,62778.375
2020-05-27 10:00:00+00:00,63097.0,62611.816
2020-05-27 11:00:00+00:00,61230.0,62362.36
2020-05-27 12:00:00+00:00,59525.0,60162.36
2020-05-27 13:00:00+00:00,58170.0,58576.15
2020-05-27 14:00:00+00:00,57236.0,57510.145
2020-05-27 15:00:00+00:00,57112.0,57345.06
2020-05-27 16:00:00+00:00,56864.0,56709.6
2020-05-27 17:00:00+00:00,56333.0,56204.586
2020-05-27 18:00:00+00:00,54304.0,54258.453
2020-05-27 19:00:00+00:00,52088.0,52651.273
2020-05-27 20:00:00+00:00,50000.0,49289.93
2020-05-27 21:00:00+00:00,45616.0,46293.863
2020-05-27 22:00:00+00:00,42590.0,42271.715
2020-05-27 23:00:00+00:00,40914.0,40477.305
2020-05-28 00:00:00+00:00,40727.0,39650.918
2020-05-28 01:00:00+00:00,41057.0,40851.258
2020-05-28 02:00:00+00:00,41794.0,42168.562
2020-05-28 03:00:00+00:00,44093.0,43227.902
2020-05-28 04:00:00+00:00,50169.0,49672.844
2020-05-28 05:00:00+00:00,55828.0,55856.035
2020-05-28 06:00:00+00:00,59259.0,59224.594
2020-05-28 07:00:00+00:00,60332.0,60823.2
2020-05-28 08:00:00+00:00,61463.0,61909.676
2020-05-28 09:00:00+00:00,62816.0,62543.367
2020-05-28 10:00:00+00:00,63357.0,62184.184
2020-05-28 11:00:00+00:00,62530.0,62661.445
2020-05-28 12:00:00+00:00,60466.0,61556.746
2020-05-28 13:00:00+00:00,59394.0,59377.074
2020-05-28 14:00:00+00:00,58251.0,58710.797
2020-05-28 15:00:00+00:00,58082.0,58147.1
2020-05-28 16:00:00+00:00,57503.0,57572.69
2020-05-28 17:00:00+00:00,56712.0,56643.414
2020-05-28 18:00:00+00:00,54351.0,54595.08
2020-05-28 19:00:00+00:00,52029.0,53058.613
2020-05-28 20:00:00+00:00,49696.0,49523.29
2020-05-28 21:00:00+00:00,45381.0,46079.984
2020-05-28 22:00:00+00:00,42637.0,42221.152
2020-05-28 23:00:00+00:00,40866.0,40610.918
2020-05-29 00:00:00+00:00,40177.0,39543.094
2020-05-29 01:00:00+00:00,40436.0,39989.523
2020-05-29 02:00:00+00:00,41398.0,41301.5
2020-05-29 03:00:00+00:00,43589.0,43584.258
2020-05-29 04:00:00+00:00,49426.0,49114.594
2020-05-29 05:00:00+00:00,54592.0,55146.434
2020-05-29 06:00:00+00:00,57746.0,58122.848
2020-05-29 07:00:00+00:00,58652.0,59460.312
2020-05-29 08:00:00+00:00,59572.0,60288.39
2020-05-29 09:00:00+00:00,61048.0,60615.617
2020-05-29 10:00:00+00:00,60801.0,60299.992
2020-05-29 11:00:00+00:00,58665.0,59721.96
2020-05-29 12:00:00+00:00,57222.0,57397.83
2020-05-29 13:00:00+00:00,55681.0,56407.098
2020-05-29 14:00:00+00:00,54406.0,55242.59
2020-05-29 15:00:00+00:00,54181.0,54137.516
2020-05-29 16:00:00+00:00,54003.0,53799.176
2020-05-29 17:00:00+00:00,53432.0,53068.2
2020-05-29 18:00:00+00:00,51580.0,52000.04
2020-05-29 19:00:00+00:00,49619.0,50144.55
2020-05-29 20:00:00+00:00,47227.0,47185.7
2020-05-29 21:00:00+00:00,43104.0,43770.0
2020-05-29 22:00:00+00:00,40110.0,39997.844
2020-05-29 23:00:00+00:00,38029.0,37969.305
2020-05-30 00:00:00+00:00,36981.0,36553.734
2020-05-30 01:00:00+00:00,37015.0,36506.156
2020-05-30 02:00:00+00:00,36796.0,37175.4
2020-05-30 03:00:00+00:00,36878.0,36620.367
2020-05-30 04:00:00+00:00,38307.0,37463.99
2020-05-30 05:00:00+00:00,41306.0,42013.594
2020-05-30 06:00:00+00:00,44736.0,45081.2
2020-05-30 07:00:00+00:00,47023.0,47769.688
2020-05-30 08:00:00+00:00,49057.0,49239.45
2020-05-30 09:00:00+00:00,51369.0,50833.08
2020-05-30 10:00:00+00:00,51415.0,50684.707
2020-05-30 11:00:00+00:00,49685.0,49789.883
2020-05-30 12:00:00+00:00,47314.0,48118.0
2020-05-30 13:00:00+00:00,46465.0,46155.574
2020-05-30 14:00:00+00:00,46590.0,46406.945
2020-05-30 15:00:00+00:00,46749.0,47703.797
2020-05-30 16:00:00+00:00,46947.0,47734.28
2020-05-30 17:00:00+00:00,46268.0,48041.785
2020-05-30 18:00:00+00:00,45109.0,47185.3
2020-05-30 19:00:00+00:00,44395.0,45234.54
2020-05-30 20:00:00+00:00,42744.0,44005.008
2020-05-30 21:00:00+00:00,38999.0,39789.69
2020-05-30 22:00:00+00:00,36472.0,36182.22
2020-05-30 23:00:00+00:00,34612.0,34705.977
2020-05-31 00:00:00+00:00,33442.0,33460.883
2020-05-31 01:00:00+00:00,32829.0,33005.188
2020-05-31 02:00:00+00:00,32397.0,32676.516
2020-05-31 03:00:00+00:00,31923.0,32085.1
2020-05-31 04:00:00+00:00,32507.0,29423.615
2020-05-31 05:00:00+00:00,34612.0,35719.613
2020-05-31 06:00:00+00:00,38689.0,37111.79
2020-05-31 07:00:00+00:00,41941.0,41598.914
2020-05-31 08:00:00+00:00,44448.0,43871.535
2020-05-31 09:00:00+00:00,46888.0,46789.555
2020-05-31 10:00:00+00:00,47343.0,46096.535
2020-05-31 11:00:00+00:00,45035.0,45564.38
2020-05-31 12:00:00+00:00,43496.0,43653.79
2020-05-31 13:00:00+00:00,42307.0,42726.984
2020-05-31 14:00:00+00:00,41482.0,41811.277
2020-05-31 15:00:00+00:00,41974.0,42454.223
2020-05-31 16:00:00+00:00,42927.0,43277.32
2020-05-31 17:00:00+00:00,42748.0,43550.066
2020-05-31 18:00:00+00:00,42267.0,42791.18
2020-05-31 19:00:00+00:00,41474.0,42993.188
2020-05-31 20:00:00+00:00,40873.0,42055.547
2020-05-31 21:00:00+00:00,37794.0,38019.38
2020-05-31 22:00:00+00:00,35002.0,34976.75
2020-05-31 23:00:00+00:00,33277.0,33304.82
2020-06-01 00:00:00+00:00,32669.0,32218.111
2020-06-01 01:00:00+00:00,32040.0,32867.902
2020-06-01 02:00:00+00:00,32714.0,31556.24
2020-06-01 03:00:00+00:00,32592.0,34479.652
2020-06-01 04:00:00+00:00,33129.0,32174.459
2020-06-01 05:00:00+00:00,35362.0,34424.273
2020-06-01 06:00:00+00:00,38720.0,37770.01
2020-06-01 07:00:00+00:00,42116.0,41734.48
2020-06-01 08:00:00+00:00,44012.0,44250.45
2020-06-01 09:00:00+00:00,47128.0,46540.46
2020-06-01 10:00:00+00:00,46287.0,46806.234
2020-06-01 11:00:00+00:00,44957.0,44408.016
2020-06-01 12:00:00+00:00,43330.0,43688.266
2020-06-01 13:00:00+00:00,41948.0,42312.285
2020-06-01 14:00:00+00:00,42222.0,41697.977
2020-06-01 15:00:00+00:00,42646.0,43855.93
2020-06-01 16:00:00+00:00,44217.0,43656.574
2020-06-01 17:00:00+00:00,44460.0,44986.41
2020-06-01 18:00:00+00:00,44500.0,44652.273
2020-06-01 19:00:00+00:00,43598.0,43619.445
2020-06-01 20:00:00+00:00,43127.0,42700.043
2020-06-01 21:00:00+00:00,40004.0,40010.23
2020-06-01 22:00:00+00:00,37365.0,37302.805
2020-06-01 23:00:00+00:00,36385.0,35675.945
2020-06-02 00:00:00+00:00,35904.0,35468.805
2020-06-02 01:00:00+00:00,36279.0,36090.86
2020-06-02 02:00:00+00:00,37364.0,37452.26
2020-06-02 03:00:00+00:00,40791.0,40719.31
2020-06-02 04:00:00+00:00,48379.0,47708.684
2020-06-02 05:00:00+00:00,54386.0,55223.89
2020-06-02 06:00:00+00:00,58476.0,58600.465
2020-06-02 07:00:00+00:00,60094.0,60067.332
2020-06-02 08:00:00+00:00,61399.0,62048.38
2020-06-02 09:00:00+00:00,62649.0,63013.38
2020-06-02 10:00:00+00:00,63075.0,62349.62
2020-06-02 11:00:00+00:00,62611.0,62455.707
2020-06-02 12:00:00+00:00,60214.0,61659.387
2020-06-02 13:00:00+00:00,59011.0,59045.79
2020-06-02 14:00:00+00:00,57598.0,58121.312
2020-06-02 15:00:00+00:00,56790.0,57379.363
2020-06-02 16:00:00+00:00,56067.0,56453.254
2020-06-02 17:00:00+00:00,56224.0,56642.89
2020-06-02 18:00:00+00:00,54384.0,57048.625
2020-06-02 19:00:00+00:00,52095.0,52860.043
2020-06-02 20:00:00+00:00,50070.0,49093.324
2020-06-02 21:00:00+00:00,45743.0,46223.06
2020-06-02 22:00:00+00:00,42022.0,42607.25
2020-06-02 23:00:00+00:00,40992.0,40125.066
2020-06-03 00:00:00+00:00,40302.0,39856.492
2020-06-03 01:00:00+00:00,40140.0,40120.582
2020-06-03 02:00:00+00:00,41053.0,40918.883
2020-06-03 03:00:00+00:00,43458.0,43162.92
2020-06-03 04:00:00+00:00,50207.0,49348.76
2020-06-03 05:00:00+00:00,55806.0,56521.59
2020-06-03 06:00:00+00:00,59606.0,59394.086
2020-06-03 07:00:00+00:00,60782.0,61290.203
2020-06-03 08:00:00+00:00,62132.0,62457.082
2020-06-03 09:00:00+00:00,63466.0,63851.445
2020-06-03 10:00:00+00:00,64206.0,62900.863
2020-06-03 11:00:00+00:00,63235.0,63761.33
2020-06-03 12:00:00+00:00,61136.0,62280.72
2020-06-03 13:00:00+00:00,59918.0,60054.176
2020-06-03 14:00:00+00:00,59174.0,58816.9
2020-06-03 15:00:00+00:00,59240.0,58903.52
2020-06-03 16:00:00+00:00,58881.0,58927.9
2020-06-03 17:00:00+00:00,57520.0,58012.684
2020-06-03 18:00:00+00:00,55050.0,54710.25
2020-06-03 19:00:00+00:00,52547.0,53923.9
2020-06-03 20:00:00+00:00,50333.0,50145.324
2020-06-03 21:00:00+00:00,45838.0,46615.08
2020-06-03 22:00:00+00:00,42719.0,42618.254
2020-06-03 23:00:00+00:00,41077.0,40726.535
2020-06-04 00:00:00+00:00,40772.0,39892.56
2020-06-04 01:00:00+00:00,40847.0,40806.812
2020-06-04 02:00:00+00:00,41939.0,41812.492
2020-06-04 03:00:00+00:00,44429.0,44363.99
2020-06-04 04:00:00+00:00,50593.0,50927.57
2020-06-04 05:00:00+00:00,56219.0,56521.66
2020-06-04 06:00:00+00:00,59157.0,59741.215
2020-06-04 07:00:00+00:00,61006.0,60696.1
2020-06-04 08:00:00+00:00,62747.0,62940.883
2020-06-04 09:00:00+00:00,64685.0,63868.47
2020-06-04 10:00:00+00:00,65104.0,64100.688
2020-06-04 11:00:00+00:00,63777.0,64448.016
2020-06-04 12:00:00+00:00,62978.0,62876.832
2020-06-04 13:00:00+00:00,62142.0,62168.016
2020-06-04 14:00:00+00:00,61083.0,61354.23
2020-06-04 15:00:00+00:00,60696.0,60578.348
2020-06-04 16:00:00+00:00,60321.0,59928.05
2020-06-04 17:00:00+00:00,58233.0,59212.42
2020-06-04 18:00:00+00:00,55828.0,55352.195
2020-06-04 19:00:00+00:00,52878.0,55032.32
2020-06-04 20:00:00+00:00,50242.0,50167.777
2020-06-04 21:00:00+00:00,45959.0,46677.184
2020-06-04 22:00:00+00:00,43404.0,43023.92
2020-06-04 23:00:00+00:00,41591.0,41686.965
2020-06-05 00:00:00+00:00,40394.0,40562.105
2020-06-05 01:00:00+00:00,41051.0,40180.863
2020-06-05 02:00:00+00:00,41529.0,42211.867
2020-06-05 03:00:00+00:00,44178.0,43873.004
2020-06-05 04:00:00+00:00,50951.0,49720.734
2020-06-05 05:00:00+00:00,55997.0,57406.836
2020-06-05 06:00:00+00:00,59550.0,59514.1
2020-06-05 07:00:00+00:00,61045.0,61275.695
2020-06-05 08:00:00+00:00,62064.0,63025.703
2020-06-05 09:00:00+00:00,63914.0,62812.13
2020-06-05 10:00:00+00:00,63876.0,63386.55
2020-06-05 11:00:00+00:00,61656.0,63008.875
2020-06-05 12:00:00+00:00,60385.0,60595.066
2020-06-05 13:00:00+00:00,59326.0,59578.703
2020-06-05 14:00:00+00:00,58368.0,58657.473
2020-06-05 15:00:00+00:00,58723.0,58045.805
2020-06-05 16:00:00+00:00,58069.0,58120.08
2020-06-05 17:00:00+00:00,56773.0,56895.176
2020-06-05 18:00:00+00:00,53571.0,54480.863
2020-06-05 19:00:00+00:00,51330.0,52112.42
2020-06-05 20:00:00+00:00,49366.0,48892.16
2020-06-05 21:00:00+00:00,45136.0,45763.11
2020-06-05 22:00:00+00:00,42870.0,42020.867
2020-06-05 23:00:00+00:00,41212.0,40999.324
2020-06-06 00:00:00+00:00,39525.0,40024.445
2020-06-06 01:00:00+00:00,38864.0,38921.535
2020-06-06 02:00:00+00:00,38859.0,38466.49
2020-06-06 03:00:00+00:00,39015.0,38976.305
2020-06-06 04:00:00+00:00,40017.0,40866.383
2020-06-06 05:00:00+00:00,42824.0,42837.887
2020-06-06 06:00:00+00:00,47236.0,46724.684
2020-06-06 07:00:00+00:00,50297.0,50592.055
2020-06-06 08:00:00+00:00,52556.0,52392.086
2020-06-06 09:00:00+00:00,54707.0,53744.363
2020-06-06 10:00:00+00:00,53420.0,53812.24
2020-06-06 11:00:00+00:00,51731.0,51539.57
2020-06-06 12:00:00+00:00,50260.0,50461.426
2020-06-06 13:00:00+00:00,48955.0,49453.57
2020-06-06 14:00:00+00:00,48010.0,48863.297
2020-06-06 15:00:00+00:00,48560.0,48332.734
2020-06-06 16:00:00+00:00,49598.0,50044.047
2020-06-06 17:00:00+00:00,48512.0,50586.195
2020-06-06 18:00:00+00:00,46263.0,47763.465
2020-06-06 19:00:00+00:00,44638.0,45639.67
2020-06-06 20:00:00+00:00,43762.0,43839.684
2020-06-06 21:00:00+00:00,40814.0,40763.633
2020-06-06 22:00:00+00:00,38362.0,37841.266
2020-06-06 23:00:00+00:00,36221.0,36276.387
2020-06-07 00:00:00+00:00,34933.0,34798.758
2020-06-07 01:00:00+00:00,34670.0,34214.95
2020-06-07 02:00:00+00:00,34427.0,34739.305
2020-06-07 03:00:00+00:00,34100.0,33893.367
2020-06-07 04:00:00+00:00,35185.0,33935.66
2020-06-07 05:00:00+00:00,37078.0,37868.586
2020-06-07 06:00:00+00:00,40498.0,40491.92
2020-06-07 07:00:00+00:00,43870.0,43731.98
2020-06-07 08:00:00+00:00,46485.0,46434.59
2020-06-07 09:00:00+00:00,49286.0,48998.746
2020-06-07 10:00:00+00:00,49549.0,49371.582
2020-06-07 11:00:00+00:00,48197.0,47938.88
2020-06-07 12:00:00+00:00,46082.0,46804.875
2020-06-07 13:00:00+00:00,44854.0,44990.184
2020-06-07 14:00:00+00:00,44175.0,44774.934
2020-06-07 15:00:00+00:00,45054.0,45017.57
2020-06-07 16:00:00+00:00,46151.0,46561.46
2020-06-07 17:00:00+00:00,45407.0,46765.945
2020-06-07 18:00:00+00:00,43674.0,45148.277
2020-06-07 19:00:00+00:00,43190.0,44176.85
2020-06-07 20:00:00+00:00,43283.0,43719.07
2020-06-07 21:00:00+00:00,40625.0,40392.617
2020-06-07 22:00:00+00:00,39156.0,37819.57
2020-06-07 23:00:00+00:00,37539.0,37412.227
2020-06-08 00:00:00+00:00,36875.0,36165.168
2020-06-08 01:00:00+00:00,36857.0,36670.074
2020-06-08 02:00:00+00:00,38700.0,37629.715
2020-06-08 03:00:00+00:00,41643.0,42730.164
2020-06-08 04:00:00+00:00,48612.0,48250.812
2020-06-08 05:00:00+00:00,54603.0,54933.707
2020-06-08 06:00:00+00:00,58192.0,58787.082
2020-06-08 07:00:00+00:00,58921.0,60005.07
2020-06-08 08:00:00+00:00,59860.0,60577.71
2020-06-08 09:00:00+00:00,62727.0,61128.324
2020-06-08 10:00:00+00:00,62737.0,62993.7
2020-06-08 11:00:00+00:00,60810.0,62091.047
2020-06-08 12:00:00+00:00,59404.0,59485.684
2020-06-08 13:00:00+00:00,57981.0,58587.406
2020-06-08 14:00:00+00:00,56704.0,57563.246
2020-06-08 15:00:00+00:00,56837.0,56773.44
2020-06-08 16:00:00+00:00,56244.0,57234.74
2020-06-08 17:00:00+00:00,55928.0,57903.81
2020-06-08 18:00:00+00:00,53798.0,56436.184
2020-06-08 19:00:00+00:00,51719.0,52378.62
2020-06-08 20:00:00+00:00,50063.0,48800.78
2020-06-08 21:00:00+00:00,45470.0,46183.62
2020-06-08 22:00:00+00:00,42671.0,42260.613
2020-06-08 23:00:00+00:00,41504.0,40781.695
2020-06-09 00:00:00+00:00,40651.0,40412.16
2020-06-09 01:00:00+00:00,40539.0,40580.336
2020-06-09 02:00:00+00:00,41323.0,41254.184
2020-06-09 03:00:00+00:00,43896.0,43141.492
2020-06-09 04:00:00+00:00,49896.0,50020.906
2020-06-09 05:00:00+00:00,56016.0,55589.848
2020-06-09 06:00:00+00:00,59236.0,59634.176
2020-06-09 07:00:00+00:00,60384.0,60827.824
2020-06-09 08:00:00+00:00,61586.0,61980.098
2020-06-09 09:00:00+00:00,63524.0,62975.902
2020-06-09 10:00:00+00:00,63430.0,63086.133
2020-06-09 11:00:00+00:00,62023.0,62680.027
2020-06-09 12:00:00+00:00,60569.0,61040.562
2020-06-09 13:00:00+00:00,59766.0,59607.5
2020-06-09 14:00:00+00:00,58233.0,59123.56
2020-06-09 15:00:00+00:00,58378.0,57852.62
2020-06-09 16:00:00+00:00,57968.0,58182.348
2020-06-09 17:00:00+00:00,57141.0,57348.652
2020-06-09 18:00:00+00:00,54946.0,54735.855
2020-06-09 19:00:00+00:00,52573.0,53602.617
2020-06-09 20:00:00+00:00,50528.0,49790.11
2020-06-09 21:00:00+00:00,45555.0,46824.367
2020-06-09 22:00:00+00:00,42286.0,42177.42
2020-06-09 23:00:00+00:00,40398.0,40235.203
2020-06-10 00:00:00+00:00,40168.0,39128.402
2020-06-10 01:00:00+00:00,40350.0,40270.145
2020-06-10 02:00:00+00:00,41219.0,41292.414
2020-06-10 03:00:00+00:00,43867.0,43081.316
2020-06-10 04:00:00+00:00,50517.0,50435.477
2020-06-10 05:00:00+00:00,55883.0,56675.95
2020-06-10 06:00:00+00:00,59293.0,59323.883
2020-06-10 07:00:00+00:00,60152.0,60867.316
2020-06-10 08:00:00+00:00,61661.0,61820.383
2020-06-10 09:00:00+00:00,63144.0,62960.156
2020-06-10 10:00:00+00:00,63035.0,62450.848
2020-06-10 11:00:00+00:00,61584.0,62246.582
2020-06-10 12:00:00+00:00,59681.0,60514.664
2020-06-10 13:00:00+00:00,58755.0,58776.566
2020-06-10 14:00:00+00:00,57882.0,58177.215
2020-06-10 15:00:00+00:00,57493.0,57602.613
2020-06-10 16:00:00+00:00,57110.0,56779.71
2020-06-10 17:00:00+00:00,55570.0,56160.863
2020-06-10 18:00:00+00:00,53406.0,53165.234
2020-06-10 19:00:00+00:00,51344.0,52489.03
2020-06-10 20:00:00+00:00,48792.0,48879.445
2020-06-10 21:00:00+00:00,45025.0,45125.53
2020-06-10 22:00:00+00:00,41566.0,42017.99
2020-06-10 23:00:00+00:00,39896.0,39526.734
2020-06-11 00:00:00+00:00,38446.0,38705.74
2020-06-11 01:00:00+00:00,38122.0,37819.652
2020-06-11 02:00:00+00:00,38303.0,38067.758
2020-06-11 03:00:00+00:00,39029.0,38525.566
2020-06-11 04:00:00+00:00,41033.0,41328.66
2020-06-11 05:00:00+00:00,43498.0,44753.004
2020-06-11 06:00:00+00:00,46345.0,47244.727
2020-06-11 07:00:00+00:00,48531.0,49429.703
2020-06-11 08:00:00+00:00,50784.0,50670.99
2020-06-11 09:00:00+00:00,52953.0,52130.72
2020-06-11 10:00:00+00:00,53267.0,52461.832
2020-06-11 11:00:00+00:00,52092.0,51742.63
2020-06-11 12:00:00+00:00,50476.0,50615.78
2020-06-11 13:00:00+00:00,48930.0,49341.742
2020-06-11 14:00:00+00:00,48174.0,48406.188
2020-06-11 15:00:00+00:00,48416.0,48730.21
2020-06-11 16:00:00+00:00,48697.0,49506.945
2020-06-11 17:00:00+00:00,48132.0,49528.234
2020-06-11 18:00:00+00:00,46544.0,48113.12
2020-06-11 19:00:00+00:00,45587.0,45997.938
2020-06-11 20:00:00+00:00,45005.0,44744.176
2020-06-11 21:00:00+00:00,41506.0,42298.465
2020-06-11 22:00:00+00:00,39207.0,38516.76
2020-06-11 23:00:00+00:00,37481.0,37076.74
2020-06-12 00:00:00+00:00,36423.0,36111.9
2020-06-12 01:00:00+00:00,36311.0,35978.86
2020-06-12 02:00:00+00:00,37194.0,36802.027
2020-06-12 03:00:00+00:00,39360.0,38825.395
2020-06-12 04:00:00+00:00,44698.0,43194.875
2020-06-12 05:00:00+00:00,49566.0,49767.004
2020-06-12 06:00:00+00:00,52762.0,53670.625
2020-06-12 07:00:00+00:00,53843.0,55334.61
2020-06-12 08:00:00+00:00,54836.0,55635.76
2020-06-12 09:00:00+00:00,56038.0,56368.105
2020-06-12 10:00:00+00:00,56672.0,55420.1
2020-06-12 11:00:00+00:00,55332.0,55675.11
2020-06-12 12:00:00+00:00,54157.0,54014.73
2020-06-12 13:00:00+00:00,53288.0,53415.355
2020-06-12 14:00:00+00:00,52159.0,53377.91
2020-06-12 15:00:00+00:00,51888.0,52584.293
2020-06-12 16:00:00+00:00,52045.0,52305.367
2020-06-12 17:00:00+00:00,50900.0,52167.85
2020-06-12 18:00:00+00:00,48947.0,49704.805
2020-06-12 19:00:00+00:00,47107.0,47799.188
2020-06-12 20:00:00+00:00,46364.0,45795.773
2020-06-12 21:00:00+00:00,43154.0,43196.855
2020-06-12 22:00:00+00:00,39341.0,40243.594
2020-06-12 23:00:00+00:00,37794.0,37082.793
2020-06-13 00:00:00+00:00,37220.0,36429.21
2020-06-13 01:00:00+00:00,36071.0,36727.523
2020-06-13 02:00:00+00:00,35948.0,35863.52
2020-06-13 03:00:00+00:00,36173.0,34909.54
2020-06-13 04:00:00+00:00,38008.0,38600.117
2020-06-13 05:00:00+00:00,41344.0,41434.582
2020-06-13 06:00:00+00:00,45069.0,45190.637
2020-06-13 07:00:00+00:00,47465.0,48150.11
2020-06-13 08:00:00+00:00,49958.0,49778.35
2020-06-13 09:00:00+00:00,50965.0,52049.47
2020-06-13 10:00:00+00:00,51559.0,50408.758
2020-06-13 11:00:00+00:00,50299.0,50221.82
2020-06-13 12:00:00+00:00,49330.0,48887.777
2020-06-13 13:00:00+00:00,48466.0,48477.96
2020-06-13 14:00:00+00:00,47596.0,48249.113
2020-06-13 15:00:00+00:00,48952.0,47954.902
2020-06-13 16:00:00+00:00,48970.0,50274.53
2020-06-13 17:00:00+00:00,47532.0,48829.93
2020-06-13 18:00:00+00:00,44718.0,46760.992
2020-06-13 19:00:00+00:00,43953.0,44784.855
2020-06-13 20:00:00+00:00,42728.0,44324.16
2020-06-13 21:00:00+00:00,39893.0,40125.824
2020-06-13 22:00:00+00:00,37940.0,37386.633
2020-06-13 23:00:00+00:00,36128.0,36122.25
2020-06-14 00:00:00+00:00,34938.0,34794.457
2020-06-14 01:00:00+00:00,34589.0,34310.49
2020-06-14 02:00:00+00:00,34121.0,34767.773
2020-06-14 03:00:00+00:00,33709.0,33673.54
2020-06-14 04:00:00+00:00,34655.0,33900.383
2020-06-14 05:00:00+00:00,37214.0,37214.98
2020-06-14 06:00:00+00:00,40593.0,40820.863
2020-06-14 07:00:00+00:00,43274.0,43309.13
2020-06-14 08:00:00+00:00,45960.0,45943.016
2020-06-14 09:00:00+00:00,48750.0,47986.63
2020-06-14 10:00:00+00:00,49046.0,48331.24
2020-06-14 11:00:00+00:00,47141.0,47684.043
2020-06-14 12:00:00+00:00,45857.0,45915.82
2020-06-14 13:00:00+00:00,45163.0,45227.188
2020-06-14 14:00:00+00:00,44571.0,45379.027
2020-06-14 15:00:00+00:00,45687.0,45326.527
2020-06-14 16:00:00+00:00,46828.0,46693.082
2020-06-14 17:00:00+00:00,46539.0,46976.555
2020-06-14 18:00:00+00:00,45257.0,45995.785
2020-06-14 19:00:00+00:00,44045.0,45106.914
2020-06-14 20:00:00+00:00,43211.0,43765.004
2020-06-14 21:00:00+00:00,40192.0,40321.82
2020-06-14 22:00:00+00:00,38240.0,37486.492
2020-06-14 23:00:00+00:00,37217.0,36508.664
2020-06-15 00:00:00+00:00,36428.0,36195.484
2020-06-15 01:00:00+00:00,36373.0,36260.08
2020-06-15 02:00:00+00:00,37071.0,37235.145
2020-06-15 03:00:00+00:00,40466.0,39748.957
2020-06-15 04:00:00+00:00,48536.0,47516.46
2020-06-15 05:00:00+00:00,54733.0,55298.895
2020-06-15 06:00:00+00:00,58338.0,58935.83
2020-06-15 07:00:00+00:00,59105.0,60245.707
2020-06-15 08:00:00+00:00,61212.0,61023.152
2020-06-15 09:00:00+00:00,63316.0,62738.45
2020-06-15 10:00:00+00:00,62673.0,62830.066
2020-06-15 11:00:00+00:00,61064.0,61927.56
2020-06-15 12:00:00+00:00,60119.0,60011.977
2020-06-15 13:00:00+00:00,59344.0,59353.324
2020-06-15 14:00:00+00:00,58072.0,58625.668
2020-06-15 15:00:00+00:00,57394.0,57942.59
2020-06-15 16:00:00+00:00,57888.0,57264.875
2020-06-15 17:00:00+00:00,56457.0,59465.72
2020-06-15 18:00:00+00:00,53510.0,55718.84
2020-06-15 19:00:00+00:00,50874.0,52137.832
2020-06-15 20:00:00+00:00,48831.0,48546.473
2020-06-15 21:00:00+00:00,44636.0,45306.664
2020-06-15 22:00:00+00:00,41599.0,41763.758
2020-06-15 23:00:00+00:00,40099.0,39930.105
2020-06-16 00:00:00+00:00,39156.0,39089.53
2020-06-16 01:00:00+00:00,39136.0,38933.18
2020-06-16 02:00:00+00:00,40056.0,39519.168
2020-06-16 03:00:00+00:00,43529.0,41943.066
2020-06-16 04:00:00+00:00,51445.0,50160.77
2020-06-16 05:00:00+00:00,56906.0,58051.8
2020-06-16 06:00:00+00:00,60280.0,60386.582
2020-06-16 07:00:00+00:00,61203.0,61905.855
2020-06-16 08:00:00+00:00,62682.0,63133.39
2020-06-16 09:00:00+00:00,64263.0,63859.977
2020-06-16 10:00:00+00:00,64439.0,63534.86
2020-06-16 11:00:00+00:00,63337.0,63849.855
2020-06-16 12:00:00+00:00,60978.0,62414.766
2020-06-16 13:00:00+00:00,59782.0,60026.05
2020-06-16 14:00:00+00:00,58714.0,59124.695
2020-06-16 15:00:00+00:00,58047.0,58892.63
2020-06-16 16:00:00+00:00,57749.0,57105.324
2020-06-16 17:00:00+00:00,56470.0,57021.293
2020-06-16 18:00:00+00:00,54418.0,54346.96
2020-06-16 19:00:00+00:00,51810.0,53563.15
2020-06-16 20:00:00+00:00,49414.0,49193.63
2020-06-16 21:00:00+00:00,45510.0,45782.203
2020-06-16 22:00:00+00:00,42381.0,42612.83
2020-06-16 23:00:00+00:00,40602.0,40620.16
2020-06-17 00:00:00+00:00,40105.0,39492.625
2020-06-17 01:00:00+00:00,40000.0,40020.62
2020-06-17 02:00:00+00:00,41009.0,40622.39
2020-06-17 03:00:00+00:00,43673.0,43074.203
2020-06-17 04:00:00+00:00,50613.0,49969.76
2020-06-17 05:00:00+00:00,56576.0,56772.99
2020-06-17 06:00:00+00:00,59770.0,60236.113
2020-06-17 07:00:00+00:00,60823.0,61369.004
2020-06-17 08:00:00+00:00,61982.0,62687.145
2020-06-17 09:00:00+00:00,63835.0,63226.312
2020-06-17 10:00:00+00:00,63823.0,63221.75
2020-06-17 11:00:00+00:00,62520.0,63100.98
2020-06-17 12:00:00+00:00,61069.0,61558.73
2020-06-17 13:00:00+00:00,60206.0,60149.844
2020-06-17 14:00:00+00:00,59717.0,59228.06
2020-06-17 15:00:00+00:00,59544.0,59431.87
2020-06-17 16:00:00+00:00,59071.0,58776.69
2020-06-17 17:00:00+00:00,57498.0,58059.953
2020-06-17 18:00:00+00:00,54932.0,54816.44
2020-06-17 19:00:00+00:00,52305.0,53761.383
2020-06-17 20:00:00+00:00,49534.0,49736.67
2020-06-17 21:00:00+00:00,45834.0,45839.324
2020-06-17 22:00:00+00:00,42903.0,42843.387
2020-06-17 23:00:00+00:00,40938.0,41010.383
2020-06-18 00:00:00+00:00,40065.0,39808.54
2020-06-18 01:00:00+00:00,39913.0,39835.74
2020-06-18 02:00:00+00:00,41281.0,40348.25
2020-06-18 03:00:00+00:00,43971.0,43726.035
2020-06-18 04:00:00+00:00,50699.0,49915.094
2020-06-18 05:00:00+00:00,57201.0,56794.523
2020-06-18 06:00:00+00:00,60483.0,60978.793
2020-06-18 07:00:00+00:00,61718.0,62015.863
2020-06-18 08:00:00+00:00,63103.0,63582.01
2020-06-18 09:00:00+00:00,64294.0,64343.367
2020-06-18 10:00:00+00:00,63598.0,63549.664
2020-06-18 11:00:00+00:00,62562.0,62797.516
2020-06-18 12:00:00+00:00,61090.0,61610.812
2020-06-18 13:00:00+00:00,60628.0,60223.438
2020-06-18 14:00:00+00:00,58687.0,59802.656
2020-06-18 15:00:00+00:00,58725.0,57864.824
2020-06-18 16:00:00+00:00,57889.0,58078.836
2020-06-18 17:00:00+00:00,56757.0,56657.76
2020-06-18 18:00:00+00:00,53788.0,54634.39
2020-06-18 19:00:00+00:00,51184.0,52766.0
2020-06-18 20:00:00+00:00,49308.0,48797.453
2020-06-18 21:00:00+00:00,45163.0,45788.86
2020-06-18 22:00:00+00:00,42661.0,42125.992
2020-06-18 23:00:00+00:00,40126.0,40834.89
2020-06-19 00:00:00+00:00,39523.0,38760.582
2020-06-19 01:00:00+00:00,40146.0,39268.93
2020-06-19 02:00:00+00:00,40802.0,41173.46
2020-06-19 03:00:00+00:00,43212.0,42259.043
2020-06-19 04:00:00+00:00,49817.0,48838.945
2020-06-19 05:00:00+00:00,55641.0,55751.34
2020-06-19 06:00:00+00:00,58803.0,59278.996
2020-06-19 07:00:00+00:00,59488.0,60453.445
2020-06-19 08:00:00+00:00,61000.0,61360.043
2020-06-19 09:00:00+00:00,61970.0,62158.99
2020-06-19 10:00:00+00:00,61384.0,61074.363
2020-06-19 11:00:00+00:00,59323.0,60448.207
2020-06-19 12:00:00+00:00,57749.0,58137.582
2020-06-19 13:00:00+00:00,56957.0,56949.016
2020-06-19 14:00:00+00:00,56546.0,57170.176
2020-06-19 15:00:00+00:00,56257.0,56256.62
2020-06-19 16:00:00+00:00,55824.0,55468.94
2020-06-19 17:00:00+00:00,54945.0,54555.773
2020-06-19 18:00:00+00:00,52200.0,52872.473
2020-06-19 19:00:00+00:00,49539.0,50740.85
2020-06-19 20:00:00+00:00,47076.0,47275.164
2020-06-19 21:00:00+00:00,43232.0,43653.875
2020-06-19 22:00:00+00:00,40274.0,40291.98
2020-06-19 23:00:00+00:00,38518.0,38315.15
2020-06-20 00:00:00+00:00,37477.0,37280.86
2020-06-20 01:00:00+00:00,36925.0,37003.26
2020-06-20 02:00:00+00:00,36959.0,36484.438
2020-06-20 03:00:00+00:00,36406.0,36728.16
2020-06-20 04:00:00+00:00,38291.0,37040.652
2020-06-20 05:00:00+00:00,41539.0,41900.035
2020-06-20 06:00:00+00:00,45063.0,45374.44
2020-06-20 07:00:00+00:00,47674.0,48197.805
2020-06-20 08:00:00+00:00,49837.0,50117.203
2020-06-20 09:00:00+00:00,51989.0,51029.7
2020-06-20 10:00:00+00:00,51916.0,50780.312
2020-06-20 11:00:00+00:00,50079.0,50171.01
2020-06-20 12:00:00+00:00,48182.0,48593.914
2020-06-20 13:00:00+00:00,46532.0,47233.688
2020-06-20 14:00:00+00:00,46780.0,46219.13
2020-06-20 15:00:00+00:00,47004.0,48182.99
2020-06-20 16:00:00+00:00,47787.0,48630.918
2020-06-20 17:00:00+00:00,47214.0,49519.1
2020-06-20 18:00:00+00:00,44661.0,47832.32
2020-06-20 19:00:00+00:00,43046.0,44597.445
2020-06-20 20:00:00+00:00,42063.0,43441.598
2020-06-20 21:00:00+00:00,38920.0,39383.4
2020-06-20 22:00:00+00:00,36940.0,36201.97
2020-06-20 23:00:00+00:00,34842.0,35165.08
2020-06-21 00:00:00+00:00,33881.0,33411.848
2020-06-21 01:00:00+00:00,33092.0,33250.777
2020-06-21 02:00:00+00:00,32918.0,32769.734
2020-06-21 03:00:00+00:00,32743.0,32771.78
2020-06-21 04:00:00+00:00,33733.0,32174.225
2020-06-21 05:00:00+00:00,35698.0,36204.883
2020-06-21 06:00:00+00:00,39121.0,39187.582
2020-06-21 07:00:00+00:00,41989.0,42326.27
2020-06-21 08:00:00+00:00,44821.0,44504.414
2020-06-21 09:00:00+00:00,46896.0,47453.277
2020-06-21 10:00:00+00:00,46180.0,46805.28
2020-06-21 11:00:00+00:00,44574.0,44728.793
2020-06-21 12:00:00+00:00,42789.0,43468.56
2020-06-21 13:00:00+00:00,42632.0,41969.26
2020-06-21 14:00:00+00:00,42470.0,42951.24
2020-06-21 15:00:00+00:00,43617.0,43440.426
2020-06-21 16:00:00+00:00,45432.0,44696.71
2020-06-21 17:00:00+00:00,45760.0,45671.105
2020-06-21 18:00:00+00:00,44782.0,45227.875
2020-06-21 19:00:00+00:00,43962.0,44273.42
2020-06-21 20:00:00+00:00,43950.0,43312.277
2020-06-21 21:00:00+00:00,40801.0,40760.035
2020-06-21 22:00:00+00:00,38337.0,38075.996
2020-06-21 23:00:00+00:00,36594.0,36649.156
2020-06-22 00:00:00+00:00,36054.0,35455.047
2020-06-22 01:00:00+00:00,36332.0,36063.93
2020-06-22 02:00:00+00:00,37429.0,37456.543
2020-06-22 03:00:00+00:00,40888.0,40539.465
2020-06-22 04:00:00+00:00,49146.0,48071.79
2020-06-22 05:00:00+00:00,56369.0,56349.273
2020-06-22 06:00:00+00:00,60118.0,60543.64
2020-06-22 07:00:00+00:00,60819.0,61965.98
2020-06-22 08:00:00+00:00,61818.0,62729.176
2020-06-22 09:00:00+00:00,63831.0,63714.957
2020-06-22 10:00:00+00:00,63661.0,64098.98
2020-06-22 11:00:00+00:00,62099.0,63069.42
2020-06-22 12:00:00+00:00,60331.0,60990.918
2020-06-22 13:00:00+00:00,59067.0,59367.496
2020-06-22 14:00:00+00:00,58131.0,57932.17
2020-06-22 15:00:00+00:00,57104.0,57917.816
2020-06-22 16:00:00+00:00,56859.0,56844.21
2020-06-22 17:00:00+00:00,56048.0,57868.523
2020-06-22 18:00:00+00:00,54638.0,55502.492
2020-06-22 19:00:00+00:00,51409.0,53394.79
2020-06-22 20:00:00+00:00,49328.0,48964.266
2020-06-22 21:00:00+00:00,45561.0,45769.73
2020-06-22 22:00:00+00:00,42528.0,42580.004
2020-06-22 23:00:00+00:00,40567.0,40773.926
2020-06-23 00:00:00+00:00,39817.0,39428.156
2020-06-23 01:00:00+00:00,39672.0,39583.617
2020-06-23 02:00:00+00:00,40520.0,40193.242
2020-06-23 03:00:00+00:00,43401.0,42315.46
2020-06-23 04:00:00+00:00,50390.0,49573.64
2020-06-23 05:00:00+00:00,56483.0,56529.902
2020-06-23 06:00:00+00:00,60085.0,60247.527
2020-06-23 07:00:00+00:00,60907.0,61784.816
2020-06-23 08:00:00+00:00,62627.0,62554.758
2020-06-23 09:00:00+00:00,64318.0,64406.79
2020-06-23 10:00:00+00:00,63494.0,63675.21
2020-06-23 11:00:00+00:00,62566.0,62789.02
2020-06-23 12:00:00+00:00,61354.0,61643.78
2020-06-23 13:00:00+00:00,59838.0,60413.535
2020-06-23 14:00:00+00:00,58349.0,58561.754
2020-06-23 15:00:00+00:00,58098.0,58126.36
2020-06-23 16:00:00+00:00,57852.0,57575.832
2020-06-23 17:00:00+00:00,56636.0,56982.023
2020-06-23 18:00:00+00:00,55336.0,54656.45
2020-06-23 19:00:00+00:00,52301.0,54374.883
2020-06-23 20:00:00+00:00,50427.0,49337.77
2020-06-23 21:00:00+00:00,45643.0,46729.094
2020-06-23 22:00:00+00:00,42698.0,42381.746
2020-06-23 23:00:00+00:00,41721.0,40834.023
2020-06-24 00:00:00+00:00,40958.0,40745.05
2020-06-24 01:00:00+00:00,40985.0,41018.066
2020-06-24 02:00:00+00:00,41662.0,41796.484
2020-06-24 03:00:00+00:00,43689.0,43918.496
2020-06-24 04:00:00+00:00,50685.0,49307.207
2020-06-24 05:00:00+00:00,56899.0,56820.0
2020-06-24 06:00:00+00:00,60384.0,60305.355
2020-06-24 07:00:00+00:00,61504.0,61901.94
2020-06-24 08:00:00+00:00,62849.0,63266.23
2020-06-24 09:00:00+00:00,63961.0,64217.58
2020-06-24 10:00:00+00:00,63952.0,63309.39
2020-06-24 11:00:00+00:00,63093.0,63351.324
2020-06-24 12:00:00+00:00,61478.0,62156.902
2020-06-24 13:00:00+00:00,60083.0,60395.86
2020-06-24 14:00:00+00:00,58836.0,59037.566
2020-06-24 15:00:00+00:00,58269.0,58349.08
2020-06-24 16:00:00+00:00,58339.0,57517.33
2020-06-24 17:00:00+00:00,57204.0,57740.613
2020-06-24 18:00:00+00:00,54971.0,54933.668
2020-06-24 19:00:00+00:00,52535.0,53793.31
2020-06-24 20:00:00+00:00,50126.0,50095.777
2020-06-24 21:00:00+00:00,45814.0,46451.47
2020-06-24 22:00:00+00:00,43725.0,42598.797
2020-06-24 23:00:00+00:00,41844.0,41828.54
2020-06-25 00:00:00+00:00,41386.0,40578.64
2020-06-25 01:00:00+00:00,40890.0,41402.22
2020-06-25 02:00:00+00:00,41857.0,41301.695
2020-06-25 03:00:00+00:00,43957.0,44253.29
2020-06-25 04:00:00+00:00,50837.0,49629.33
2020-06-25 05:00:00+00:00,56507.0,56787.5
2020-06-25 06:00:00+00:00,59968.0,59949.234
2020-06-25 07:00:00+00:00,61432.0,61612.227
2020-06-25 08:00:00+00:00,63089.0,63298.86
2020-06-25 09:00:00+00:00,64491.0,64519.875
2020-06-25 10:00:00+00:00,64503.0,63912.832
2020-06-25 11:00:00+00:00,63382.0,63920.742
2020-06-25 12:00:00+00:00,62092.0,62461.86
2020-06-25 13:00:00+00:00,60678.0,61071.953
2020-06-25 14:00:00+00:00,59192.0,59572.11
2020-06-25 15:00:00+00:00,58596.0,58667.07
2020-06-25 16:00:00+00:00,57836.0,57718.938
2020-06-25 17:00:00+00:00,56991.0,56720.824
2020-06-25 18:00:00+00:00,54906.0,54962.285
2020-06-25 19:00:00+00:00,52228.0,53819.984
2020-06-25 20:00:00+00:00,49918.0,49493.65
2020-06-25 21:00:00+00:00,46353.0,46380.414
2020-06-25 22:00:00+00:00,43395.0,43312.715
2020-06-25 23:00:00+00:00,41797.0,41391.4
2020-06-26 00:00:00+00:00,40687.0,40650.902
2020-06-26 01:00:00+00:00,40553.0,40296.766
2020-06-26 02:00:00+00:00,41239.0,41046.098
2020-06-26 03:00:00+00:00,43527.0,43260.074
2020-06-26 04:00:00+00:00,49843.0,49063.797
2020-06-26 05:00:00+00:00,55698.0,55885.76
2020-06-26 06:00:00+00:00,59227.0,59543.46
2020-06-26 07:00:00+00:00,59891.0,61045.01
2020-06-26 08:00:00+00:00,61497.0,61601.16
2020-06-26 09:00:00+00:00,62708.0,63119.883
2020-06-26 10:00:00+00:00,62109.0,62036.777
2020-06-26 11:00:00+00:00,60308.0,61253.0
2020-06-26 12:00:00+00:00,59194.0,59149.145
2020-06-26 13:00:00+00:00,57944.0,58371.516
2020-06-26 14:00:00+00:00,57118.0,56986.35
2020-06-26 15:00:00+00:00,56266.0,56657.06
2020-06-26 16:00:00+00:00,54911.0,55418.035
2020-06-26 17:00:00+00:00,53348.0,53313.637
2020-06-26 18:00:00+00:00,51382.0,51476.22
2020-06-26 19:00:00+00:00,49472.0,50845.066
2020-06-26 20:00:00+00:00,47683.0,47229.37
2020-06-26 21:00:00+00:00,44434.0,44256.7
2020-06-26 22:00:00+00:00,41378.0,41431.23
2020-06-26 23:00:00+00:00,39877.0,39259.562
2020-06-27 00:00:00+00:00,38386.0,38666.113
2020-06-27 01:00:00+00:00,37797.0,37610.688
2020-06-27 02:00:00+00:00,37717.0,37301.555
2020-06-27 03:00:00+00:00,37270.0,37659.67
2020-06-27 04:00:00+00:00,38446.0,38429.38
2020-06-27 05:00:00+00:00,41533.0,41372.79
2020-06-27 06:00:00+00:00,46205.0,45318.785
2020-06-27 07:00:00+00:00,49354.0,49283.574
2020-06-27 08:00:00+00:00,51163.0,51463.812
2020-06-27 09:00:00+00:00,52074.0,52341.004
2020-06-27 10:00:00+00:00,52417.0,50879.87
2020-06-27 11:00:00+00:00,51057.0,51196.918
2020-06-27 12:00:00+00:00,49524.0,49784.566
2020-06-27 13:00:00+00:00,49166.0,48398.047
2020-06-27 14:00:00+00:00,49231.0,48841.508
2020-06-27 15:00:00+00:00,49584.0,49612.22
2020-06-27 16:00:00+00:00,49089.0,49762.88
2020-06-27 17:00:00+00:00,48647.0,48610.04
2020-06-27 18:00:00+00:00,46555.0,48372.848
2020-06-27 19:00:00+00:00,44588.0,46299.33
2020-06-27 20:00:00+00:00,43905.0,44305.26
2020-06-27 21:00:00+00:00,41484.0,41209.89
2020-06-27 22:00:00+00:00,39539.0,38898.008
2020-06-27 23:00:00+00:00,37109.0,37733.707
2020-06-28 00:00:00+00:00,35363.0,35643.73
2020-06-28 01:00:00+00:00,35006.0,34282.555
2020-06-28 02:00:00+00:00,34855.0,34877.734
2020-06-28 03:00:00+00:00,34332.0,34535.1
2020-06-28 04:00:00+00:00,35337.0,34193.344
2020-06-28 05:00:00+00:00,37660.0,38012.844
2020-06-28 06:00:00+00:00,40979.0,41200.547
2020-06-28 07:00:00+00:00,44228.0,43843.113
2020-06-28 08:00:00+00:00,46781.0,46849.44
2020-06-28 09:00:00+00:00,48802.0,49336.473
2020-06-28 10:00:00+00:00,48717.0,48840.234
2020-06-28 11:00:00+00:00,46809.0,47353.27
2020-06-28 12:00:00+00:00,46145.0,45505.598
2020-06-28 13:00:00+00:00,45363.0,45654.77
2020-06-28 14:00:00+00:00,44973.0,45178.81
2020-06-28 15:00:00+00:00,45221.0,45691.137
2020-06-28 16:00:00+00:00,46523.0,45865.75
2020-06-28 17:00:00+00:00,45431.0,46873.676
2020-06-28 18:00:00+00:00,44420.0,44722.13
2020-06-28 19:00:00+00:00,43858.0,44546.418
2020-06-28 20:00:00+00:00,44548.0,43920.957
2020-06-28 21:00:00+00:00,41599.0,41567.336
2020-06-28 22:00:00+00:00,38963.0,38978.996
2020-06-28 23:00:00+00:00,37932.0,37128.13
2020-06-29 00:00:00+00:00,37350.0,37050.97
2020-06-29 01:00:00+00:00,36892.0,37380.383
2020-06-29 02:00:00+00:00,38342.0,37562.566
2020-06-29 03:00:00+00:00,41802.0,42047.277
2020-06-29 04:00:00+00:00,48934.0,49854.59
2020-06-29 05:00:00+00:00,55413.0,55358.61
2020-06-29 06:00:00+00:00,59387.0,59689.453
2020-06-29 07:00:00+00:00,61034.0,61460.293
2020-06-29 08:00:00+00:00,62556.0,63209.094
2020-06-29 09:00:00+00:00,63927.0,64077.703
2020-06-29 10:00:00+00:00,63490.0,63899.062
2020-06-29 11:00:00+00:00,62386.0,62931.832
2020-06-29 12:00:00+00:00,61738.0,61361.086
2020-06-29 13:00:00+00:00,60703.0,60880.97
2020-06-29 14:00:00+00:00,59779.0,59561.293
2020-06-29 15:00:00+00:00,59839.0,59564.586
2020-06-29 16:00:00+00:00,59024.0,59751.47
2020-06-29 17:00:00+00:00,57214.0,58462.79
2020-06-29 18:00:00+00:00,55476.0,55462.26
2020-06-29 19:00:00+00:00,52596.0,54325.676
2020-06-29 20:00:00+00:00,50742.0,49437.473
2020-06-29 21:00:00+00:00,46880.0,46907.043
2020-06-29 22:00:00+00:00,44257.0,43825.684
2020-06-29 23:00:00+00:00,42217.0,42576.06
2020-06-30 00:00:00+00:00,41249.0,41167.457
2020-06-30 01:00:00+00:00,41581.0,41019.215
2020-06-30 02:00:00+00:00,42264.0,42589.566
2020-06-30 03:00:00+00:00,45079.0,44437.1
2020-06-30 04:00:00+00:00,52345.0,51137.21
2020-06-30 05:00:00+00:00,58266.0,58977.215
2020-06-30 06:00:00+00:00,62252.0,61691.51
2020-06-30 07:00:00+00:00,63845.0,63896.72
2020-06-30 08:00:00+00:00,64065.0,65896.96
2020-06-30 09:00:00+00:00,65841.0,65099.04
2020-06-30 10:00:00+00:00,65433.0,65684.3
2020-06-30 11:00:00+00:00,64582.0,64842.543
2020-06-30 12:00:00+00:00,63087.0,63736.816
2020-06-30 13:00:00+00:00,61249.0,62152.887
2020-06-30 14:00:00+00:00,59683.0,60279.438
2020-06-30 15:00:00+00:00,59832.0,58735.957
2020-06-30 16:00:00+00:00,59505.0,59119.32
2020-06-30 17:00:00+00:00,57829.0,58633.203
2020-06-30 18:00:00+00:00,55297.0,55192.305
2020-06-30 19:00:00+00:00,52354.0,54144.227
2020-06-30 20:00:00+00:00,50085.0,49935.76
2020-06-30 21:00:00+00:00,46366.0,46544.44
2020-06-30 22:00:00+00:00,43732.0,43306.305
2020-06-30 23:00:00+00:00,42018.0,41778.21
2020-07-01 00:00:00+00:00,41067.0,40835.95
2020-07-01 01:00:00+00:00,41683.0,40731.3
2020-07-01 02:00:00+00:00,42769.0,42879.57
2020-07-01 03:00:00+00:00,44888.0,45613.168
2020-07-01 04:00:00+00:00,51674.0,50772.59
2020-07-01 05:00:00+00:00,57456.0,57569.477
2020-07-01 06:00:00+00:00,60866.0,60885.227
2020-07-01 07:00:00+00:00,63732.0,62473.906
2020-07-01 08:00:00+00:00,65748.0,66116.34
2020-07-01 09:00:00+00:00,66968.0,66798.11
2020-07-01 10:00:00+00:00,66645.0,66471.86
2020-07-01 11:00:00+00:00,65024.0,66123.02
2020-07-01 12:00:00+00:00,63664.0,64141.39
2020-07-01 13:00:00+00:00,62248.0,62536.2
2020-07-01 14:00:00+00:00,60654.0,61392.605
2020-07-01 15:00:00+00:00,60705.0,59802.09
2020-07-01 16:00:00+00:00,60056.0,59711.84
2020-07-01 17:00:00+00:00,58868.0,58817.5
2020-07-01 18:00:00+00:00,56490.0,56475.863
2020-07-01 19:00:00+00:00,53477.0,55285.582
2020-07-01 20:00:00+00:00,52084.0,50556.51
2020-07-01 21:00:00+00:00,47207.0,48509.883
2020-07-01 22:00:00+00:00,45188.0,43874.465
2020-07-01 23:00:00+00:00,42959.0,43503.52
2020-07-02 00:00:00+00:00,42594.0,41676.707
2020-07-02 01:00:00+00:00,41669.0,42754.92
2020-07-02 02:00:00+00:00,42559.0,41786.887
2020-07-02 03:00:00+00:00,45161.0,44925.906
2020-07-02 04:00:00+00:00,51515.0,52074.637
2020-07-02 05:00:00+00:00,56725.0,57427.867
2020-07-02 06:00:00+00:00,60321.0,60366.434
2020-07-02 07:00:00+00:00,61841.0,62101.477
2020-07-02 08:00:00+00:00,63679.0,63870.094
2020-07-02 09:00:00+00:00,65205.0,64975.34
2020-07-02 10:00:00+00:00,64922.0,64765.75
2020-07-02 11:00:00+00:00,64128.0,64259.246
2020-07-02 12:00:00+00:00,62375.0,63217.73
2020-07-02 13:00:00+00:00,61597.0,61425.84
2020-07-02 14:00:00+00:00,60113.0,60541.832
2020-07-02 15:00:00+00:00,60337.0,59317.97
2020-07-02 16:00:00+00:00,59359.0,59636.324
2020-07-02 17:00:00+00:00,58475.0,58083.35
2020-07-02 18:00:00+00:00,55634.0,55983.223
2020-07-02 19:00:00+00:00,52795.0,53996.996
2020-07-02 20:00:00+00:00,50874.0,50131.48
2020-07-02 21:00:00+00:00,46566.0,47323.582
2020-07-02 22:00:00+00:00,43095.0,43357.246
2020-07-02 23:00:00+00:00,41480.0,41016.54
2020-07-03 00:00:00+00:00,40720.0,40305.56
2020-07-03 01:00:00+00:00,40955.0,40585.12
2020-07-03 02:00:00+00:00,41762.0,41850.887
2020-07-03 03:00:00+00:00,44345.0,43924.973
2020-07-03 04:00:00+00:00,50155.0,51153.605
2020-07-03 05:00:00+00:00,55645.0,56050.668
2020-07-03 06:00:00+00:00,58519.0,59361.754
2020-07-03 07:00:00+00:00,60413.0,60161.348
2020-07-03 08:00:00+00:00,62265.0,62445.29
2020-07-03 09:00:00+00:00,63576.0,63455.66
2020-07-03 10:00:00+00:00,62469.0,62844.082
2020-07-03 11:00:00+00:00,60566.0,61408.16
2020-07-03 12:00:00+00:00,59916.0,59458.926
2020-07-03 13:00:00+00:00,59136.0,59197.316
2020-07-03 14:00:00+00:00,57955.0,58477.492
2020-07-03 15:00:00+00:00,57934.0,57488.16
2020-07-03 16:00:00+00:00,56355.0,57222.305
2020-07-03 17:00:00+00:00,54786.0,54528.516
2020-07-03 18:00:00+00:00,52458.0,52628.215
2020-07-03 19:00:00+00:00,49837.0,51563.773
2020-07-03 20:00:00+00:00,48118.0,47230.766
2020-07-03 21:00:00+00:00,44723.0,44725.64
2020-07-03 22:00:00+00:00,41913.0,41860.676
2020-07-03 23:00:00+00:00,39884.0,40005.375
2020-07-04 00:00:00+00:00,39015.0,38635.492
2020-07-04 01:00:00+00:00,38758.0,38582.363
2020-07-04 02:00:00+00:00,38453.0,38716.117
2020-07-04 03:00:00+00:00,38027.0,37787.133
2020-07-04 04:00:00+00:00,39802.0,39554.715
2020-07-04 05:00:00+00:00,43257.0,43267.15
2020-07-04 06:00:00+00:00,46603.0,47100.35
2020-07-04 07:00:00+00:00,50221.0,49416.4
2020-07-04 08:00:00+00:00,52450.0,52663.195
2020-07-04 09:00:00+00:00,52492.0,53333.72
2020-07-04 10:00:00+00:00,53174.0,50955.49
2020-07-04 11:00:00+00:00,51654.0,52149.86
2020-07-04 12:00:00+00:00,50267.0,50356.844
2020-07-04 13:00:00+00:00,49408.0,49419.7
2020-07-04 14:00:00+00:00,48873.0,49133.8
2020-07-04 15:00:00+00:00,49221.0,48986.17
2020-07-04 16:00:00+00:00,49313.0,49792.8
2020-07-04 17:00:00+00:00,49114.0,49935.008
2020-07-04 18:00:00+00:00,47242.0,49167.406
2020-07-04 19:00:00+00:00,45366.0,46769.645
2020-07-04 20:00:00+00:00,44487.0,44700.105
2020-07-04 21:00:00+00:00,41938.0,41608.54
2020-07-04 22:00:00+00:00,38741.0,39221.043
2020-07-04 23:00:00+00:00,36332.0,36540.586
2020-07-05 00:00:00+00:00,34907.0,34802.215
2020-07-05 01:00:00+00:00,34849.0,33997.207
2020-07-05 02:00:00+00:00,34624.0,35137.293
2020-07-05 03:00:00+00:00,34624.0,33947.72
2020-07-05 04:00:00+00:00,35550.0,35147.33
2020-07-05 05:00:00+00:00,37395.0,38020.33
2020-07-05 06:00:00+00:00,41231.0,41062.86
2020-07-05 07:00:00+00:00,45288.0,44622.664
2020-07-05 08:00:00+00:00,48241.0,47726.81
2020-07-05 09:00:00+00:00,51190.0,50675.332
2020-07-05 10:00:00+00:00,51085.0,51257.305
2020-07-05 11:00:00+00:00,48103.0,49112.723
2020-07-05 12:00:00+00:00,47147.0,46180.15
2020-07-05 13:00:00+00:00,47031.0,46474.164
2020-07-05 14:00:00+00:00,46355.0,47085.184
2020-07-05 15:00:00+00:00,47412.0,47319.895
2020-07-05 16:00:00+00:00,48158.0,48574.56
2020-07-05 17:00:00+00:00,47955.0,48004.676
2020-07-05 18:00:00+00:00,46693.0,47156.73
2020-07-05 19:00:00+00:00,44934.0,46312.855
2020-07-05 20:00:00+00:00,45504.0,45002.402
2020-07-05 21:00:00+00:00,43283.0,42522.67
2020-07-05 22:00:00+00:00,40453.0,40486.35
2020-07-05 23:00:00+00:00,39510.0,38477.777
2020-07-06 00:00:00+00:00,39580.0,38834.598
2020-07-06 01:00:00+00:00,39190.0,39816.188
2020-07-06 02:00:00+00:00,40126.0,40273.77
2020-07-06 03:00:00+00:00,43197.0,43084.723
2020-07-06 04:00:00+00:00,51425.0,51229.508
2020-07-06 05:00:00+00:00,56762.0,58518.355
2020-07-06 06:00:00+00:00,61400.0,60244.94
2020-07-06 07:00:00+00:00,64808.0,63444.785
2020-07-06 08:00:00+00:00,65900.0,67044.33
2020-07-06 09:00:00+00:00,67084.0,67025.54
2020-07-06 10:00:00+00:00,66561.0,66978.57
2020-07-06 11:00:00+00:00,65513.0,66124.93
2020-07-06 12:00:00+00:00,63408.0,64676.945
2020-07-06 13:00:00+00:00,63017.0,61992.58
2020-07-06 14:00:00+00:00,61172.0,62068.086
2020-07-06 15:00:00+00:00,61587.0,60615.57
2020-07-06 16:00:00+00:00,59916.0,61110.32
2020-07-06 17:00:00+00:00,58840.0,59998.957
2020-07-06 18:00:00+00:00,56511.0,57784.19
2020-07-06 19:00:00+00:00,53110.0,55033.246
2020-07-06 20:00:00+00:00,50520.0,50171.09
2020-07-06 21:00:00+00:00,46873.0,46913.848
2020-07-06 22:00:00+00:00,44082.0,44093.406
2020-07-06 23:00:00+00:00,42625.0,42533.4
2020-07-07 00:00:00+00:00,41499.0,41801.07
2020-07-07 01:00:00+00:00,41445.0,41274.92
2020-07-07 02:00:00+00:00,42454.0,42165.92
2020-07-07 03:00:00+00:00,44739.0,45293.68
2020-07-07 04:00:00+00:00,51272.0,50437.125
2020-07-07 05:00:00+00:00,56348.0,57320.703
2020-07-07 06:00:00+00:00,60349.0,59798.36
2020-07-07 07:00:00+00:00,62721.0,62119.773
2020-07-07 08:00:00+00:00,63686.0,64962.94
2020-07-07 09:00:00+00:00,64607.0,64379.633
2020-07-07 10:00:00+00:00,64664.0,64020.31
2020-07-07 11:00:00+00:00,64697.0,63928.48
2020-07-07 12:00:00+00:00,62686.0,63883.13
2020-07-07 13:00:00+00:00,61909.0,61527.047
2020-07-07 14:00:00+00:00,60343.0,61207.133
2020-07-07 15:00:00+00:00,59896.0,59751.723
2020-07-07 16:00:00+00:00,59145.0,59070.574
2020-07-07 17:00:00+00:00,58141.0,57900.406
2020-07-07 18:00:00+00:00,55761.0,56306.53
2020-07-07 19:00:00+00:00,53084.0,54632.87
2020-07-07 20:00:00+00:00,50671.0,50303.35
2020-07-07 21:00:00+00:00,46463.0,47078.04
2020-07-07 22:00:00+00:00,43937.0,43394.08
2020-07-07 23:00:00+00:00,41930.0,42049.543
2020-07-08 00:00:00+00:00,40724.0,40624.055
2020-07-08 01:00:00+00:00,40959.0,40277.543
2020-07-08 02:00:00+00:00,42114.0,41707.383
2020-07-08 03:00:00+00:00,45023.0,45048.516
2020-07-08 04:00:00+00:00,52299.0,51292.453
2020-07-08 05:00:00+00:00,57885.0,58713.543
2020-07-08 06:00:00+00:00,61575.0,61409.242
2020-07-08 07:00:00+00:00,63089.0,63218.67
2020-07-08 08:00:00+00:00,64149.0,65178.914
2020-07-08 09:00:00+00:00,65999.0,65445.707
2020-07-08 10:00:00+00:00,65853.0,65618.06
2020-07-08 11:00:00+00:00,65036.0,65265.69
2020-07-08 12:00:00+00:00,63115.0,64151.043
2020-07-08 13:00:00+00:00,61776.0,62108.492
2020-07-08 14:00:00+00:00,60358.0,60614.195
2020-07-08 15:00:00+00:00,60663.0,59799.023
2020-07-08 16:00:00+00:00,59979.0,59976.81
2020-07-08 17:00:00+00:00,58340.0,58883.754
2020-07-08 18:00:00+00:00,55568.0,55581.44
2020-07-08 19:00:00+00:00,53041.0,54284.64
2020-07-08 20:00:00+00:00,50574.0,50469.27
2020-07-08 21:00:00+00:00,46887.0,46879.656
2020-07-08 22:00:00+00:00,44686.0,43884.508
2020-07-08 23:00:00+00:00,42825.0,42906.35
2020-07-09 00:00:00+00:00,41840.0,41729.113
2020-07-09 01:00:00+00:00,42303.0,41636.6
2020-07-09 02:00:00+00:00,43123.0,43426.977
2020-07-09 03:00:00+00:00,45831.0,45796.105
2020-07-09 04:00:00+00:00,52550.0,52327.805
2020-07-09 05:00:00+00:00,57996.0,58470.72
2020-07-09 06:00:00+00:00,60817.0,61267.168
2020-07-09 07:00:00+00:00,62911.0,62345.605
2020-07-09 08:00:00+00:00,64464.0,65172.277
2020-07-09 09:00:00+00:00,65816.0,65300.1
2020-07-09 10:00:00+00:00,65505.0,65298.27
2020-07-09 11:00:00+00:00,64575.0,64852.707
2020-07-09 12:00:00+00:00,63572.0,63725.03
2020-07-09 13:00:00+00:00,61882.0,62525.375
2020-07-09 14:00:00+00:00,60361.0,60949.04
2020-07-09 15:00:00+00:00,59364.0,59516.914
2020-07-09 16:00:00+00:00,59955.0,58196.64
2020-07-09 17:00:00+00:00,58509.0,59172.594
2020-07-09 18:00:00+00:00,56140.0,56349.906
2020-07-09 19:00:00+00:00,54343.0,54690.965
2020-07-09 20:00:00+00:00,51936.0,51379.066
2020-07-09 21:00:00+00:00,48129.0,48092.645
2020-07-09 22:00:00+00:00,44758.0,45043.7
2020-07-09 23:00:00+00:00,42788.0,42702.457
2020-07-10 00:00:00+00:00,40383.0,41637.273
2020-07-10 01:00:00+00:00,41084.0,39446.383
2020-07-10 02:00:00+00:00,42886.0,41869.63
2020-07-10 03:00:00+00:00,45377.0,46264.023
2020-07-10 04:00:00+00:00,51674.0,51387.99
2020-07-10 05:00:00+00:00,56606.0,57884.406
2020-07-10 06:00:00+00:00,60093.0,60371.67
2020-07-10 07:00:00+00:00,61522.0,61976.168
2020-07-10 08:00:00+00:00,62731.0,63366.523
2020-07-10 09:00:00+00:00,64681.0,64343.78
2020-07-10 10:00:00+00:00,63479.0,64505.805
2020-07-10 11:00:00+00:00,62395.0,62508.676
2020-07-10 12:00:00+00:00,61880.0,61266.285
2020-07-10 13:00:00+00:00,59044.0,61068.76
2020-07-10 14:00:00+00:00,58851.0,57861.87
2020-07-10 15:00:00+00:00,58227.0,59330.52
2020-07-10 16:00:00+00:00,57211.0,57376.836
2020-07-10 17:00:00+00:00,56239.0,55843.098
2020-07-10 18:00:00+00:00,53092.0,54243.605
2020-07-10 19:00:00+00:00,50156.0,51609.273
2020-07-10 20:00:00+00:00,48382.0,47994.383
2020-07-10 21:00:00+00:00,44683.0,45111.523
2020-07-10 22:00:00+00:00,41802.0,41830.074
2020-07-10 23:00:00+00:00,39751.0,39858.273
2020-07-11 00:00:00+00:00,38324.0,38429.844
2020-07-11 01:00:00+00:00,37798.0,37626.34
2020-07-11 02:00:00+00:00,37633.0,37488.324
2020-07-11 03:00:00+00:00,37586.0,37364.18
2020-07-11 04:00:00+00:00,39609.0,39468.723
2020-07-11 05:00:00+00:00,42422.0,43026.676
2020-07-11 06:00:00+00:00,45809.0,46236.09
2020-07-11 07:00:00+00:00,49194.0,49171.375
2020-07-11 08:00:00+00:00,51045.0,51445.418
2020-07-11 09:00:00+00:00,52414.0,52224.766
2020-07-11 10:00:00+00:00,51708.0,51615.633
2020-07-11 11:00:00+00:00,49845.0,50089.78
2020-07-11 12:00:00+00:00,48575.0,48489.203
2020-07-11 13:00:00+00:00,47782.0,47787.094
2020-07-11 14:00:00+00:00,46728.0,47446.836
2020-07-11 15:00:00+00:00,47068.0,46737.484
2020-07-11 16:00:00+00:00,47815.0,48381.754
2020-07-11 17:00:00+00:00,46632.0,49267.34
2020-07-11 18:00:00+00:00,44618.0,46712.547
2020-07-11 19:00:00+00:00,43104.0,44470.523
2020-07-11 20:00:00+00:00,42244.0,42367.703
2020-07-11 21:00:00+00:00,39697.0,39414.59
2020-07-11 22:00:00+00:00,37074.0,37133.145
2020-07-11 23:00:00+00:00,35289.0,35207.73
2020-07-12 00:00:00+00:00,34098.0,34042.613
2020-07-12 01:00:00+00:00,33837.0,33365.258
2020-07-12 02:00:00+00:00,33918.0,33813.16
2020-07-12 03:00:00+00:00,33435.0,33876.625
2020-07-12 04:00:00+00:00,34293.0,33640.305
2020-07-12 05:00:00+00:00,36402.0,37233.934
2020-07-12 06:00:00+00:00,39889.0,40074.773
2020-07-12 07:00:00+00:00,43776.0,42905.41
2020-07-12 08:00:00+00:00,46212.0,46166.902
2020-07-12 09:00:00+00:00,47476.0,48616.324
2020-07-12 10:00:00+00:00,47129.0,47382.68
2020-07-12 11:00:00+00:00,45604.0,45758.594
2020-07-12 12:00:00+00:00,44400.0,44457.18
2020-07-12 13:00:00+00:00,42979.0,43790.92
2020-07-12 14:00:00+00:00,42491.0,42893.67
2020-07-12 15:00:00+00:00,43300.0,43649.95
2020-07-12 16:00:00+00:00,44215.0,44389.242
2020-07-12 17:00:00+00:00,44091.0,44697.918
2020-07-12 18:00:00+00:00,43794.0,44249.293
2020-07-12 19:00:00+00:00,42967.0,43754.516
2020-07-12 20:00:00+00:00,42927.0,41935.18
2020-07-12 21:00:00+00:00,39683.0,40021.723
2020-07-12 22:00:00+00:00,37497.0,37050.61
2020-07-12 23:00:00+00:00,36139.0,35915.094
2020-07-13 00:00:00+00:00,35757.0,35104.88
2020-07-13 01:00:00+00:00,36093.0,35916.01
2020-07-13 02:00:00+00:00,37277.0,37191.305
2020-07-13 03:00:00+00:00,40296.0,40921.05
2020-07-13 04:00:00+00:00,48145.0,45977.984
2020-07-13 05:00:00+00:00,55135.0,55190.727
2020-07-13 06:00:00+00:00,58127.0,59249.36
2020-07-13 07:00:00+00:00,59676.0,59534.95
2020-07-13 08:00:00+00:00,61925.0,61823.492
2020-07-13 09:00:00+00:00,62979.0,63620.344
2020-07-13 10:00:00+00:00,62916.0,62424.734
2020-07-13 11:00:00+00:00,61964.0,62406.707
2020-07-13 12:00:00+00:00,60533.0,60977.38
2020-07-13 13:00:00+00:00,59393.0,59496.902
2020-07-13 14:00:00+00:00,57248.0,58413.89
2020-07-13 15:00:00+00:00,57588.0,56895.55
2020-07-13 16:00:00+00:00,57078.0,57941.656
2020-07-13 17:00:00+00:00,56970.0,58102.043
2020-07-13 18:00:00+00:00,54338.0,57522.324
2020-07-13 19:00:00+00:00,52062.0,52630.44
2020-07-13 20:00:00+00:00,49953.0,49350.68
2020-07-13 21:00:00+00:00,45767.0,46123.492
2020-07-13 22:00:00+00:00,43556.0,42620.668
2020-07-13 23:00:00+00:00,42203.0,41904.906
2020-07-14 00:00:00+00:00,41152.0,41270.227
2020-07-14 01:00:00+00:00,41299.0,41129.742
2020-07-14 02:00:00+00:00,42210.0,42188.414
2020-07-14 03:00:00+00:00,44500.0,44782.312
2020-07-14 04:00:00+00:00,51178.0,49820.926
2020-07-14 05:00:00+00:00,57001.0,57030.94
2020-07-14 06:00:00+00:00,60259.0,60459.375
2020-07-14 07:00:00+00:00,61162.0,61826.68
2020-07-14 08:00:00+00:00,61793.0,62849.57
2020-07-14 09:00:00+00:00,63830.0,63070.746
2020-07-14 10:00:00+00:00,63225.0,63438.51
2020-07-14 11:00:00+00:00,62569.0,62339.438
2020-07-14 12:00:00+00:00,61179.0,61676.617
2020-07-14 13:00:00+00:00,60164.0,60146.957
2020-07-14 14:00:00+00:00,59583.0,59723.5
2020-07-14 15:00:00+00:00,60199.0,59649.527
2020-07-14 16:00:00+00:00,60086.0,60149.91
2020-07-14 17:00:00+00:00,59240.0,59018.133
2020-07-14 18:00:00+00:00,56010.0,56738.008
2020-07-14 19:00:00+00:00,53586.0,53875.074
2020-07-14 20:00:00+00:00,50553.0,50917.55
2020-07-14 21:00:00+00:00,46269.0,46647.805
2020-07-14 22:00:00+00:00,44305.0,43062.17
2020-07-14 23:00:00+00:00,42531.0,42442.92
2020-07-15 00:00:00+00:00,41411.0,41361.254
2020-07-15 01:00:00+00:00,42141.0,41316.293
2020-07-15 02:00:00+00:00,43310.0,43508.977
2020-07-15 03:00:00+00:00,46136.0,46193.62
2020-07-15 04:00:00+00:00,52575.0,51990.676
2020-07-15 05:00:00+00:00,58398.0,58151.195
2020-07-15 06:00:00+00:00,61477.0,61545.37
2020-07-15 07:00:00+00:00,62942.0,62825.473
2020-07-15 08:00:00+00:00,65092.0,64730.082
2020-07-15 09:00:00+00:00,66703.0,66248.62
2020-07-15 10:00:00+00:00,65876.0,66158.305
2020-07-15 11:00:00+00:00,64002.0,65161.434
2020-07-15 12:00:00+00:00,62755.0,63019.645
2020-07-15 13:00:00+00:00,61662.0,61795.42
2020-07-15 14:00:00+00:00,60908.0,60987.434
2020-07-15 15:00:00+00:00,60464.0,60523.7
2020-07-15 16:00:00+00:00,60445.0,59396.633
2020-07-15 17:00:00+00:00,58424.0,59337.29
2020-07-15 18:00:00+00:00,56438.0,55728.562
2020-07-15 19:00:00+00:00,54266.0,54936.215
2020-07-15 20:00:00+00:00,51464.0,50997.082
2020-07-15 21:00:00+00:00,47246.0,47579.72
2020-07-15 22:00:00+00:00,44805.0,44115.29
2020-07-15 23:00:00+00:00,43193.0,43014.223
2020-07-16 00:00:00+00:00,41906.0,42212.4
2020-07-16 01:00:00+00:00,42427.0,41796.12
2020-07-16 02:00:00+00:00,43417.0,43522.965
2020-07-16 03:00:00+00:00,46032.0,46349.633
2020-07-16 04:00:00+00:00,52733.0,52148.86
2020-07-16 05:00:00+00:00,58321.0,58700.367
2020-07-16 06:00:00+00:00,61737.0,61624.52
2020-07-16 07:00:00+00:00,63309.0,63249.004
2020-07-16 08:00:00+00:00,64528.0,65368.97
2020-07-16 09:00:00+00:00,65771.0,65469.867
2020-07-16 10:00:00+00:00,64264.0,65316.61
2020-07-16 11:00:00+00:00,63811.0,63400.96
2020-07-16 12:00:00+00:00,62583.0,62925.535
2020-07-16 13:00:00+00:00,62188.0,61546.734
2020-07-16 14:00:00+00:00,60771.0,61149.594
2020-07-16 15:00:00+00:00,60707.0,59955.63
2020-07-16 16:00:00+00:00,59968.0,59934.516
2020-07-16 17:00:00+00:00,58339.0,58711.66
2020-07-16 18:00:00+00:00,55848.0,55845.516
2020-07-16 19:00:00+00:00,53562.0,54358.535
2020-07-16 20:00:00+00:00,50522.0,50477.94
2020-07-16 21:00:00+00:00,46642.0,46720.5
2020-07-16 22:00:00+00:00,43767.0,43692.34
2020-07-16 23:00:00+00:00,41846.0,41888.945
2020-07-17 00:00:00+00:00,40680.0,40766.324
2020-07-17 01:00:00+00:00,40830.0,40399.49
2020-07-17 02:00:00+00:00,41741.0,41518.85
2020-07-17 03:00:00+00:00,45055.0,43999.7
2020-07-17 04:00:00+00:00,50873.0,52020.746
2020-07-17 05:00:00+00:00,56238.0,56402.332
2020-07-17 06:00:00+00:00,59644.0,59741.98
2020-07-17 07:00:00+00:00,60774.0,61298.5
2020-07-17 08:00:00+00:00,62497.0,62731.008
2020-07-17 09:00:00+00:00,64026.0,63636.242
2020-07-17 10:00:00+00:00,63105.0,63467.984
2020-07-17 11:00:00+00:00,60596.0,62130.25
2020-07-17 12:00:00+00:00,59440.0,59396.984
2020-07-17 13:00:00+00:00,58320.0,58745.58
2020-07-17 14:00:00+00:00,56904.0,57504.51
2020-07-17 15:00:00+00:00,56756.0,56455.05
2020-07-17 16:00:00+00:00,56788.0,56037.902
2020-07-17 17:00:00+00:00,55482.0,55829.008
2020-07-17 18:00:00+00:00,53214.0,53381.62
2020-07-17 19:00:00+00:00,50857.0,51635.824
2020-07-17 20:00:00+00:00,48125.0,48026.17
2020-07-17 21:00:00+00:00,44365.0,44508.113
2020-07-17 22:00:00+00:00,41599.0,41385.95
2020-07-17 23:00:00+00:00,39541.0,39628.797
2020-07-18 00:00:00+00:00,38306.0,38210.875
2020-07-18 01:00:00+00:00,38032.0,37771.21
2020-07-18 02:00:00+00:00,37989.0,37968.098
2020-07-18 03:00:00+00:00,37925.0,37849.86
2020-07-18 04:00:00+00:00,39458.0,38536.367
2020-07-18 05:00:00+00:00,42489.0,42957.54
2020-07-18 06:00:00+00:00,46825.0,46440.867
2020-07-18 07:00:00+00:00,50353.0,50082.496
2020-07-18 08:00:00+00:00,52218.0,52266.484
2020-07-18 09:00:00+00:00,52867.0,53043.293
2020-07-18 10:00:00+00:00,52545.0,51537.926
2020-07-18 11:00:00+00:00,50899.0,50974.566
2020-07-18 12:00:00+00:00,49027.0,49493.273
2020-07-18 13:00:00+00:00,47932.0,48021.465
2020-07-18 14:00:00+00:00,47264.0,47877.12
2020-07-18 15:00:00+00:00,47627.0,47869.836
2020-07-18 16:00:00+00:00,47566.0,48549.227
2020-07-18 17:00:00+00:00,46441.0,48009.867
2020-07-18 18:00:00+00:00,44840.0,46203.63
2020-07-18 19:00:00+00:00,43638.0,44650.1
2020-07-18 20:00:00+00:00,42431.0,42716.145
2020-07-18 21:00:00+00:00,39966.0,39490.24
2020-07-18 22:00:00+00:00,36839.0,37320.445
2020-07-18 23:00:00+00:00,35488.0,34794.78
2020-07-19 00:00:00+00:00,34389.0,34400.164
2020-07-19 01:00:00+00:00,33948.0,33779.246
2020-07-19 02:00:00+00:00,33551.0,33837.48
2020-07-19 03:00:00+00:00,33707.0,32858.875
2020-07-19 04:00:00+00:00,34528.0,34239.35
2020-07-19 05:00:00+00:00,36754.0,37373.242
2020-07-19 06:00:00+00:00,40041.0,40241.668
2020-07-19 07:00:00+00:00,43082.0,42968.465
2020-07-19 08:00:00+00:00,45715.0,45353.547
2020-07-19 09:00:00+00:00,47655.0,48316.465
2020-07-19 10:00:00+00:00,47822.0,47839.98
2020-07-19 11:00:00+00:00,46258.0,46482.977
2020-07-19 12:00:00+00:00,45486.0,45047.35
2020-07-19 13:00:00+00:00,44287.0,44929.195
2020-07-19 14:00:00+00:00,43771.0,44031.508
2020-07-19 15:00:00+00:00,44209.0,44777.516
2020-07-19 16:00:00+00:00,45159.0,45043.723
2020-07-19 17:00:00+00:00,45108.0,45597.227
2020-07-19 18:00:00+00:00,44667.0,45151.805
2020-07-19 19:00:00+00:00,43929.0,44705.797
2020-07-19 20:00:00+00:00,43851.0,43321.836
2020-07-19 21:00:00+00:00,41972.0,40842.93
2020-07-19 22:00:00+00:00,38509.0,39443.29
2020-07-19 23:00:00+00:00,37752.0,36368.035
2020-07-20 00:00:00+00:00,36916.0,36919.004
2020-07-20 01:00:00+00:00,37505.0,36599.88
2020-07-20 02:00:00+00:00,38891.0,39023.32
2020-07-20 03:00:00+00:00,42114.0,42753.152
2020-07-20 04:00:00+00:00,49183.0,49569.887
2020-07-20 05:00:00+00:00,54627.0,55723.047
2020-07-20 06:00:00+00:00,58924.0,58787.414
2020-07-20 07:00:00+00:00,61200.0,60954.246
2020-07-20 08:00:00+00:00,62856.0,63540.914
2020-07-20 09:00:00+00:00,63973.0,64319.53
2020-07-20 10:00:00+00:00,64125.0,63937.383
2020-07-20 11:00:00+00:00,63313.0,63691.582
2020-07-20 12:00:00+00:00,60898.0,62420.46
2020-07-20 13:00:00+00:00,59809.0,59715.14
2020-07-20 14:00:00+00:00,58553.0,58846.21
2020-07-20 15:00:00+00:00,57727.0,58290.496
2020-07-20 16:00:00+00:00,56793.0,57240.85
2020-07-20 17:00:00+00:00,55990.0,56714.906
2020-07-20 18:00:00+00:00,53806.0,55674.98
2020-07-20 19:00:00+00:00,51714.0,52835.363
2020-07-20 20:00:00+00:00,49588.0,48757.746
2020-07-20 21:00:00+00:00,45457.0,45881.023
2020-07-20 22:00:00+00:00,42328.0,42569.617
2020-07-20 23:00:00+00:00,40720.0,40605.41
2020-07-21 00:00:00+00:00,39865.0,39564.2
2020-07-21 01:00:00+00:00,40040.0,39523.715
2020-07-21 02:00:00+00:00,41188.0,40812.555
2020-07-21 03:00:00+00:00,43534.0,43712.332
2020-07-21 04:00:00+00:00,50011.0,49059.504
2020-07-21 05:00:00+00:00,55471.0,56264.816
2020-07-21 06:00:00+00:00,59109.0,59102.6
2020-07-21 07:00:00+00:00,59955.0,60867.105
2020-07-21 08:00:00+00:00,61821.0,61780.082
2020-07-21 09:00:00+00:00,63088.0,63384.5
2020-07-21 10:00:00+00:00,62505.0,62370.836
2020-07-21 11:00:00+00:00,62368.0,61689.65
2020-07-21 12:00:00+00:00,60852.0,61524.17
2020-07-21 13:00:00+00:00,59151.0,59869.08
2020-07-21 14:00:00+00:00,58174.0,57958.207
2020-07-21 15:00:00+00:00,58021.0,57940.26
2020-07-21 16:00:00+00:00,57622.0,57561.844
2020-07-21 17:00:00+00:00,57334.0,56465.637
2020-07-21 18:00:00+00:00,54872.0,55727.5
2020-07-21 19:00:00+00:00,52561.0,53345.492
2020-07-21 20:00:00+00:00,49802.0,49780.773
2020-07-21 21:00:00+00:00,45910.0,46035.945
2020-07-21 22:00:00+00:00,43519.0,42841.027
2020-07-21 23:00:00+00:00,41865.0,41603.375
2020-07-22 00:00:00+00:00,40703.0,40663.035
2020-07-22 01:00:00+00:00,40830.0,40371.344
2020-07-22 02:00:00+00:00,42023.0,41540.293
2020-07-22 03:00:00+00:00,44410.0,44676.074
2020-07-22 04:00:00+00:00,50970.0,49650.78
2020-07-22 05:00:00+00:00,56354.0,56827.008
2020-07-22 06:00:00+00:00,59907.0,59779.312
2020-07-22 07:00:00+00:00,61544.0,61584.37
2020-07-22 08:00:00+00:00,63252.0,63325.94
2020-07-22 09:00:00+00:00,64641.0,64818.09
2020-07-22 10:00:00+00:00,64091.0,64130.53
2020-07-22 11:00:00+00:00,62606.0,63383.58
2020-07-22 12:00:00+00:00,61230.0,61616.914
2020-07-22 13:00:00+00:00,59800.0,60231.7
2020-07-22 14:00:00+00:00,58650.0,58833.902
2020-07-22 15:00:00+00:00,58483.0,58305.547
2020-07-22 16:00:00+00:00,58233.0,57760.188
2020-07-22 17:00:00+00:00,57789.0,57120.86
2020-07-22 18:00:00+00:00,56113.0,55927.348
2020-07-22 19:00:00+00:00,53857.0,54297.758
2020-07-22 20:00:00+00:00,51399.0,50542.934
2020-07-22 21:00:00+00:00,47442.0,47520.42
2020-07-22 22:00:00+00:00,43988.0,44197.06
2020-07-22 23:00:00+00:00,42381.0,41844.547
2020-07-23 00:00:00+00:00,41435.0,41228.805
2020-07-23 01:00:00+00:00,41313.0,41186.28
2020-07-23 02:00:00+00:00,42305.0,41977.19
2020-07-23 03:00:00+00:00,45390.0,44190.12
2020-07-23 04:00:00+00:00,51476.0,52091.152
2020-07-23 05:00:00+00:00,56961.0,57237.97
2020-07-23 06:00:00+00:00,59328.0,60611.16
2020-07-23 07:00:00+00:00,61383.0,60835.766
2020-07-23 08:00:00+00:00,62773.0,63167.02
2020-07-23 09:00:00+00:00,64697.0,64237.637
2020-07-23 10:00:00+00:00,64194.0,64331.207
2020-07-23 11:00:00+00:00,62829.0,63481.98
2020-07-23 12:00:00+00:00,61375.0,61793.258
2020-07-23 13:00:00+00:00,60266.0,60436.902
2020-07-23 14:00:00+00:00,59278.0,59181.777
2020-07-23 15:00:00+00:00,59301.0,58986.547
2020-07-23 16:00:00+00:00,58076.0,58761.71
2020-07-23 17:00:00+00:00,57774.0,56736.3
2020-07-23 18:00:00+00:00,54702.0,55819.535
2020-07-23 19:00:00+00:00,52793.0,52874.047
2020-07-23 20:00:00+00:00,50344.0,50011.645
2020-07-23 21:00:00+00:00,46862.0,46524.37
2020-07-23 22:00:00+00:00,42805.0,43900.727
2020-07-23 23:00:00+00:00,41299.0,40599.797
2020-07-24 00:00:00+00:00,40488.0,40259.06
2020-07-24 01:00:00+00:00,40478.0,40236.227
2020-07-24 02:00:00+00:00,41483.0,41133.008
2020-07-24 03:00:00+00:00,43618.0,43022.348
2020-07-24 04:00:00+00:00,50041.0,49714.01
2020-07-24 05:00:00+00:00,54533.0,56222.56
2020-07-24 06:00:00+00:00,57865.0,58070.383
2020-07-24 07:00:00+00:00,59508.0,59728.973
2020-07-24 08:00:00+00:00,61626.0,61409.14
2020-07-24 09:00:00+00:00,63037.0,63018.527
2020-07-24 10:00:00+00:00,62732.0,62423.81
2020-07-24 11:00:00+00:00,61506.0,61880.28
2020-07-24 12:00:00+00:00,59401.0,60457.227
2020-07-24 13:00:00+00:00,58217.0,58526.758
2020-07-24 14:00:00+00:00,58037.0,57598.5
2020-07-24 15:00:00+00:00,57597.0,57843.39
2020-07-24 16:00:00+00:00,56831.0,56731.645
2020-07-24 17:00:00+00:00,55074.0,55538.56
2020-07-24 18:00:00+00:00,51730.0,52216.164
2020-07-24 19:00:00+00:00,49564.0,50736.492
2020-07-24 20:00:00+00:00,47013.0,47686.457
2020-07-24 21:00:00+00:00,43785.0,43716.664
2020-07-24 22:00:00+00:00,41191.0,41056.23
2020-07-24 23:00:00+00:00,38962.0,39290.605
2020-07-25 00:00:00+00:00,38467.0,37622.64
2020-07-25 01:00:00+00:00,37446.0,38177.305
2020-07-25 02:00:00+00:00,37788.0,36802.246
2020-07-25 03:00:00+00:00,37895.0,38129.367
2020-07-25 04:00:00+00:00,39508.0,39746.83
2020-07-25 05:00:00+00:00,42594.0,42689.188
2020-07-25 06:00:00+00:00,45914.0,46500.254
2020-07-25 07:00:00+00:00,48457.0,48984.723
2020-07-25 08:00:00+00:00,50640.0,50787.785
2020-07-25 09:00:00+00:00,52548.0,51620.86
2020-07-25 10:00:00+00:00,52877.0,51469.664
2020-07-25 11:00:00+00:00,51569.0,51290.35
2020-07-25 12:00:00+00:00,50566.0,50308.695
2020-07-25 13:00:00+00:00,49076.0,49928.586
2020-07-25 14:00:00+00:00,48655.0,48620.535
2020-07-25 15:00:00+00:00,47840.0,49646.203
2020-07-25 16:00:00+00:00,47750.0,49054.707
2020-07-25 17:00:00+00:00,47077.0,50004.11
2020-07-25 18:00:00+00:00,45213.0,48588.016
2020-07-25 19:00:00+00:00,44013.0,45699.957
2020-07-25 20:00:00+00:00,42982.0,43952.527
2020-07-25 21:00:00+00:00,40608.0,40445.754
2020-07-25 22:00:00+00:00,37937.0,37983.965
2020-07-25 23:00:00+00:00,36268.0,35818.938
2020-07-26 00:00:00+00:00,34507.0,34892.133
2020-07-26 01:00:00+00:00,34176.0,33460.113
2020-07-26 02:00:00+00:00,34212.0,34096.766
2020-07-26 03:00:00+00:00,34294.0,34153.836
2020-07-26 04:00:00+00:00,35397.0,35107.453
2020-07-26 05:00:00+00:00,37649.0,37772.867
2020-07-26 06:00:00+00:00,40331.0,41162.184
2020-07-26 07:00:00+00:00,43663.0,43248.06
2020-07-26 08:00:00+00:00,47209.0,46233.332
2020-07-26 09:00:00+00:00,48371.0,49978.195
2020-07-26 10:00:00+00:00,48997.0,48763.484
2020-07-26 11:00:00+00:00,46888.0,48040.246
2020-07-26 12:00:00+00:00,44919.0,45453.867
2020-07-26 13:00:00+00:00,43625.0,43915.906
2020-07-26 14:00:00+00:00,44522.0,43245.098
2020-07-26 15:00:00+00:00,45641.0,45969.043
2020-07-26 16:00:00+00:00,47035.0,46699.17
2020-07-26 17:00:00+00:00,45872.0,47305.965
2020-07-26 18:00:00+00:00,45075.0,44912.02
2020-07-26 19:00:00+00:00,44042.0,45087.383
2020-07-26 20:00:00+00:00,43567.0,43882.402
2020-07-26 21:00:00+00:00,40608.0,40521.56
2020-07-26 22:00:00+00:00,38558.0,37853.75
2020-07-26 23:00:00+00:00,37458.0,36903.13
2020-07-27 00:00:00+00:00,36840.0,36558.477
2020-07-27 01:00:00+00:00,37045.0,36894.23
2020-07-27 02:00:00+00:00,38104.0,38302.86
2020-07-27 03:00:00+00:00,41596.0,41527.453
2020-07-27 04:00:00+00:00,47825.0,48645.13
2020-07-27 05:00:00+00:00,53959.0,53717.055
2020-07-27 06:00:00+00:00,57698.0,58200.777
2020-07-27 07:00:00+00:00,59297.0,59662.703
2020-07-27 08:00:00+00:00,60719.0,61237.086
2020-07-27 09:00:00+00:00,62107.0,62041.85
2020-07-27 10:00:00+00:00,62759.0,61708.32
2020-07-27 11:00:00+00:00,61863.0,62326.98
2020-07-27 12:00:00+00:00,60663.0,61058.137
2020-07-27 13:00:00+00:00,59242.0,59892.125
2020-07-27 14:00:00+00:00,57872.0,58579.953
2020-07-27 15:00:00+00:00,58360.0,57742.92
2020-07-27 16:00:00+00:00,57956.0,58635.387
2020-07-27 17:00:00+00:00,57025.0,57984.59
2020-07-27 18:00:00+00:00,54710.0,56493.484
2020-07-27 19:00:00+00:00,53520.0,53248.23
2020-07-27 20:00:00+00:00,51397.0,50440.066
2020-07-27 21:00:00+00:00,47117.0,47188.695
2020-07-27 22:00:00+00:00,43681.0,43773.08
2020-07-27 23:00:00+00:00,41892.0,41612.21
2020-07-28 00:00:00+00:00,40866.0,40619.94
2020-07-28 01:00:00+00:00,41246.0,40511.266
2020-07-28 02:00:00+00:00,42170.0,42342.598
2020-07-28 03:00:00+00:00,44994.0,44326.375
2020-07-28 04:00:00+00:00,50966.0,51487.188
2020-07-28 05:00:00+00:00,56324.0,56906.566
2020-07-28 06:00:00+00:00,59556.0,59999.13
2020-07-28 07:00:00+00:00,61725.0,61236.266
2020-07-28 08:00:00+00:00,64010.0,63618.88
2020-07-28 09:00:00+00:00,65108.0,65757.34
2020-07-28 10:00:00+00:00,65007.0,64629.918
2020-07-28 11:00:00+00:00,63800.0,64537.324
2020-07-28 12:00:00+00:00,61569.0,62792.01
2020-07-28 13:00:00+00:00,60974.0,60655.258
2020-07-28 14:00:00+00:00,60148.0,60504.93
2020-07-28 15:00:00+00:00,59272.0,59850.805
2020-07-28 16:00:00+00:00,58502.0,58268.195
2020-07-28 17:00:00+00:00,56783.0,57379.242
2020-07-28 18:00:00+00:00,54548.0,54025.69
2020-07-28 19:00:00+00:00,52677.0,53634.074
2020-07-28 20:00:00+00:00,49949.0,49915.195
2020-07-28 21:00:00+00:00,46372.0,46191.508
2020-07-28 22:00:00+00:00,43243.0,43477.668
2020-07-28 23:00:00+00:00,41447.0,41293.746
2020-07-29 00:00:00+00:00,40381.0,40341.844
2020-07-29 01:00:00+00:00,40218.0,40024.758
2020-07-29 02:00:00+00:00,41237.0,40608.973
2020-07-29 03:00:00+00:00,43850.0,43453.207
2020-07-29 04:00:00+00:00,50093.0,49514.977
2020-07-29 05:00:00+00:00,55553.0,56261.24
2020-07-29 06:00:00+00:00,58884.0,59335.195
2020-07-29 07:00:00+00:00,60848.0,60669.645
2020-07-29 08:00:00+00:00,63169.0,63046.16
2020-07-29 09:00:00+00:00,63783.0,64619.3
2020-07-29 10:00:00+00:00,62628.0,62942.023
2020-07-29 11:00:00+00:00,61529.0,61767.402
2020-07-29 12:00:00+00:00,60292.0,60511.227
2020-07-29 13:00:00+00:00,58811.0,59455.168
2020-07-29 14:00:00+00:00,57469.0,57613.117
2020-07-29 15:00:00+00:00,57569.0,56826.54
2020-07-29 16:00:00+00:00,57123.0,56902.633
2020-07-29 17:00:00+00:00,56182.0,55908.277
2020-07-29 18:00:00+00:00,54090.0,54067.094
2020-07-29 19:00:00+00:00,51973.0,52582.37
2020-07-29 20:00:00+00:00,49273.0,48991.566
2020-07-29 21:00:00+00:00,45322.0,45496.473
2020-07-29 22:00:00+00:00,42321.0,42299.05
2020-07-29 23:00:00+00:00,40669.0,40385.402
2020-07-30 00:00:00+00:00,39777.0,39499.414
2020-07-30 01:00:00+00:00,39686.0,39501.152
2020-07-30 02:00:00+00:00,40565.0,40086.418
2020-07-30 03:00:00+00:00,43133.0,42107.18
2020-07-30 04:00:00+00:00,48969.0,48307.223
2020-07-30 05:00:00+00:00,54045.0,54653.395
2020-07-30 06:00:00+00:00,57858.0,57685.28
2020-07-30 07:00:00+00:00,59185.0,59699.855
2020-07-30 08:00:00+00:00,60859.0,60869.098
2020-07-30 09:00:00+00:00,62369.0,62197.83
2020-07-30 10:00:00+00:00,61533.0,61680.918
2020-07-30 11:00:00+00:00,60729.0,60508.652
2020-07-30 12:00:00+00:00,59617.0,59778.215
2020-07-30 13:00:00+00:00,58281.0,58725.797
2020-07-30 14:00:00+00:00,57390.0,57637.066
2020-07-30 15:00:00+00:00,57510.0,57230.414
2020-07-30 16:00:00+00:00,56654.0,57060.234
2020-07-30 17:00:00+00:00,55760.0,55114.9
2020-07-30 18:00:00+00:00,53981.0,53911.477
2020-07-30 19:00:00+00:00,52402.0,52677.87
2020-07-30 20:00:00+00:00,49889.0,49393.305
2020-07-30 21:00:00+00:00,45965.0,46028.902
2020-07-30 22:00:00+00:00,42866.0,42818.97
2020-07-30 23:00:00+00:00,41459.0,40796.516
2020-07-31 00:00:00+00:00,40792.0,40265.402
2020-07-31 01:00:00+00:00,40793.0,40644.78
2020-07-31 02:00:00+00:00,41777.0,41527.996
2020-07-31 03:00:00+00:00,44048.0,43830.49
2020-07-31 04:00:00+00:00,49069.0,49331.97
2020-07-31 05:00:00+00:00,54661.0,54459.57
2020-07-31 06:00:00+00:00,58091.0,58213.605
2020-07-31 07:00:00+00:00,59859.0,59819.625
2020-07-31 08:00:00+00:00,61043.0,61591.066
2020-07-31 09:00:00+00:00,62216.0,62252.03
2020-07-31 10:00:00+00:00,61757.0,61675.934
2020-07-31 11:00:00+00:00,60385.0,60825.832
2020-07-31 12:00:00+00:00,59236.0,59328.965
2020-07-31 13:00:00+00:00,58233.0,58323.312
2020-07-31 14:00:00+00:00,56997.0,57670.02
2020-07-31 15:00:00+00:00,56457.0,56572.336
2020-07-31 16:00:00+00:00,55853.0,55830.06
2020-07-31 17:00:00+00:00,54844.0,54728.176
2020-07-31 18:00:00+00:00,52080.0,53081.824
2020-07-31 19:00:00+00:00,50045.0,50856.605
2020-07-31 20:00:00+00:00,48167.0,47649.34
2020-07-31 21:00:00+00:00,45771.0,44718.863
2020-07-31 22:00:00+00:00,41698.0,42957.062
2020-07-31 23:00:00+00:00,39877.0,39265.062
2020-08-01 00:00:00+00:00,38943.0,38461.24
2020-08-01 01:00:00+00:00,38305.0,38257.83
2020-08-01 02:00:00+00:00,37995.0,38192.5
2020-08-01 03:00:00+00:00,38355.0,36826.715
2020-08-01 04:00:00+00:00,39717.0,40984.797
2020-08-01 05:00:00+00:00,42236.0,42752.043
2020-08-01 06:00:00+00:00,45798.0,45908.883
2020-08-01 07:00:00+00:00,48456.0,49096.742
2020-08-01 08:00:00+00:00,50400.0,50751.63
2020-08-01 09:00:00+00:00,51985.0,52188.67
2020-08-01 10:00:00+00:00,51662.0,51693.7
2020-08-01 11:00:00+00:00,50285.0,50232.598
2020-08-01 12:00:00+00:00,48845.0,48988.16
2020-08-01 13:00:00+00:00,47927.0,47847.31
2020-08-01 14:00:00+00:00,47165.0,47553.63
2020-08-01 15:00:00+00:00,47313.0,47280.715
2020-08-01 16:00:00+00:00,47866.0,48014.28
2020-08-01 17:00:00+00:00,46527.0,48918.207
2020-08-01 18:00:00+00:00,44667.0,46962.652
2020-08-01 19:00:00+00:00,44496.0,44927.2
2020-08-01 20:00:00+00:00,43223.0,44149.164
2020-08-01 21:00:00+00:00,40675.0,40176.652
2020-08-01 22:00:00+00:00,38505.0,38003.184
2020-08-01 23:00:00+00:00,36714.0,36614.547
2020-08-02 00:00:00+00:00,35504.0,35491.242
2020-08-02 01:00:00+00:00,34628.0,34958.543
2020-08-02 02:00:00+00:00,34433.0,34096.203
2020-08-02 03:00:00+00:00,34717.0,34394.043
2020-08-02 04:00:00+00:00,34680.0,35507.215
2020-08-02 05:00:00+00:00,36810.0,36766.49
2020-08-02 06:00:00+00:00,39683.0,40824.95
2020-08-02 07:00:00+00:00,42707.0,42585.586
2020-08-02 08:00:00+00:00,45493.0,45073.695
2020-08-02 09:00:00+00:00,46958.0,48406.043
2020-08-02 10:00:00+00:00,46578.0,47382.688
2020-08-02 11:00:00+00:00,44901.0,45508.895
2020-08-02 12:00:00+00:00,44296.0,43789.836
2020-08-02 13:00:00+00:00,43807.0,43752.098
2020-08-02 14:00:00+00:00,43604.0,43774.33
2020-08-02 15:00:00+00:00,44567.0,44499.348
2020-08-02 16:00:00+00:00,45389.0,45370.176
2020-08-02 17:00:00+00:00,44991.0,45434.516
2020-08-02 18:00:00+00:00,43814.0,44551.18
2020-08-02 19:00:00+00:00,43569.0,43832.902
2020-08-02 20:00:00+00:00,42867.0,42669.41
2020-08-02 21:00:00+00:00,40111.0,39799.496
2020-08-02 22:00:00+00:00,37704.0,37641.906
2020-08-02 23:00:00+00:00,36426.0,35930.098
2020-08-03 00:00:00+00:00,35700.0,35524.883
2020-08-03 01:00:00+00:00,35994.0,35606.05
2020-08-03 02:00:00+00:00,37181.0,37087.94
2020-08-03 03:00:00+00:00,40312.0,40817.426
2020-08-03 04:00:00+00:00,46470.0,46009.824
2020-08-03 05:00:00+00:00,51635.0,52424.715
2020-08-03 06:00:00+00:00,54826.0,55745.883
2020-08-03 07:00:00+00:00,56699.0,56921.92
2020-08-03 08:00:00+00:00,58715.0,59049.297
2020-08-03 09:00:00+00:00,60674.0,60222.65
2020-08-03 10:00:00+00:00,60880.0,60705.95
2020-08-03 11:00:00+00:00,59563.0,60179.043
2020-08-03 12:00:00+00:00,58066.0,58520.02
2020-08-03 13:00:00+00:00,57008.0,57344.605
2020-08-03 14:00:00+00:00,55513.0,56506.848
2020-08-03 15:00:00+00:00,55580.0,55543.668
2020-08-03 16:00:00+00:00,54853.0,55865.316
2020-08-03 17:00:00+00:00,54098.0,55208.78
2020-08-03 18:00:00+00:00,52725.0,53987.586
2020-08-03 19:00:00+00:00,50950.0,51268.297
2020-08-03 20:00:00+00:00,47930.0,47871.957
2020-08-03 21:00:00+00:00,44126.0,44196.45
2020-08-03 22:00:00+00:00,41410.0,41256.37
2020-08-03 23:00:00+00:00,39788.0,39608.727
2020-08-04 00:00:00+00:00,38993.0,38604.11
2020-08-04 01:00:00+00:00,38952.0,38722.535
2020-08-04 02:00:00+00:00,39932.0,39524.457
2020-08-04 03:00:00+00:00,42886.0,42251.29
2020-08-04 04:00:00+00:00,48271.0,47601.434
2020-08-04 05:00:00+00:00,52984.0,53764.32
2020-08-04 06:00:00+00:00,56594.0,56532.145
2020-08-04 07:00:00+00:00,58081.0,58556.348
2020-08-04 08:00:00+00:00,60175.0,59730.895
2020-08-04 09:00:00+00:00,61201.0,61689.9
2020-08-04 10:00:00+00:00,61388.0,60368.266
2020-08-04 11:00:00+00:00,59900.0,60611.805
2020-08-04 12:00:00+00:00,58537.0,58842.047
2020-08-04 13:00:00+00:00,56690.0,57575.184
2020-08-04 14:00:00+00:00,55313.0,55925.258
2020-08-04 15:00:00+00:00,55234.0,55272.207
2020-08-04 16:00:00+00:00,55059.0,55029.824
2020-08-04 17:00:00+00:00,54302.0,54161.84
2020-08-04 18:00:00+00:00,52120.0,52969.156
2020-08-04 19:00:00+00:00,50457.0,50929.15
2020-08-04 20:00:00+00:00,46879.0,47874.734
2020-08-04 21:00:00+00:00,43249.0,43298.453
2020-08-04 22:00:00+00:00,41111.0,40484.484
2020-08-04 23:00:00+00:00,39979.0,39253.19
2020-08-05 00:00:00+00:00,39063.0,38787.0
2020-08-05 01:00:00+00:00,39305.0,38759.39
2020-08-05 02:00:00+00:00,40643.0,40011.805
2020-08-05 03:00:00+00:00,43449.0,43588.004
2020-08-05 04:00:00+00:00,48320.0,47737.066
2020-08-05 05:00:00+00:00,53065.0,53277.562
2020-08-05 06:00:00+00:00,56768.0,56260.98
2020-08-05 07:00:00+00:00,58282.0,58653.902
2020-08-05 08:00:00+00:00,59973.0,59831.8
2020-08-05 09:00:00+00:00,61945.0,60945.11
2020-08-05 10:00:00+00:00,62007.0,61322.867
2020-08-05 11:00:00+00:00,60234.0,61208.504
2020-08-05 12:00:00+00:00,59305.0,59222.55
2020-08-05 13:00:00+00:00,57695.0,58385.918
2020-08-05 14:00:00+00:00,56450.0,57202.38
2020-08-05 15:00:00+00:00,56119.0,56478.008
2020-08-05 16:00:00+00:00,55160.0,55844.496
2020-08-05 17:00:00+00:00,54730.0,53666.71
2020-08-05 18:00:00+00:00,53148.0,53940.83
2020-08-05 19:00:00+00:00,51207.0,51456.37
2020-08-05 20:00:00+00:00,48643.0,48148.004
2020-08-05 21:00:00+00:00,44340.0,45089.164
2020-08-05 22:00:00+00:00,41740.0,41353.87
2020-08-05 23:00:00+00:00,40328.0,39807.633
2020-08-06 00:00:00+00:00,38804.0,39049.113
2020-08-06 01:00:00+00:00,39064.0,38217.97
2020-08-06 02:00:00+00:00,39373.0,39521.234
2020-08-06 03:00:00+00:00,42488.0,40868.305
2020-08-06 04:00:00+00:00,48037.0,47757.996
2020-08-06 05:00:00+00:00,53269.0,53662.53
2020-08-06 06:00:00+00:00,56939.0,56992.082
2020-08-06 07:00:00+00:00,58923.0,58882.77
2020-08-06 08:00:00+00:00,60679.0,60657.004
2020-08-06 09:00:00+00:00,62375.0,62324.664
2020-08-06 10:00:00+00:00,62205.0,61831.867
2020-08-06 11:00:00+00:00,61387.0,61454.53
2020-08-06 12:00:00+00:00,60136.0,60514.34
2020-08-06 13:00:00+00:00,59158.0,59146.695
2020-08-06 14:00:00+00:00,57878.0,58099.145
2020-08-06 15:00:00+00:00,57888.0,57597.645
2020-08-06 16:00:00+00:00,57128.0,57638.414
2020-08-06 17:00:00+00:00,55894.0,55889.84
2020-08-06 18:00:00+00:00,53926.0,53773.805
2020-08-06 19:00:00+00:00,52712.0,53139.316
2020-08-06 20:00:00+00:00,49982.0,49857.617
2020-08-06 21:00:00+00:00,45624.0,46085.95
2020-08-06 22:00:00+00:00,42615.0,42494.863
2020-08-06 23:00:00+00:00,40705.0,40676.52
2020-08-07 00:00:00+00:00,40152.0,39434.137
2020-08-07 01:00:00+00:00,39858.0,39976.227
2020-08-07 02:00:00+00:00,40554.0,40354.977
2020-08-07 03:00:00+00:00,43416.0,42403.77
2020-08-07 04:00:00+00:00,48160.0,49070.62
2020-08-07 05:00:00+00:00,53574.0,53520.25
2020-08-07 06:00:00+00:00,58377.0,57524.844
2020-08-07 07:00:00+00:00,60287.0,60507.484
2020-08-07 08:00:00+00:00,61603.0,61999.203
2020-08-07 09:00:00+00:00,62681.0,63080.516
2020-08-07 10:00:00+00:00,62285.0,62215.07
2020-08-07 11:00:00+00:00,60768.0,61425.8
2020-08-07 12:00:00+00:00,59094.0,59719.184
2020-08-07 13:00:00+00:00,58058.0,58128.39
2020-08-07 14:00:00+00:00,56821.0,57230.45
2020-08-07 15:00:00+00:00,56701.0,56434.574
2020-08-07 16:00:00+00:00,56016.0,56069.574
2020-08-07 17:00:00+00:00,54153.0,54842.26
2020-08-07 18:00:00+00:00,51915.0,51616.395
2020-08-07 19:00:00+00:00,50514.0,51315.527
2020-08-07 20:00:00+00:00,47771.0,48203.074
2020-08-07 21:00:00+00:00,44388.0,44167.465
2020-08-07 22:00:00+00:00,41927.0,41424.246
2020-08-07 23:00:00+00:00,40073.0,39846.27
2020-08-08 00:00:00+00:00,38602.0,38661.812
2020-08-08 01:00:00+00:00,37986.0,37804.07
2020-08-08 02:00:00+00:00,37988.0,37682.117
2020-08-08 03:00:00+00:00,38329.0,38399.543
2020-08-08 04:00:00+00:00,39693.0,39678.895
2020-08-08 05:00:00+00:00,43308.0,42853.74
2020-08-08 06:00:00+00:00,47106.0,47313.61
2020-08-08 07:00:00+00:00,49655.0,49928.957
2020-08-08 08:00:00+00:00,51447.0,51612.36
2020-08-08 09:00:00+00:00,52609.0,52546.242
2020-08-08 10:00:00+00:00,52605.0,51665.195
2020-08-08 11:00:00+00:00,50993.0,51272.09
2020-08-08 12:00:00+00:00,50051.0,49653.87
2020-08-08 13:00:00+00:00,49189.0,49221.754
2020-08-08 14:00:00+00:00,48837.0,48837.66
2020-08-08 15:00:00+00:00,49548.0,49164.51
2020-08-08 16:00:00+00:00,49481.0,50151.426
2020-08-08 17:00:00+00:00,48706.0,49425.11
2020-08-08 18:00:00+00:00,46904.0,48174.8
2020-08-08 19:00:00+00:00,45693.0,46413.465
2020-08-08 20:00:00+00:00,44489.0,45003.375
2020-08-08 21:00:00+00:00,41497.0,41545.664
2020-08-08 22:00:00+00:00,39549.0,38737.387
2020-08-08 23:00:00+00:00,37393.0,37742.62
2020-08-09 00:00:00+00:00,36044.0,36067.727
2020-08-09 01:00:00+00:00,35610.0,35376.52
2020-08-09 02:00:00+00:00,35589.0,35566.33
2020-08-09 03:00:00+00:00,35960.0,35551.387
2020-08-09 04:00:00+00:00,36085.0,37148.285
2020-08-09 05:00:00+00:00,38429.0,38359.414
2020-08-09 06:00:00+00:00,41904.0,42386.668
2020-08-09 07:00:00+00:00,44521.0,44875.77
2020-08-09 08:00:00+00:00,46362.0,46925.008
2020-08-09 09:00:00+00:00,47620.0,48797.883
2020-08-09 10:00:00+00:00,47983.0,47461.72
2020-08-09 11:00:00+00:00,47300.0,46757.035
2020-08-09 12:00:00+00:00,45811.0,46212.49
2020-08-09 13:00:00+00:00,45832.0,44991.27
2020-08-09 14:00:00+00:00,45365.0,46159.215
2020-08-09 15:00:00+00:00,46855.0,45790.363
2020-08-09 16:00:00+00:00,47219.0,48041.855
2020-08-09 17:00:00+00:00,47005.0,47130.2
2020-08-09 18:00:00+00:00,46164.0,46794.09
2020-08-09 19:00:00+00:00,46651.0,46157.277
2020-08-09 20:00:00+00:00,44721.0,45591.61
2020-08-09 21:00:00+00:00,42245.0,41650.71
2020-08-09 22:00:00+00:00,39873.0,39908.984
2020-08-09 23:00:00+00:00,37712.0,38144.203
2020-08-10 00:00:00+00:00,37599.0,36584.36
2020-08-10 01:00:00+00:00,38290.0,37904.03
2020-08-10 02:00:00+00:00,39343.0,40357.625
2020-08-10 03:00:00+00:00,42731.0,43188.707
2020-08-10 04:00:00+00:00,49536.0,49641.496
2020-08-10 05:00:00+00:00,55982.0,55660.723
2020-08-10 06:00:00+00:00,60569.0,60111.33
2020-08-10 07:00:00+00:00,62427.0,62567.883
2020-08-10 08:00:00+00:00,64022.0,64587.836
2020-08-10 09:00:00+00:00,65089.0,65393.797
2020-08-10 10:00:00+00:00,64287.0,64777.35
2020-08-10 11:00:00+00:00,63397.0,63639.35
2020-08-10 12:00:00+00:00,62535.0,62431.027
2020-08-10 13:00:00+00:00,61953.0,61327.88
2020-08-10 14:00:00+00:00,60720.0,60890.766
2020-08-10 15:00:00+00:00,60981.0,60333.99
2020-08-10 16:00:00+00:00,60373.0,60732.305
2020-08-10 17:00:00+00:00,58900.0,59466.805
2020-08-10 18:00:00+00:00,56284.0,56297.703
2020-08-10 19:00:00+00:00,55422.0,55272.336
2020-08-10 20:00:00+00:00,52250.0,52419.914
2020-08-10 21:00:00+00:00,48413.0,47849.66
2020-08-10 22:00:00+00:00,45548.0,45281.57
2020-08-10 23:00:00+00:00,43833.0,43712.273
2020-08-11 00:00:00+00:00,43331.0,42844.31
2020-08-11 01:00:00+00:00,43314.0,43508.125
2020-08-11 02:00:00+00:00,44172.0,44460.22
2020-08-11 03:00:00+00:00,47102.0,46959.77
2020-08-11 04:00:00+00:00,52627.0,54175.754
2020-08-11 05:00:00+00:00,57922.0,58073.703
2020-08-11 06:00:00+00:00,61637.0,61135.17
2020-08-11 07:00:00+00:00,63173.0,63319.066
2020-08-11 08:00:00+00:00,65230.0,65103.754
2020-08-11 09:00:00+00:00,66576.0,66528.14
2020-08-11 10:00:00+00:00,66539.0,66302.37
2020-08-11 11:00:00+00:00,66107.0,66039.734
2020-08-11 12:00:00+00:00,65399.0,65281.973
2020-08-11 13:00:00+00:00,63866.0,64481.41
2020-08-11 14:00:00+00:00,62248.0,62635.47
2020-08-11 15:00:00+00:00,61830.0,61442.46
2020-08-11 16:00:00+00:00,60726.0,60984.953
2020-08-11 17:00:00+00:00,59213.0,59263.613
2020-08-11 18:00:00+00:00,57187.0,56881.062
2020-08-11 19:00:00+00:00,55893.0,56179.715
2020-08-11 20:00:00+00:00,53308.0,53008.715
2020-08-11 21:00:00+00:00,50032.0,49382.062
2020-08-11 22:00:00+00:00,46978.0,47076.945
2020-08-11 23:00:00+00:00,44866.0,44909.977
2020-08-12 00:00:00+00:00,43623.0,43669.008
2020-08-12 01:00:00+00:00,43510.0,43276.156
2020-08-12 02:00:00+00:00,44244.0,44213.39
2020-08-12 03:00:00+00:00,47138.0,46705.496
2020-08-12 04:00:00+00:00,52307.0,53776.24
2020-08-12 05:00:00+00:00,57588.0,57730.17
2020-08-12 06:00:00+00:00,61120.0,61253.64
2020-08-12 07:00:00+00:00,62861.0,63037.066
2020-08-12 08:00:00+00:00,64524.0,64870.965
2020-08-12 09:00:00+00:00,65919.0,66181.18
2020-08-12 10:00:00+00:00,66198.0,65859.47
2020-08-12 11:00:00+00:00,65113.0,65804.5
2020-08-12 12:00:00+00:00,63815.0,64123.746
2020-08-12 13:00:00+00:00,62860.0,62871.887
2020-08-12 14:00:00+00:00,61974.0,61629.535
2020-08-12 15:00:00+00:00,60814.0,61108.457
2020-08-12 16:00:00+00:00,59677.0,59735.645
2020-08-12 17:00:00+00:00,58548.0,58317.957
2020-08-12 18:00:00+00:00,56605.0,56277.59
2020-08-12 19:00:00+00:00,54927.0,55524.145
2020-08-12 20:00:00+00:00,51560.0,52304.45
2020-08-12 21:00:00+00:00,48485.0,47585.59
2020-08-12 22:00:00+00:00,46002.0,45494.89
2020-08-12 23:00:00+00:00,44369.0,43975.73
2020-08-13 00:00:00+00:00,43362.0,43339.99
2020-08-13 01:00:00+00:00,43130.0,43223.695
2020-08-13 02:00:00+00:00,43843.0,43869.11
2020-08-13 03:00:00+00:00,46336.0,46697.336
2020-08-13 04:00:00+00:00,51857.0,51926.227
2020-08-13 05:00:00+00:00,57375.0,57287.156
2020-08-13 06:00:00+00:00,61386.0,60799.742
2020-08-13 07:00:00+00:00,63243.0,63271.06
2020-08-13 08:00:00+00:00,64859.0,65271.375
2020-08-13 09:00:00+00:00,66403.0,66170.71
2020-08-13 10:00:00+00:00,66212.0,66272.234
2020-08-13 11:00:00+00:00,64556.0,65681.99
2020-08-13 12:00:00+00:00,63375.0,63578.098
2020-08-13 13:00:00+00:00,62369.0,62343.293
2020-08-13 14:00:00+00:00,61411.0,61098.168
2020-08-13 15:00:00+00:00,61134.0,60518.617
2020-08-13 16:00:00+00:00,60522.0,60094.11
2020-08-13 17:00:00+00:00,58694.0,59237.39
2020-08-13 18:00:00+00:00,56025.0,55721.293
2020-08-13 19:00:00+00:00,55269.0,54676.05
2020-08-13 20:00:00+00:00,51580.0,52845.73
2020-08-13 21:00:00+00:00,47996.0,47352.78
2020-08-13 22:00:00+00:00,45811.0,44933.66
2020-08-13 23:00:00+00:00,43831.0,43835.36
2020-08-14 00:00:00+00:00,42942.0,42640.387
2020-08-14 01:00:00+00:00,42897.0,42844.875
2020-08-14 02:00:00+00:00,43550.0,43727.71
2020-08-14 03:00:00+00:00,46206.0,46161.406
2020-08-14 04:00:00+00:00,51856.0,52142.3
2020-08-14 05:00:00+00:00,56325.0,57378.508
2020-08-14 06:00:00+00:00,59260.0,59474.957
2020-08-14 07:00:00+00:00,61039.0,60953.348
2020-08-14 08:00:00+00:00,63102.0,63050.977
2020-08-14 09:00:00+00:00,64290.0,64138.117
2020-08-14 10:00:00+00:00,63337.0,63760.742
2020-08-14 11:00:00+00:00,61737.0,62412.91
2020-08-14 12:00:00+00:00,60222.0,60624.53
2020-08-14 13:00:00+00:00,59268.0,59341.992
2020-08-14 14:00:00+00:00,58793.0,58339.99
2020-08-14 15:00:00+00:00,58412.0,58267.902
2020-08-14 16:00:00+00:00,57271.0,57432.31
2020-08-14 17:00:00+00:00,55974.0,55594.086
2020-08-14 18:00:00+00:00,53312.0,53758.434
2020-08-14 19:00:00+00:00,51791.0,51725.953
2020-08-14 20:00:00+00:00,48636.0,49018.414
2020-08-14 21:00:00+00:00,45272.0,44890.355
2020-08-14 22:00:00+00:00,42335.0,42366.96
2020-08-14 23:00:00+00:00,40486.0,40243.367
2020-08-15 00:00:00+00:00,39016.0,39310.59
2020-08-15 01:00:00+00:00,38763.0,38465.164
2020-08-15 02:00:00+00:00,38641.0,38686.613
2020-08-15 03:00:00+00:00,39359.0,38567.02
2020-08-15 04:00:00+00:00,40146.0,41341.035
2020-08-15 05:00:00+00:00,42505.0,43099.98
2020-08-15 06:00:00+00:00,45947.0,46327.555
2020-08-15 07:00:00+00:00,48699.0,49081.453
2020-08-15 08:00:00+00:00,50355.0,50697.91
2020-08-15 09:00:00+00:00,51986.0,51507.03
2020-08-15 10:00:00+00:00,51867.0,51396.78
2020-08-15 11:00:00+00:00,50879.0,50403.887
2020-08-15 12:00:00+00:00,49344.0,49636.65
2020-08-15 13:00:00+00:00,48489.0,48297.645
2020-08-15 14:00:00+00:00,47742.0,48145.848
2020-08-15 15:00:00+00:00,48201.0,47961.406
2020-08-15 16:00:00+00:00,48227.0,49452.168
2020-08-15 17:00:00+00:00,47462.0,49107.3
2020-08-15 18:00:00+00:00,45981.0,47547.31
2020-08-15 19:00:00+00:00,45044.0,45611.43
2020-08-15 20:00:00+00:00,43216.0,44338.15
2020-08-15 21:00:00+00:00,40855.0,40237.36
2020-08-15 22:00:00+00:00,38611.0,38172.586
2020-08-15 23:00:00+00:00,37322.0,36624.33
2020-08-16 00:00:00+00:00,36285.0,36287.434
2020-08-16 01:00:00+00:00,35724.0,35917.746
2020-08-16 02:00:00+00:00,35413.0,35626.79
2020-08-16 03:00:00+00:00,36111.0,35476.598
2020-08-16 04:00:00+00:00,36115.0,37623.766
2020-08-16 05:00:00+00:00,37971.0,38196.625
2020-08-16 06:00:00+00:00,40986.0,41827.758
2020-08-16 07:00:00+00:00,43382.0,43930.52
2020-08-16 08:00:00+00:00,45632.0,45799.69
2020-08-16 09:00:00+00:00,48132.0,48064.734
2020-08-16 10:00:00+00:00,48615.0,48253.8
2020-08-16 11:00:00+00:00,47411.0,47340.387
2020-08-16 12:00:00+00:00,46093.0,46207.793
2020-08-16 13:00:00+00:00,45534.0,45287.605
2020-08-16 14:00:00+00:00,45042.0,45576.855
2020-08-16 15:00:00+00:00,46762.0,45823.688
2020-08-16 16:00:00+00:00,47437.0,48144.812
2020-08-16 17:00:00+00:00,47410.0,47642.18
2020-08-16 18:00:00+00:00,46097.0,47244.367
2020-08-16 19:00:00+00:00,46012.0,45713.625
2020-08-16 20:00:00+00:00,44475.0,44870.727
2020-08-16 21:00:00+00:00,41984.0,41380.49
2020-08-16 22:00:00+00:00,40508.0,39430.03
2020-08-16 23:00:00+00:00,38671.0,38783.36
2020-08-17 00:00:00+00:00,37544.0,37499.61
2020-08-17 01:00:00+00:00,37485.0,37311.637
2020-08-17 02:00:00+00:00,39394.0,38398.36
2020-08-17 03:00:00+00:00,43121.0,43859.86
2020-08-17 04:00:00+00:00,49941.0,50869.242
2020-08-17 05:00:00+00:00,55861.0,55670.785
2020-08-17 06:00:00+00:00,59448.0,60051.754
2020-08-17 07:00:00+00:00,61156.0,61527.273
2020-08-17 08:00:00+00:00,62380.0,63376.15
2020-08-17 09:00:00+00:00,64225.0,63830.965
2020-08-17 10:00:00+00:00,64098.0,64185.81
2020-08-17 11:00:00+00:00,63568.0,63537.074
2020-08-17 12:00:00+00:00,62637.0,62691.95
2020-08-17 13:00:00+00:00,61547.0,61756.33
2020-08-17 14:00:00+00:00,60965.0,60438.137
2020-08-17 15:00:00+00:00,60370.0,60956.87
2020-08-17 16:00:00+00:00,59479.0,59964.445
2020-08-17 17:00:00+00:00,58210.0,58874.168
2020-08-17 18:00:00+00:00,56124.0,56524.95
2020-08-17 19:00:00+00:00,54783.0,54694.9
2020-08-17 20:00:00+00:00,50461.0,51603.008
2020-08-17 21:00:00+00:00,46889.0,46263.438
2020-08-17 22:00:00+00:00,44330.0,44153.14
2020-08-17 23:00:00+00:00,42473.0,42698.938
2020-08-18 00:00:00+00:00,41081.0,41602.984
2020-08-18 01:00:00+00:00,41193.0,40826.645
2020-08-18 02:00:00+00:00,42435.0,42013.28
2020-08-18 03:00:00+00:00,45960.0,45805.53
2020-08-18 04:00:00+00:00,52688.0,52438.33
2020-08-18 05:00:00+00:00,58020.0,58747.04
2020-08-18 06:00:00+00:00,61497.0,61340.453
2020-08-18 07:00:00+00:00,62494.0,63146.02
2020-08-18 08:00:00+00:00,63778.0,64400.65
2020-08-18 09:00:00+00:00,64918.0,65040.613
2020-08-18 10:00:00+00:00,64643.0,64427.934
2020-08-18 11:00:00+00:00,63254.0,64033.363
2020-08-18 12:00:00+00:00,61703.0,62181.883
2020-08-18 13:00:00+00:00,60257.0,60716.67
2020-08-18 14:00:00+00:00,59692.0,59232.91
2020-08-18 15:00:00+00:00,59330.0,59330.184
2020-08-18 16:00:00+00:00,59416.0,58498.875
2020-08-18 17:00:00+00:00,57679.0,58577.5
2020-08-18 18:00:00+00:00,55332.0,55298.11
2020-08-18 19:00:00+00:00,54342.0,53603.004
2020-08-18 20:00:00+00:00,50318.0,51240.47
2020-08-18 21:00:00+00:00,46680.0,46088.06
2020-08-18 22:00:00+00:00,44442.0,43735.656
2020-08-18 23:00:00+00:00,43054.0,42632.438
2020-08-19 00:00:00+00:00,42103.0,42107.934
2020-08-19 01:00:00+00:00,41874.0,42092.465
2020-08-19 02:00:00+00:00,42686.0,42542.895
2020-08-19 03:00:00+00:00,46053.0,45088.445
2020-08-19 04:00:00+00:00,52415.0,52518.477
2020-08-19 05:00:00+00:00,57349.0,57814.78
2020-08-19 06:00:00+00:00,60783.0,60329.28
2020-08-19 07:00:00+00:00,61897.0,62425.184
2020-08-19 08:00:00+00:00,63094.0,63737.227
2020-08-19 09:00:00+00:00,64332.0,63979.438
2020-08-19 10:00:00+00:00,64078.0,63824.867
2020-08-19 11:00:00+00:00,63309.0,63350.95
2020-08-19 12:00:00+00:00,61387.0,62366.246
2020-08-19 13:00:00+00:00,60199.0,60306.65
2020-08-19 14:00:00+00:00,59708.0,59205.082
2020-08-19 15:00:00+00:00,59606.0,59263.67
2020-08-19 16:00:00+00:00,59217.0,58708.207
2020-08-19 17:00:00+00:00,57725.0,58043.684
2020-08-19 18:00:00+00:00,55626.0,55329.344
2020-08-19 19:00:00+00:00,54047.0,53772.914
2020-08-19 20:00:00+00:00,50078.0,50906.79
2020-08-19 21:00:00+00:00,46621.0,46020.688
2020-08-19 22:00:00+00:00,44185.0,43709.184
2020-08-19 23:00:00+00:00,42809.0,42265.973
2020-08-20 00:00:00+00:00,42018.0,41818.76
2020-08-20 01:00:00+00:00,41807.0,42052.465
2020-08-20 02:00:00+00:00,42997.0,42550.27
2020-08-20 03:00:00+00:00,45528.0,45920.055
2020-08-20 04:00:00+00:00,52274.0,51008.85
2020-08-20 05:00:00+00:00,57611.0,57957.477
2020-08-20 06:00:00+00:00,60939.0,60654.66
2020-08-20 07:00:00+00:00,61872.0,62490.27
2020-08-20 08:00:00+00:00,63441.0,63629.348
2020-08-20 09:00:00+00:00,65363.0,64517.047
2020-08-20 10:00:00+00:00,66415.0,64916.367
2020-08-20 11:00:00+00:00,64954.0,65978.68
2020-08-20 12:00:00+00:00,63651.0,64041.875
2020-08-20 13:00:00+00:00,62626.0,62647.797
2020-08-20 14:00:00+00:00,61411.0,61519.2
2020-08-20 15:00:00+00:00,60933.0,60681.555
2020-08-20 16:00:00+00:00,60412.0,60122.188
2020-08-20 17:00:00+00:00,58945.0,59449.31
2020-08-20 18:00:00+00:00,56693.0,56310.145
2020-08-20 19:00:00+00:00,54788.0,55149.945
2020-08-20 20:00:00+00:00,51005.0,51949.688
2020-08-20 21:00:00+00:00,47834.0,46997.215
2020-08-20 22:00:00+00:00,45252.0,44970.223
2020-08-20 23:00:00+00:00,44509.0,43337.53
2020-08-21 00:00:00+00:00,43332.0,43825.434
2020-08-21 01:00:00+00:00,42981.0,43324.074
2020-08-21 02:00:00+00:00,43637.0,43709.992
2020-08-21 03:00:00+00:00,47084.0,46641.46
2020-08-21 04:00:00+00:00,52528.0,54294.074
2020-08-21 05:00:00+00:00,57410.0,57501.242
2020-08-21 06:00:00+00:00,61241.0,60444.56
2020-08-21 07:00:00+00:00,63738.0,63130.027
2020-08-21 08:00:00+00:00,64944.0,65861.32
2020-08-21 09:00:00+00:00,65823.0,65762.836
2020-08-21 10:00:00+00:00,64203.0,65465.758
2020-08-21 11:00:00+00:00,63929.0,63262.47
2020-08-21 12:00:00+00:00,63194.0,63086.1
2020-08-21 13:00:00+00:00,61620.0,61995.88
2020-08-21 14:00:00+00:00,60362.0,60460.336
2020-08-21 15:00:00+00:00,59690.0,59578.465
2020-08-21 16:00:00+00:00,58924.0,58613.402
2020-08-21 17:00:00+00:00,57229.0,57215.72
2020-08-21 18:00:00+00:00,54826.0,55606.168
2020-08-21 19:00:00+00:00,52660.0,53443.023
2020-08-21 20:00:00+00:00,49479.0,49523.29
2020-08-21 21:00:00+00:00,45905.0,45920.227
2020-08-21 22:00:00+00:00,43887.0,43146.49
2020-08-21 23:00:00+00:00,42747.0,42122.72
2020-08-22 00:00:00+00:00,41322.0,41854.34
2020-08-22 01:00:00+00:00,40381.0,41010.13
2020-08-22 02:00:00+00:00,39631.0,40233.875
2020-08-22 03:00:00+00:00,39977.0,39886.2
2020-08-22 04:00:00+00:00,42175.0,42025.664
2020-08-22 05:00:00+00:00,44466.0,45683.113
2020-08-22 06:00:00+00:00,48066.0,47681.35
2020-08-22 07:00:00+00:00,50344.0,50673.777
2020-08-22 08:00:00+00:00,52113.0,52133.99
2020-08-22 09:00:00+00:00,53543.0,52317.676
2020-08-22 10:00:00+00:00,53524.0,52785.6
2020-08-22 11:00:00+00:00,52150.0,52225.805
2020-08-22 12:00:00+00:00,50442.0,50861.887
2020-08-22 13:00:00+00:00,49535.0,49453.418
2020-08-22 14:00:00+00:00,49154.0,49179.824
2020-08-22 15:00:00+00:00,50050.0,49690.3
2020-08-22 16:00:00+00:00,50695.0,51211.438
2020-08-22 17:00:00+00:00,49446.0,51097.742
2020-08-22 18:00:00+00:00,47061.0,48854.324
2020-08-22 19:00:00+00:00,45865.0,46452.26
2020-08-22 20:00:00+00:00,43843.0,45688.42
2020-08-22 21:00:00+00:00,41583.0,40720.49
2020-08-22 22:00:00+00:00,39024.0,38749.965
2020-08-22 23:00:00+00:00,37981.0,36713.0
2020-08-23 00:00:00+00:00,36659.0,36977.973
2020-08-23 01:00:00+00:00,36291.0,36184.523
2020-08-23 02:00:00+00:00,36081.0,36316.754
2020-08-23 03:00:00+00:00,36231.0,36046.434
2020-08-23 04:00:00+00:00,36855.0,37004.008
2020-08-23 05:00:00+00:00,38228.0,39387.094
2020-08-23 06:00:00+00:00,41124.0,41683.836
2020-08-23 07:00:00+00:00,43856.0,44192.57
2020-08-23 08:00:00+00:00,46706.0,46373.727
2020-08-23 09:00:00+00:00,49083.0,49111.855
2020-08-23 10:00:00+00:00,48313.0,48761.02
2020-08-23 11:00:00+00:00,48084.0,46738.21
2020-08-23 12:00:00+00:00,46866.0,47102.99
2020-08-23 13:00:00+00:00,45070.0,46094.99
2020-08-23 14:00:00+00:00,44564.0,44978.03
2020-08-23 15:00:00+00:00,45965.0,45695.56
2020-08-23 16:00:00+00:00,47009.0,47675.37
2020-08-23 17:00:00+00:00,46182.0,48102.344
2020-08-23 18:00:00+00:00,44965.0,46715.336
2020-08-23 19:00:00+00:00,44571.0,45330.41
2020-08-23 20:00:00+00:00,43486.0,43853.88
2020-08-23 21:00:00+00:00,41473.0,40433.945
2020-08-23 22:00:00+00:00,39574.0,38999.676
2020-08-23 23:00:00+00:00,38372.0,37716.18
2020-08-24 00:00:00+00:00,37817.0,37385.62
2020-08-24 01:00:00+00:00,37652.0,37877.508
2020-08-24 02:00:00+00:00,38539.0,38604.42
2020-08-24 03:00:00+00:00,42418.0,41672.44
2020-08-24 04:00:00+00:00,49257.0,50447.055
2020-08-24 05:00:00+00:00,55077.0,55114.34
2020-08-24 06:00:00+00:00,59140.0,59401.99
2020-08-24 07:00:00+00:00,60497.0,61220.875
2020-08-24 08:00:00+00:00,63159.0,62518.656
2020-08-24 09:00:00+00:00,64724.0,64680.707
2020-08-24 10:00:00+00:00,64668.0,64433.992
2020-08-24 11:00:00+00:00,63686.0,64255.168
2020-08-24 12:00:00+00:00,61518.0,62834.977
2020-08-24 13:00:00+00:00,61003.0,60431.277
2020-08-24 14:00:00+00:00,59865.0,60128.22
2020-08-24 15:00:00+00:00,59103.0,59773.75
2020-08-24 16:00:00+00:00,58648.0,58377.73
2020-08-24 17:00:00+00:00,57553.0,59431.816
2020-08-24 18:00:00+00:00,55402.0,56692.2
2020-08-24 19:00:00+00:00,53265.0,53957.164
2020-08-24 20:00:00+00:00,49436.0,50197.996
2020-08-24 21:00:00+00:00,46191.0,45496.06
2020-08-24 22:00:00+00:00,43803.0,43519.36
2020-08-24 23:00:00+00:00,42855.0,42209.56
2020-08-25 00:00:00+00:00,42040.0,42266.367
2020-08-25 01:00:00+00:00,41933.0,42376.355
2020-08-25 02:00:00+00:00,42607.0,42932.457
2020-08-25 03:00:00+00:00,46063.0,45528.61
2020-08-25 04:00:00+00:00,52386.0,52424.406
2020-08-25 05:00:00+00:00,56865.0,57990.305
2020-08-25 06:00:00+00:00,59969.0,59667.02
2020-08-25 07:00:00+00:00,61490.0,61630.273
2020-08-25 08:00:00+00:00,62527.0,63425.95
2020-08-25 09:00:00+00:00,64116.0,63020.21
2020-08-25 10:00:00+00:00,63975.0,63670.12
2020-08-25 11:00:00+00:00,63172.0,63197.344
2020-08-25 12:00:00+00:00,62399.0,62280.14
2020-08-25 13:00:00+00:00,60980.0,61272.77
2020-08-25 14:00:00+00:00,59774.0,59929.56
2020-08-25 15:00:00+00:00,59783.0,59120.098
2020-08-25 16:00:00+00:00,59420.0,59117.426
2020-08-25 17:00:00+00:00,58508.0,58007.965
2020-08-25 18:00:00+00:00,56607.0,56907.78
2020-08-25 19:00:00+00:00,54695.0,54363.387
2020-08-25 20:00:00+00:00,52206.0,51460.36
2020-08-25 21:00:00+00:00,48023.0,48434.957
2020-08-25 22:00:00+00:00,44764.0,44897.39
2020-08-25 23:00:00+00:00,43702.0,42751.965
2020-08-26 00:00:00+00:00,42754.0,42774.816
2020-08-26 01:00:00+00:00,42845.0,42805.89
2020-08-26 02:00:00+00:00,43847.0,43824.664
2020-08-26 03:00:00+00:00,48040.0,46647.582
2020-08-26 04:00:00+00:00,54488.0,57027.883
2020-08-26 05:00:00+00:00,59396.0,59863.29
2020-08-26 06:00:00+00:00,62753.0,62292.58
2020-08-26 07:00:00+00:00,65702.0,64302.12
2020-08-26 08:00:00+00:00,67871.0,67875.87
2020-08-26 09:00:00+00:00,68656.0,69081.08
2020-08-26 10:00:00+00:00,68264.0,68421.58
2020-08-26 11:00:00+00:00,67372.0,67894.445
2020-08-26 12:00:00+00:00,66067.0,66379.805
2020-08-26 13:00:00+00:00,64683.0,64935.473
2020-08-26 14:00:00+00:00,63724.0,63447.258
2020-08-26 15:00:00+00:00,63521.0,63380.55
2020-08-26 16:00:00+00:00,62784.0,62773.402
2020-08-26 17:00:00+00:00,62168.0,61551.613
2020-08-26 18:00:00+00:00,60663.0,60240.13
2020-08-26 19:00:00+00:00,57295.0,58476.52
2020-08-26 20:00:00+00:00,52615.0,53441.367
2020-08-26 21:00:00+00:00,48629.0,48466.484
2020-08-26 22:00:00+00:00,46255.0,45915.074
2020-08-26 23:00:00+00:00,44549.0,44744.953
2020-08-27 00:00:00+00:00,44530.0,43900.926
2020-08-27 01:00:00+00:00,44142.0,45197.977
2020-08-27 02:00:00+00:00,45389.0,45291.133
2020-08-27 03:00:00+00:00,49181.0,49230.863
2020-08-27 04:00:00+00:00,54923.0,57009.773
2020-08-27 05:00:00+00:00,59323.0,59487.53
2020-08-27 06:00:00+00:00,62841.0,62024.66
2020-08-27 07:00:00+00:00,63176.0,64247.02
2020-08-27 08:00:00+00:00,64720.0,64599.586
2020-08-27 09:00:00+00:00,66329.0,65579.44
2020-08-27 10:00:00+00:00,65456.0,65846.28
2020-08-27 11:00:00+00:00,64110.0,64540.53
2020-08-27 12:00:00+00:00,61664.0,63037.754
2020-08-27 13:00:00+00:00,60101.0,60693.406
2020-08-27 14:00:00+00:00,58640.0,59438.508
2020-08-27 15:00:00+00:00,58493.0,58487.973
2020-08-27 16:00:00+00:00,58512.0,58341.734
2020-08-27 17:00:00+00:00,57252.0,58911.047
2020-08-27 18:00:00+00:00,55664.0,56547.16
2020-08-27 19:00:00+00:00,52438.0,53717.027
2020-08-27 20:00:00+00:00,49227.0,49270.902
2020-08-27 21:00:00+00:00,46116.0,45610.266
2020-08-27 22:00:00+00:00,43295.0,43174.477
2020-08-27 23:00:00+00:00,41853.0,41187.637
2020-08-28 00:00:00+00:00,40772.0,40712.703
2020-08-28 01:00:00+00:00,40902.0,40601.1
2020-08-28 02:00:00+00:00,41710.0,41749.316
2020-08-28 03:00:00+00:00,45402.0,43449.72
2020-08-28 04:00:00+00:00,52417.0,51931.36
2020-08-28 05:00:00+00:00,57014.0,58012.465
2020-08-28 06:00:00+00:00,59690.0,60229.29
2020-08-28 07:00:00+00:00,61366.0,61218.566
2020-08-28 08:00:00+00:00,63017.0,63383.562
2020-08-28 09:00:00+00:00,64133.0,63907.508
2020-08-28 10:00:00+00:00,64544.0,63462.31
2020-08-28 11:00:00+00:00,63300.0,63958.926
2020-08-28 12:00:00+00:00,59620.0,62289.086
2020-08-28 13:00:00+00:00,58933.0,58519.887
2020-08-28 14:00:00+00:00,57778.0,58345.082
2020-08-28 15:00:00+00:00,57208.0,57351.633
2020-08-28 16:00:00+00:00,56372.0,56329.375
2020-08-28 17:00:00+00:00,55134.0,55427.492
2020-08-28 18:00:00+00:00,53852.0,53790.734
2020-08-28 19:00:00+00:00,51542.0,52568.883
2020-08-28 20:00:00+00:00,47300.0,48424.56
2020-08-28 21:00:00+00:00,44223.0,43661.73
2020-08-28 22:00:00+00:00,41728.0,41648.047
2020-08-28 23:00:00+00:00,40008.0,39980.82
2020-08-29 00:00:00+00:00,38829.0,38932.13
2020-08-29 01:00:00+00:00,39071.0,38377.473
2020-08-29 02:00:00+00:00,38523.0,39746.88
2020-08-29 03:00:00+00:00,38849.0,38776.496
2020-08-29 04:00:00+00:00,40675.0,39653.09
2020-08-29 05:00:00+00:00,43057.0,44427.332
2020-08-29 06:00:00+00:00,46166.0,46593.6
2020-08-29 07:00:00+00:00,49195.0,48858.625
2020-08-29 08:00:00+00:00,51154.0,50865.594
2020-08-29 09:00:00+00:00,52156.0,51717.492
2020-08-29 10:00:00+00:00,52347.0,51101.5
2020-08-29 11:00:00+00:00,50217.0,50743.473
2020-08-29 12:00:00+00:00,49152.0,48734.594
2020-08-29 13:00:00+00:00,48417.0,48360.14
2020-08-29 14:00:00+00:00,47872.0,48248.24
2020-08-29 15:00:00+00:00,48523.0,48690.4
2020-08-29 16:00:00+00:00,48792.0,49585.06
2020-08-29 17:00:00+00:00,47831.0,49017.07
2020-08-29 18:00:00+00:00,46590.0,47492.027
2020-08-29 19:00:00+00:00,44887.0,45860.207
2020-08-29 20:00:00+00:00,42443.0,44049.76
2020-08-29 21:00:00+00:00,39637.0,39327.38
2020-08-29 22:00:00+00:00,37614.0,36930.11
2020-08-29 23:00:00+00:00,36362.0,35903.383
2020-08-30 00:00:00+00:00,35428.0,35566.414
2020-08-30 01:00:00+00:00,34807.0,35196.008
2020-08-30 02:00:00+00:00,34625.0,34583.145
2020-08-30 03:00:00+00:00,35379.0,34805.977
2020-08-30 04:00:00+00:00,36097.0,36502.6
2020-08-30 05:00:00+00:00,36870.0,38651.07
2020-08-30 06:00:00+00:00,39591.0,40403.5
2020-08-30 07:00:00+00:00,42434.0,42891.074
2020-08-30 08:00:00+00:00,45472.0,45043.59
2020-08-30 09:00:00+00:00,47775.0,47318.293
2020-08-30 10:00:00+00:00,47919.0,47040.906
2020-08-30 11:00:00+00:00,46491.0,46416.906
2020-08-30 12:00:00+00:00,44657.0,45238.34
2020-08-30 13:00:00+00:00,43887.0,43783.297
2020-08-30 14:00:00+00:00,43897.0,43951.86
2020-08-30 15:00:00+00:00,45375.0,45145.13
2020-08-30 16:00:00+00:00,46359.0,46807.094
2020-08-30 17:00:00+00:00,46306.0,46944.26
2020-08-30 18:00:00+00:00,46182.0,46739.105
2020-08-30 19:00:00+00:00,44860.0,45385.4
2020-08-30 20:00:00+00:00,43234.0,43516.344
2020-08-30 21:00:00+00:00,40621.0,40238.188
2020-08-30 22:00:00+00:00,39327.0,38019.457
2020-08-30 23:00:00+00:00,38254.0,37752.684
2020-08-31 00:00:00+00:00,37722.0,37455.605
2020-08-31 01:00:00+00:00,37789.0,37946.152
2020-08-31 02:00:00+00:00,39668.0,39060.58
2020-08-31 03:00:00+00:00,44205.0,44301.3
2020-08-31 04:00:00+00:00,52216.0,52604.125
2020-08-31 05:00:00+00:00,57265.0,58153.31
2020-08-31 06:00:00+00:00,60173.0,60712.824
2020-08-31 07:00:00+00:00,61367.0,61797.453
2020-08-31 08:00:00+00:00,62832.0,63471.68
2020-08-31 09:00:00+00:00,63789.0,63718.39
2020-08-31 10:00:00+00:00,64472.0,63225.543
2020-08-31 11:00:00+00:00,63139.0,64011.152
2020-08-31 12:00:00+00:00,62301.0,62138.945
2020-08-31 13:00:00+00:00,60358.0,61152.69
2020-08-31 14:00:00+00:00,59044.0,59357.883
2020-08-31 15:00:00+00:00,59327.0,58710.543
2020-08-31 16:00:00+00:00,58748.0,59380.137
2020-08-31 17:00:00+00:00,57982.0,58960.1
2020-08-31 18:00:00+00:00,56710.0,57626.71
2020-08-31 19:00:00+00:00,53570.0,54435.773
2020-08-31 20:00:00+00:00,49860.0,49628.887
2020-08-31 21:00:00+00:00,46168.0,45993.203
2020-08-31 22:00:00+00:00,43344.0,43575.527
2020-08-31 23:00:00+00:00,41690.0,41807.06
2020-09-01 00:00:00+00:00,40835.0,40831.547
2020-09-01 01:00:00+00:00,41159.0,40859.74
2020-09-01 02:00:00+00:00,42443.0,42286.242
2020-09-01 03:00:00+00:00,46106.0,45762.83
2020-09-01 04:00:00+00:00,54352.0,53169.082
2020-09-01 05:00:00+00:00,58810.0,60512.82
2020-09-01 06:00:00+00:00,61505.0,61647.887
2020-09-01 07:00:00+00:00,62122.0,62827.86
2020-09-01 08:00:00+00:00,63593.0,63908.68
2020-09-01 09:00:00+00:00,65152.0,64808.85
2020-09-01 10:00:00+00:00,65228.0,64534.977
2020-09-01 11:00:00+00:00,64302.0,64638.516
2020-09-01 12:00:00+00:00,62853.0,63238.92
2020-09-01 13:00:00+00:00,61658.0,61725.37
2020-09-01 14:00:00+00:00,59947.0,60593.13
2020-09-01 15:00:00+00:00,59992.0,59513.89
2020-09-01 16:00:00+00:00,59691.0,59583.977
2020-09-01 17:00:00+00:00,58615.0,58650.293
2020-09-01 18:00:00+00:00,57861.0,57242.164
2020-09-01 19:00:00+00:00,54930.0,55750.066
2020-09-01 20:00:00+00:00,50483.0,51045.22
2020-09-01 21:00:00+00:00,46427.0,46414.363
2020-09-01 22:00:00+00:00,43933.0,43661.867
2020-09-01 23:00:00+00:00,41983.0,42384.97
2020-09-02 00:00:00+00:00,41148.0,41109.89
2020-09-02 01:00:00+00:00,41058.0,41277.066
2020-09-02 02:00:00+00:00,42365.0,41888.035
2020-09-02 03:00:00+00:00,46139.0,45926.855
2020-09-02 04:00:00+00:00,53911.0,53246.418
2020-09-02 05:00:00+00:00,58697.0,59655.83
2020-09-02 06:00:00+00:00,61084.0,61700.93
2020-09-02 07:00:00+00:00,61796.0,62367.63
2020-09-02 08:00:00+00:00,63550.0,63537.664
2020-09-02 09:00:00+00:00,65110.0,64888.76
2020-09-02 10:00:00+00:00,64772.0,64428.832
2020-09-02 11:00:00+00:00,64089.0,64121.7
2020-09-02 12:00:00+00:00,63227.0,63014.12
2020-09-02 13:00:00+00:00,61143.0,62077.023
2020-09-02 14:00:00+00:00,60156.0,59937.73
2020-09-02 15:00:00+00:00,59357.0,59960.87
2020-09-02 16:00:00+00:00,58391.0,58768.47
2020-09-02 17:00:00+00:00,57805.0,57378.56
2020-09-02 18:00:00+00:00,56916.0,57862.758
2020-09-02 19:00:00+00:00,54449.0,54873.418
2020-09-02 20:00:00+00:00,50219.0,50673.68
2020-09-02 21:00:00+00:00,46390.0,46234.65
2020-09-02 22:00:00+00:00,43920.0,43644.508
2020-09-02 23:00:00+00:00,42169.0,42346.36
2020-09-03 00:00:00+00:00,41333.0,41335.83
2020-09-03 01:00:00+00:00,41304.0,41454.02
2020-09-03 02:00:00+00:00,42761.0,42191.914
2020-09-03 03:00:00+00:00,46360.0,46614.742
2020-09-03 04:00:00+00:00,53372.0,52970.996
2020-09-03 05:00:00+00:00,57743.0,58973.64
2020-09-03 06:00:00+00:00,61055.0,60606.41
2020-09-03 07:00:00+00:00,62404.0,62623.535
2020-09-03 08:00:00+00:00,64315.0,64336.344
2020-09-03 09:00:00+00:00,66112.0,65538.6
2020-09-03 10:00:00+00:00,65068.0,65738.78
2020-09-03 11:00:00+00:00,63880.0,64480.07
2020-09-03 12:00:00+00:00,63284.0,62883.453
2020-09-03 13:00:00+00:00,62019.0,62121.652
2020-09-03 14:00:00+00:00,61252.0,60793.094
2020-09-03 15:00:00+00:00,60698.0,60915.516
2020-09-03 16:00:00+00:00,60126.0,60096.28
2020-09-03 17:00:00+00:00,59339.0,58897.46
2020-09-03 18:00:00+00:00,59105.0,58115.02
2020-09-03 19:00:00+00:00,56050.0,56628.535
2020-09-03 20:00:00+00:00,52429.0,51719.664
2020-09-03 21:00:00+00:00,47918.0,48529.58
2020-09-03 22:00:00+00:00,44991.0,44932.78
2020-09-03 23:00:00+00:00,43224.0,43338.527
2020-09-04 00:00:00+00:00,42141.0,42336.594
2020-09-04 01:00:00+00:00,41979.0,42274.637
2020-09-04 02:00:00+00:00,43368.0,42702.223
2020-09-04 03:00:00+00:00,46766.0,46947.863
2020-09-04 04:00:00+00:00,52911.0,53762.902
2020-09-04 05:00:00+00:00,57091.0,58248.742
2020-09-04 06:00:00+00:00,60061.0,60296.26
2020-09-04 07:00:00+00:00,61400.0,61606.203
2020-09-04 08:00:00+00:00,62700.0,63049.258
2020-09-04 09:00:00+00:00,63375.0,63924.81
2020-09-04 10:00:00+00:00,63050.0,62834.586
2020-09-04 11:00:00+00:00,62757.0,62219.902
2020-09-04 12:00:00+00:00,60848.0,61641.3
2020-09-04 13:00:00+00:00,59558.0,59654.836
2020-09-04 14:00:00+00:00,57596.0,58571.215
2020-09-04 15:00:00+00:00,56455.0,57252.168
2020-09-04 16:00:00+00:00,55364.0,56125.566
2020-09-04 17:00:00+00:00,54456.0,54488.56
2020-09-04 18:00:00+00:00,53892.0,54883.516
2020-09-04 19:00:00+00:00,50952.0,52910.227
2020-09-04 20:00:00+00:00,46944.0,47739.2
2020-09-04 21:00:00+00:00,44142.0,43511.926
2020-09-04 22:00:00+00:00,41569.0,41599.816
2020-09-04 23:00:00+00:00,40170.0,39734.457
2020-09-05 00:00:00+00:00,39036.0,39171.9
2020-09-05 01:00:00+00:00,38325.0,38724.78
2020-09-05 02:00:00+00:00,38011.0,38444.63
2020-09-05 03:00:00+00:00,39257.0,37939.945
2020-09-05 04:00:00+00:00,41209.0,42017.562
2020-09-05 05:00:00+00:00,43517.0,44637.582
2020-09-05 06:00:00+00:00,47340.0,46835.17
2020-09-05 07:00:00+00:00,50930.0,50174.86
2020-09-05 08:00:00+00:00,52664.0,52920.992
2020-09-05 09:00:00+00:00,53489.0,53974.824
2020-09-05 10:00:00+00:00,52485.0,52714.914
2020-09-05 11:00:00+00:00,51049.0,51001.1
2020-09-05 12:00:00+00:00,50396.0,49913.72
2020-09-05 13:00:00+00:00,49491.0,49574.31
2020-09-05 14:00:00+00:00,48650.0,49017.83
2020-09-05 15:00:00+00:00,49364.0,49137.906
2020-09-05 16:00:00+00:00,49540.0,50080.2
2020-09-05 17:00:00+00:00,48679.0,49119.684
2020-09-05 18:00:00+00:00,48161.0,47875.19
2020-09-05 19:00:00+00:00,45431.0,47235.418
2020-09-05 20:00:00+00:00,43339.0,43659.773
2020-09-05 21:00:00+00:00,40615.0,40401.594
2020-09-05 22:00:00+00:00,38462.0,38114.93
2020-09-05 23:00:00+00:00,37246.0,36889.473
2020-09-06 00:00:00+00:00,36181.0,36428.25
2020-09-06 01:00:00+00:00,35590.0,35802.61
2020-09-06 02:00:00+00:00,35279.0,35406.773
2020-09-06 03:00:00+00:00,35694.0,34776.69
2020-09-06 04:00:00+00:00,36783.0,37012.88
2020-09-06 05:00:00+00:00,38353.0,39610.96
2020-09-06 06:00:00+00:00,41554.0,41843.566
2020-09-06 07:00:00+00:00,44730.0,44318.21
2020-09-06 08:00:00+00:00,46869.0,47421.008
2020-09-06 09:00:00+00:00,48801.0,48427.613
2020-09-06 10:00:00+00:00,49120.0,48119.184
2020-09-06 11:00:00+00:00,47217.0,47688.62
2020-09-06 12:00:00+00:00,46088.0,45860.02
2020-09-06 13:00:00+00:00,44905.0,45399.938
2020-09-06 14:00:00+00:00,44662.0,44741.844
2020-09-06 15:00:00+00:00,46181.0,45895.766
2020-09-06 16:00:00+00:00,46931.0,47587.332
2020-09-06 17:00:00+00:00,46517.0,47660.85
2020-09-06 18:00:00+00:00,46720.0,47206.547
2020-09-06 19:00:00+00:00,44790.0,46183.18
2020-09-06 20:00:00+00:00,43130.0,43678.57
2020-09-06 21:00:00+00:00,40774.0,40174.85
2020-09-06 22:00:00+00:00,39037.0,38261.27
2020-09-06 23:00:00+00:00,37922.0,37439.594
2020-09-07 00:00:00+00:00,37307.0,37191.51
2020-09-07 01:00:00+00:00,37715.0,37404.734
2020-09-07 02:00:00+00:00,39212.0,39343.734
2020-09-07 03:00:00+00:00,43394.0,43357.734
2020-09-07 04:00:00+00:00,51443.0,51096.695
2020-09-07 05:00:00+00:00,55886.0,57531.86
2020-09-07 06:00:00+00:00,58575.0,59160.133
2020-09-07 07:00:00+00:00,60378.0,60187.3
2020-09-07 08:00:00+00:00,62038.0,62516.082
2020-09-07 09:00:00+00:00,63456.0,62661.445
2020-09-07 10:00:00+00:00,63879.0,62890.69
2020-09-07 11:00:00+00:00,62510.0,63310.74
2020-09-07 12:00:00+00:00,60541.0,61606.047
2020-09-07 13:00:00+00:00,60166.0,59362.555
2020-09-07 14:00:00+00:00,58414.0,59543.766
2020-09-07 15:00:00+00:00,57682.0,57966.887
2020-09-07 16:00:00+00:00,57444.0,56978.082
2020-09-07 17:00:00+00:00,57153.0,58357.35
2020-09-07 18:00:00+00:00,56586.0,56637.098
2020-09-07 19:00:00+00:00,53309.0,54101.7
2020-09-07 20:00:00+00:00,49656.0,49216.633
2020-09-07 21:00:00+00:00,45691.0,45801.598
2020-09-07 22:00:00+00:00,43756.0,43083.906
2020-09-07 23:00:00+00:00,42185.0,42398.94
2020-09-08 00:00:00+00:00,41621.0,41453.195
2020-09-08 01:00:00+00:00,42072.0,41985.38
2020-09-08 02:00:00+00:00,42863.0,43512.348
2020-09-08 03:00:00+00:00,46639.0,45983.47
2020-09-08 04:00:00+00:00,54693.0,53324.703
2020-09-08 05:00:00+00:00,59463.0,60667.312
2020-09-08 06:00:00+00:00,61827.0,61969.37
2020-09-08 07:00:00+00:00,62723.0,63081.03
2020-09-08 08:00:00+00:00,64898.0,64431.527
2020-09-08 09:00:00+00:00,66253.0,66179.88
2020-09-08 10:00:00+00:00,66090.0,65629.945
2020-09-08 11:00:00+00:00,65903.0,65657.76
2020-09-08 12:00:00+00:00,63581.0,64831.934
2020-09-08 13:00:00+00:00,62252.0,62262.48
2020-09-08 14:00:00+00:00,60297.0,61226.895
2020-09-08 15:00:00+00:00,59311.0,59922.023
2020-09-08 16:00:00+00:00,59124.0,58837.383
2020-09-08 17:00:00+00:00,58041.0,58449.914
2020-09-08 18:00:00+00:00,57532.0,57182.43
2020-09-08 19:00:00+00:00,53970.0,55553.44
2020-09-08 20:00:00+00:00,50116.0,50173.316
2020-09-08 21:00:00+00:00,46505.0,46392.645
2020-09-08 22:00:00+00:00,44344.0,43825.88
2020-09-08 23:00:00+00:00,42806.0,42838.574
2020-09-09 00:00:00+00:00,41570.0,42059.465
2020-09-09 01:00:00+00:00,41545.0,41486.73
2020-09-09 02:00:00+00:00,43054.0,42426.957
2020-09-09 03:00:00+00:00,46229.0,46995.793
2020-09-09 04:00:00+00:00,53281.0,52366.625
2020-09-09 05:00:00+00:00,57877.0,58832.496
2020-09-09 06:00:00+00:00,61014.0,60979.477
2020-09-09 07:00:00+00:00,62340.0,62606.22
2020-09-09 08:00:00+00:00,64443.0,64337.66
2020-09-09 09:00:00+00:00,66702.0,65753.93
2020-09-09 10:00:00+00:00,66148.0,66352.15
2020-09-09 11:00:00+00:00,65552.0,65667.92
2020-09-09 12:00:00+00:00,63825.0,64618.098
2020-09-09 13:00:00+00:00,63020.0,62672.184
2020-09-09 14:00:00+00:00,61350.0,61916.438
2020-09-09 15:00:00+00:00,59957.0,60961.137
2020-09-09 16:00:00+00:00,59348.0,59182.95
2020-09-09 17:00:00+00:00,58282.0,58365.82
2020-09-09 18:00:00+00:00,58085.0,57583.71
2020-09-09 19:00:00+00:00,54629.0,56335.402
2020-09-09 20:00:00+00:00,51044.0,50673.31
2020-09-09 21:00:00+00:00,47960.0,47320.39
2020-09-09 22:00:00+00:00,44205.0,45252.258
2020-09-09 23:00:00+00:00,42980.0,42238.094
2020-09-10 00:00:00+00:00,41876.0,42258.75
2020-09-10 01:00:00+00:00,42103.0,41748.344
2020-09-10 02:00:00+00:00,42966.0,43201.473
2020-09-10 03:00:00+00:00,46809.0,45997.055
2020-09-10 04:00:00+00:00,54858.0,54207.555
2020-09-10 05:00:00+00:00,59102.0,61365.07
2020-09-10 06:00:00+00:00,61347.0,62025.113
2020-09-10 07:00:00+00:00,62100.0,62721.305
2020-09-10 08:00:00+00:00,63986.0,64167.168
2020-09-10 09:00:00+00:00,65126.0,65175.723
2020-09-10 10:00:00+00:00,64547.0,64518.473
2020-09-10 11:00:00+00:00,63899.0,64020.066
2020-09-10 12:00:00+00:00,62321.0,62854.562
2020-09-10 13:00:00+00:00,60624.0,61257.355
2020-09-10 14:00:00+00:00,58781.0,59538.176
2020-09-10 15:00:00+00:00,58352.0,58401.59
2020-09-10 16:00:00+00:00,57625.0,57919.11
2020-09-10 17:00:00+00:00,57571.0,56604.082
2020-09-10 18:00:00+00:00,57187.0,56970.344
2020-09-10 19:00:00+00:00,53236.0,54860.88
2020-09-10 20:00:00+00:00,49633.0,49379.86
2020-09-10 21:00:00+00:00,45873.0,45944.977
2020-09-10 22:00:00+00:00,43694.0,43088.684
2020-09-10 23:00:00+00:00,41977.0,42146.266
2020-09-11 00:00:00+00:00,41213.0,41066.17
2020-09-11 01:00:00+00:00,41482.0,41361.19
2020-09-11 02:00:00+00:00,42513.0,42768.797
2020-09-11 03:00:00+00:00,45646.0,45631.34
2020-09-11 04:00:00+00:00,52807.0,51810.707
2020-09-11 05:00:00+00:00,56492.0,58182.84
2020-09-11 06:00:00+00:00,59471.0,59242.23
2020-09-11 07:00:00+00:00,61009.0,60984.55
2020-09-11 08:00:00+00:00,62018.0,62839.625
2020-09-11 09:00:00+00:00,62865.0,63010.25
2020-09-11 10:00:00+00:00,63034.0,62191.805
2020-09-11 11:00:00+00:00,61797.0,62303.785
2020-09-11 12:00:00+00:00,60177.0,60711.96
2020-09-11 13:00:00+00:00,58595.0,59036.336
2020-09-11 14:00:00+00:00,56825.0,57826.125
2020-09-11 15:00:00+00:00,56734.0,56478.39
2020-09-11 16:00:00+00:00,56154.0,56515.83
2020-09-11 17:00:00+00:00,55347.0,55058.496
2020-09-11 18:00:00+00:00,54653.0,54480.938
2020-09-11 19:00:00+00:00,50324.0,52765.414
2020-09-11 20:00:00+00:00,46501.0,46897.055
2020-09-11 21:00:00+00:00,43216.0,43190.785
2020-09-11 22:00:00+00:00,41488.0,40675.863
2020-09-11 23:00:00+00:00,40199.0,39922.95
2020-09-12 00:00:00+00:00,39012.0,39288.035
2020-09-12 01:00:00+00:00,38496.0,38752.586
2020-09-12 02:00:00+00:00,38511.0,38871.918
2020-09-12 03:00:00+00:00,38961.0,39402.1
2020-09-12 04:00:00+00:00,40988.0,40588.973
2020-09-12 05:00:00+00:00,43540.0,44470.36
2020-09-12 06:00:00+00:00,47747.0,46734.066
2020-09-12 07:00:00+00:00,50672.0,50402.156
2020-09-12 08:00:00+00:00,52223.0,52374.32
2020-09-12 09:00:00+00:00,53639.0,53280.758
2020-09-12 10:00:00+00:00,54293.0,52689.184
2020-09-12 11:00:00+00:00,52991.0,52888.777
2020-09-12 12:00:00+00:00,51705.0,51637.293
2020-09-12 13:00:00+00:00,50929.0,50676.582
2020-09-12 14:00:00+00:00,49832.0,50916.227
2020-09-12 15:00:00+00:00,49801.0,50364.273
2020-09-12 16:00:00+00:00,49847.0,50213.734
2020-09-12 17:00:00+00:00,49279.0,50077.414
2020-09-12 18:00:00+00:00,48259.0,48707.914
2020-09-12 19:00:00+00:00,45325.0,47416.176
2020-09-12 20:00:00+00:00,43407.0,44329.78
2020-09-12 21:00:00+00:00,40703.0,40636.934
2020-09-12 22:00:00+00:00,37610.0,37937.164
2020-09-12 23:00:00+00:00,36201.0,35380.086
2020-09-13 00:00:00+00:00,35405.0,34841.78
2020-09-13 01:00:00+00:00,34323.0,34812.152
2020-09-13 02:00:00+00:00,34206.0,33808.344
2020-09-13 03:00:00+00:00,34982.0,34086.24
2020-09-13 04:00:00+00:00,35993.0,36481.75
2020-09-13 05:00:00+00:00,37634.0,37875.535
2020-09-13 06:00:00+00:00,41439.0,40955.324
2020-09-13 07:00:00+00:00,44975.0,44739.953
2020-09-13 08:00:00+00:00,47250.0,47402.598
2020-09-13 09:00:00+00:00,49450.0,49633.5
2020-09-13 10:00:00+00:00,49458.0,49139.39
2020-09-13 11:00:00+00:00,48291.0,47912.926
2020-09-13 12:00:00+00:00,46786.0,46874.242
2020-09-13 13:00:00+00:00,45523.0,45764.64
2020-09-13 14:00:00+00:00,44672.0,45278.64
2020-09-13 15:00:00+00:00,45231.0,45456.12
2020-09-13 16:00:00+00:00,46086.0,46606.617
2020-09-13 17:00:00+00:00,45708.0,47129.477
2020-09-13 18:00:00+00:00,46596.0,46913.914
2020-09-13 19:00:00+00:00,44467.0,46560.285
2020-09-13 20:00:00+00:00,42772.0,43781.98
2020-09-13 21:00:00+00:00,40681.0,40000.402
2020-09-13 22:00:00+00:00,38451.0,38199.816
2020-09-13 23:00:00+00:00,37039.0,36670.09
2020-09-14 00:00:00+00:00,36395.0,35999.973
2020-09-14 01:00:00+00:00,36709.0,36141.895
2020-09-14 02:00:00+00:00,38297.0,37843.93
2020-09-14 03:00:00+00:00,42456.0,42120.36
2020-09-14 04:00:00+00:00,50857.0,50322.23
2020-09-14 05:00:00+00:00,56266.0,56962.625
2020-09-14 06:00:00+00:00,59312.0,59996.797
2020-09-14 07:00:00+00:00,61043.0,60768.96
2020-09-14 08:00:00+00:00,63019.0,63137.844
2020-09-14 09:00:00+00:00,64592.0,64085.996
2020-09-14 10:00:00+00:00,64641.0,64086.684
2020-09-14 11:00:00+00:00,64079.0,64173.617
2020-09-14 12:00:00+00:00,62412.0,63224.957
2020-09-14 13:00:00+00:00,61748.0,61213.824
2020-09-14 14:00:00+00:00,59979.0,60696.797
2020-09-14 15:00:00+00:00,58967.0,59670.688
2020-09-14 16:00:00+00:00,58441.0,58403.1
2020-09-14 17:00:00+00:00,58219.0,58757.047
2020-09-14 18:00:00+00:00,57532.0,58042.92
2020-09-14 19:00:00+00:00,53862.0,55109.24
2020-09-14 20:00:00+00:00,50053.0,49829.63
2020-09-14 21:00:00+00:00,46650.0,46215.723
2020-09-14 22:00:00+00:00,43809.0,44113.81
2020-09-14 23:00:00+00:00,42541.0,42350.46
2020-09-15 00:00:00+00:00,41632.0,41967.74
2020-09-15 01:00:00+00:00,41680.0,41865.895
2020-09-15 02:00:00+00:00,42772.0,42736.086
2020-09-15 03:00:00+00:00,46250.0,46202.72
2020-09-15 04:00:00+00:00,54094.0,52986.6
2020-09-15 05:00:00+00:00,58287.0,60242.49
2020-09-15 06:00:00+00:00,61466.0,61079.9
2020-09-15 07:00:00+00:00,62939.0,62942.145
2020-09-15 08:00:00+00:00,64498.0,64840.79
2020-09-15 09:00:00+00:00,65654.0,65710.81
2020-09-15 10:00:00+00:00,65518.0,65171.45
2020-09-15 11:00:00+00:00,65141.0,65021.387
2020-09-15 12:00:00+00:00,63618.0,64127.875
2020-09-15 13:00:00+00:00,62237.0,62350.95
2020-09-15 14:00:00+00:00,60551.0,61211.266
2020-09-15 15:00:00+00:00,59796.0,60154.79
2020-09-15 16:00:00+00:00,58809.0,59299.188
2020-09-15 17:00:00+00:00,58540.0,57561.758
2020-09-15 18:00:00+00:00,57269.0,58175.707
2020-09-15 19:00:00+00:00,53377.0,55227.215
2020-09-15 20:00:00+00:00,49819.0,49642.375
2020-09-15 21:00:00+00:00,46360.0,46235.848
2020-09-15 22:00:00+00:00,44081.0,43739.5
2020-09-15 23:00:00+00:00,42444.0,42566.04
2020-09-16 00:00:00+00:00,41551.0,41616.676
2020-09-16 01:00:00+00:00,41578.0,41549.754
2020-09-16 02:00:00+00:00,42521.0,42569.953
2020-09-16 03:00:00+00:00,45944.0,45803.67
2020-09-16 04:00:00+00:00,53605.0,52446.527
2020-09-16 05:00:00+00:00,58096.0,59471.508
2020-09-16 06:00:00+00:00,61497.0,61042.617
2020-09-16 07:00:00+00:00,62838.0,63072.41
2020-09-16 08:00:00+00:00,63962.0,64894.824
2020-09-16 09:00:00+00:00,65619.0,64924.812
2020-09-16 10:00:00+00:00,65801.0,65203.0
2020-09-16 11:00:00+00:00,64900.0,65287.42
2020-09-16 12:00:00+00:00,63729.0,63953.09
2020-09-16 13:00:00+00:00,62596.0,62561.56
2020-09-16 14:00:00+00:00,61344.0,61621.332
2020-09-16 15:00:00+00:00,60892.0,60886.707
2020-09-16 16:00:00+00:00,60849.0,60272.8
2020-09-16 17:00:00+00:00,61343.0,59823.176
2020-09-16 18:00:00+00:00,59940.0,59990.65
2020-09-16 19:00:00+00:00,56139.0,57107.453
2020-09-16 20:00:00+00:00,51884.0,52306.656
2020-09-16 21:00:00+00:00,48478.0,47846.812
2020-09-16 22:00:00+00:00,46378.0,45662.07
2020-09-16 23:00:00+00:00,45357.0,44761.477
2020-09-17 00:00:00+00:00,43952.0,44747.82
2020-09-17 01:00:00+00:00,43839.0,43958.03
2020-09-17 02:00:00+00:00,44470.0,44850.81
2020-09-17 03:00:00+00:00,47501.0,47469.566
2020-09-17 04:00:00+00:00,55382.0,53968.375
2020-09-17 05:00:00+00:00,60155.0,60719.758
2020-09-17 06:00:00+00:00,63078.0,62942.332
2020-09-17 07:00:00+00:00,63335.0,64349.223
2020-09-17 08:00:00+00:00,64280.0,64704.03
2020-09-17 09:00:00+00:00,65640.0,65435.42
2020-09-17 10:00:00+00:00,65082.0,65121.47
2020-09-17 11:00:00+00:00,63821.0,64305.81
2020-09-17 12:00:00+00:00,62876.0,62809.883
2020-09-17 13:00:00+00:00,62007.0,61901.516
2020-09-17 14:00:00+00:00,59575.0,60786.1
2020-09-17 15:00:00+00:00,59689.0,59051.836
2020-09-17 16:00:00+00:00,59649.0,59694.336
2020-09-17 17:00:00+00:00,59681.0,59548.582
2020-09-17 18:00:00+00:00,58611.0,58213.863
2020-09-17 19:00:00+00:00,54738.0,55747.555
2020-09-17 20:00:00+00:00,50547.0,51235.426
2020-09-17 21:00:00+00:00,46623.0,46630.1
2020-09-17 22:00:00+00:00,44739.0,43477.824
2020-09-17 23:00:00+00:00,43174.0,42994.527
2020-09-18 00:00:00+00:00,42347.0,42231.69
2020-09-18 01:00:00+00:00,42437.0,42578.383
2020-09-18 02:00:00+00:00,43554.0,43750.188
2020-09-18 03:00:00+00:00,47296.0,47242.26
2020-09-18 04:00:00+00:00,54626.0,54816.844
2020-09-18 05:00:00+00:00,58860.0,59757.113
2020-09-18 06:00:00+00:00,61695.0,61427.3
2020-09-18 07:00:00+00:00,62648.0,62969.387
2020-09-18 08:00:00+00:00,63143.0,64313.27
2020-09-18 09:00:00+00:00,63735.0,63936.97
2020-09-18 10:00:00+00:00,64082.0,63122.465
2020-09-18 11:00:00+00:00,62598.0,63307.703
2020-09-18 12:00:00+00:00,60866.0,61441.254
2020-09-18 13:00:00+00:00,59747.0,59845.844
2020-09-18 14:00:00+00:00,58233.0,58972.93
2020-09-18 15:00:00+00:00,57884.0,57858.34
2020-09-18 16:00:00+00:00,57565.0,57635.793
2020-09-18 17:00:00+00:00,57314.0,56877.816
2020-09-18 18:00:00+00:00,56521.0,56140.06
2020-09-18 19:00:00+00:00,53040.0,53907.18
2020-09-18 20:00:00+00:00,49312.0,49238.24
2020-09-18 21:00:00+00:00,45543.0,45583.78
2020-09-18 22:00:00+00:00,43487.0,42634.31
2020-09-18 23:00:00+00:00,41355.0,41778.94
2020-09-19 00:00:00+00:00,39985.0,40119.215
2020-09-19 01:00:00+00:00,39605.0,39648.516
2020-09-19 02:00:00+00:00,39523.0,39814.08
2020-09-19 03:00:00+00:00,40584.0,39813.625
2020-09-19 04:00:00+00:00,42628.0,42939.574
2020-09-19 05:00:00+00:00,45254.0,45928.273
2020-09-19 06:00:00+00:00,49068.0,48897.816
2020-09-19 07:00:00+00:00,51944.0,52106.37
2020-09-19 08:00:00+00:00,53379.0,53725.27
2020-09-19 09:00:00+00:00,53777.0,54626.77
2020-09-19 10:00:00+00:00,53227.0,53033.484
2020-09-19 11:00:00+00:00,51552.0,51828.04
2020-09-19 12:00:00+00:00,50194.0,50219.367
2020-09-19 13:00:00+00:00,49083.0,49314.617
2020-09-19 14:00:00+00:00,48891.0,48739.043
2020-09-19 15:00:00+00:00,49334.0,49618.36
2020-09-19 16:00:00+00:00,50000.0,49721.324
2020-09-19 17:00:00+00:00,50112.0,49560.42
2020-09-19 18:00:00+00:00,49337.0,48866.297
2020-09-19 19:00:00+00:00,46676.0,47814.47
2020-09-19 20:00:00+00:00,44700.0,44376.79
2020-09-19 21:00:00+00:00,41734.0,41494.605
2020-09-19 22:00:00+00:00,39264.0,38906.35
2020-09-19 23:00:00+00:00,37383.0,37459.004
2020-09-20 00:00:00+00:00,36538.0,36293.785
2020-09-20 01:00:00+00:00,35939.0,36239.664
2020-09-20 02:00:00+00:00,36223.0,35645.027
2020-09-20 03:00:00+00:00,36894.0,36250.66
2020-09-20 04:00:00+00:00,37700.0,38091.95
2020-09-20 05:00:00+00:00,38595.0,40159.16
2020-09-20 06:00:00+00:00,42179.0,42171.906
2020-09-20 07:00:00+00:00,44957.0,45441.375
2020-09-20 08:00:00+00:00,46981.0,47367.848
2020-09-20 09:00:00+00:00,48664.0,49342.77
2020-09-20 10:00:00+00:00,48536.0,48437.438
2020-09-20 11:00:00+00:00,46855.0,46893.156
2020-09-20 12:00:00+00:00,45044.0,45384.48
2020-09-20 13:00:00+00:00,44108.0,44134.016
2020-09-20 14:00:00+00:00,44042.0,44023.453
2020-09-20 15:00:00+00:00,45629.0,45234.56
2020-09-20 16:00:00+00:00,47479.0,47437.266
2020-09-20 17:00:00+00:00,48705.0,48996.74
2020-09-20 18:00:00+00:00,48311.0,49033.0
2020-09-20 19:00:00+00:00,45807.0,47045.723
2020-09-20 20:00:00+00:00,44338.0,44730.24
2020-09-20 21:00:00+00:00,41585.0,41207.438
2020-09-20 22:00:00+00:00,39501.0,39083.2
2020-09-20 23:00:00+00:00,38735.0,37901.715
2020-09-21 00:00:00+00:00,38047.0,38260.223
2020-09-21 01:00:00+00:00,38184.0,38263.477
2020-09-21 02:00:00+00:00,39637.0,39693.152
2020-09-21 03:00:00+00:00,43867.0,43167.727
2020-09-21 04:00:00+00:00,53213.0,52145.41
2020-09-21 05:00:00+00:00,58767.0,59761.586
2020-09-21 06:00:00+00:00,61399.0,61770.914
2020-09-21 07:00:00+00:00,62086.0,62617.51
2020-09-21 08:00:00+00:00,63166.0,63855.473
2020-09-21 09:00:00+00:00,64679.0,64532.58
2020-09-21 10:00:00+00:00,64787.0,64015.38
2020-09-21 11:00:00+00:00,63962.0,64258.95
2020-09-21 12:00:00+00:00,62446.0,62925.453
2020-09-21 13:00:00+00:00,61214.0,61396.16
2020-09-21 14:00:00+00:00,59901.0,60077.78
2020-09-21 15:00:00+00:00,59462.0,59624.59
2020-09-21 16:00:00+00:00,59425.0,59126.12
2020-09-21 17:00:00+00:00,60160.0,61174.61
2020-09-21 18:00:00+00:00,58850.0,59358.176
2020-09-21 19:00:00+00:00,54809.0,55669.008
2020-09-21 20:00:00+00:00,50467.0,50982.477
2020-09-21 21:00:00+00:00,46826.0,46420.13
2020-09-21 22:00:00+00:00,44161.0,44177.023
2020-09-21 23:00:00+00:00,42794.0,42680.457
2020-09-22 00:00:00+00:00,41876.0,42216.97
2020-09-22 01:00:00+00:00,42099.0,42169.746
2020-09-22 02:00:00+00:00,43026.0,43469.652
2020-09-22 03:00:00+00:00,46854.0,46443.41
2020-09-22 04:00:00+00:00,54703.0,54781.06
2020-09-22 05:00:00+00:00,59677.0,59957.855
2020-09-22 06:00:00+00:00,62280.0,62511.305
2020-09-22 07:00:00+00:00,62663.0,63418.51
2020-09-22 08:00:00+00:00,64346.0,64124.766
2020-09-22 09:00:00+00:00,65721.0,65634.734
2020-09-22 10:00:00+00:00,65825.0,65081.18
2020-09-22 11:00:00+00:00,64785.0,65185.39
2020-09-22 12:00:00+00:00,63562.0,63671.656
2020-09-22 13:00:00+00:00,62120.0,62394.168
2020-09-22 14:00:00+00:00,60305.0,60996.47
2020-09-22 15:00:00+00:00,60048.0,60035.395
2020-09-22 16:00:00+00:00,59831.0,59917.324
2020-09-22 17:00:00+00:00,60562.0,59845.7
2020-09-22 18:00:00+00:00,58842.0,59621.566
2020-09-22 19:00:00+00:00,54892.0,55746.484
2020-09-22 20:00:00+00:00,50739.0,51133.97
2020-09-22 21:00:00+00:00,46175.0,46804.88
2020-09-22 22:00:00+00:00,43819.0,43219.72
2020-09-22 23:00:00+00:00,42203.0,42301.23
2020-09-23 00:00:00+00:00,41344.0,41348.83
2020-09-23 01:00:00+00:00,41666.0,41600.055
2020-09-23 02:00:00+00:00,42738.0,42967.023
2020-09-23 03:00:00+00:00,46679.0,46463.805
2020-09-23 04:00:00+00:00,55749.0,54901.664
2020-09-23 05:00:00+00:00,60868.0,61488.766
2020-09-23 06:00:00+00:00,63754.0,63628.62
2020-09-23 07:00:00+00:00,64016.0,64792.4
2020-09-23 08:00:00+00:00,65109.0,65673.02
2020-09-23 09:00:00+00:00,66121.0,66300.28
2020-09-23 10:00:00+00:00,65735.0,65504.195
2020-09-23 11:00:00+00:00,64470.0,65114.117
2020-09-23 12:00:00+00:00,64734.0,63393.91
2020-09-23 13:00:00+00:00,63874.0,63514.26
2020-09-23 14:00:00+00:00,62166.0,62446.285
2020-09-23 15:00:00+00:00,62059.0,61740.09
2020-09-23 16:00:00+00:00,61437.0,61926.438
2020-09-23 17:00:00+00:00,61764.0,61159.594
2020-09-23 18:00:00+00:00,59782.0,60762.695
2020-09-23 19:00:00+00:00,55434.0,56677.28
2020-09-23 20:00:00+00:00,51400.0,51470.066
2020-09-23 21:00:00+00:00,47243.0,47472.414
2020-09-23 22:00:00+00:00,44914.0,44441.4
2020-09-23 23:00:00+00:00,44332.0,43496.098
2020-09-24 00:00:00+00:00,43985.0,44042.69
2020-09-24 01:00:00+00:00,43704.0,44839.633
2020-09-24 02:00:00+00:00,44766.0,45157.72
2020-09-24 03:00:00+00:00,48727.0,49004.984
2020-09-24 04:00:00+00:00,56448.0,56612.324
2020-09-24 05:00:00+00:00,61803.0,61315.01
2020-09-24 06:00:00+00:00,64399.0,63900.273
2020-09-24 07:00:00+00:00,64613.0,65599.77
2020-09-24 08:00:00+00:00,66916.0,66224.08
2020-09-24 09:00:00+00:00,68303.0,67774.14
2020-09-24 10:00:00+00:00,66824.0,67677.47
2020-09-24 11:00:00+00:00,66297.0,66088.484
2020-09-24 12:00:00+00:00,65852.0,65216.305
2020-09-24 13:00:00+00:00,64552.0,64616.13
2020-09-24 14:00:00+00:00,62294.0,63385.92
2020-09-24 15:00:00+00:00,61620.0,61951.89
2020-09-24 16:00:00+00:00,60860.0,61293.09
2020-09-24 17:00:00+00:00,61282.0,61797.883
2020-09-24 18:00:00+00:00,59423.0,60792.1
2020-09-24 19:00:00+00:00,55088.0,56509.51
2020-09-24 20:00:00+00:00,51070.0,51242.984
2020-09-24 21:00:00+00:00,47728.0,47218.43
2020-09-24 22:00:00+00:00,45926.0,45073.582
2020-09-24 23:00:00+00:00,43704.0,44510.83
2020-09-25 00:00:00+00:00,42666.0,42844.285
2020-09-25 01:00:00+00:00,43144.0,42678.73
2020-09-25 02:00:00+00:00,44284.0,44740.203
2020-09-25 03:00:00+00:00,48295.0,48132.008
2020-09-25 04:00:00+00:00,55199.0,55633.9
2020-09-25 05:00:00+00:00,60690.0,60358.625
2020-09-25 06:00:00+00:00,62959.0,63550.83
2020-09-25 07:00:00+00:00,64479.0,64168.523
2020-09-25 08:00:00+00:00,65756.0,66468.44
2020-09-25 09:00:00+00:00,67005.0,66668.84
2020-09-25 10:00:00+00:00,65994.0,66532.11
2020-09-25 11:00:00+00:00,64681.0,65326.11
2020-09-25 12:00:00+00:00,62582.0,63672.848
2020-09-25 13:00:00+00:00,60877.0,61691.723
2020-09-25 14:00:00+00:00,59675.0,60173.91
2020-09-25 15:00:00+00:00,59217.0,59498.15
2020-09-25 16:00:00+00:00,59003.0,58848.812
2020-09-25 17:00:00+00:00,59441.0,59144.926
2020-09-25 18:00:00+00:00,57154.0,58272.184
2020-09-25 19:00:00+00:00,53148.0,54324.953
2020-09-25 20:00:00+00:00,50199.0,49702.18
2020-09-25 21:00:00+00:00,46563.0,46557.12
2020-09-25 22:00:00+00:00,43890.0,43601.168
2020-09-25 23:00:00+00:00,41908.0,42070.215
2020-09-26 00:00:00+00:00,40698.0,40754.78
2020-09-26 01:00:00+00:00,40401.0,40429.625
2020-09-26 02:00:00+00:00,40391.0,40752.047
2020-09-26 03:00:00+00:00,40959.0,40925.418
2020-09-26 04:00:00+00:00,43149.0,43076.3
2020-09-26 05:00:00+00:00,45950.0,46634.176
2020-09-26 06:00:00+00:00,49608.0,49658.34
2020-09-26 07:00:00+00:00,52692.0,52639.816
2020-09-26 08:00:00+00:00,54928.0,54329.31
2020-09-26 09:00:00+00:00,56186.0,55647.016
2020-09-26 10:00:00+00:00,56460.0,55242.164
2020-09-26 11:00:00+00:00,54756.0,54888.066
2020-09-26 12:00:00+00:00,53348.0,53235.242
2020-09-26 13:00:00+00:00,52456.0,52376.33
2020-09-26 14:00:00+00:00,52499.0,52142.016
2020-09-26 15:00:00+00:00,53687.0,53553.027
2020-09-26 16:00:00+00:00,54384.0,54404.895
2020-09-26 17:00:00+00:00,54322.0,53961.71
2020-09-26 18:00:00+00:00,51430.0,52117.754
2020-09-26 19:00:00+00:00,48135.0,49419.227
2020-09-26 20:00:00+00:00,46496.0,46789.67
2020-09-26 21:00:00+00:00,43097.0,43380.766
2020-09-26 22:00:00+00:00,40480.0,39880.742
2020-09-26 23:00:00+00:00,38777.0,38129.023
2020-09-27 00:00:00+00:00,37704.0,37376.91
2020-09-27 01:00:00+00:00,37378.0,37187.83
2020-09-27 02:00:00+00:00,37341.0,37616.91
2020-09-27 03:00:00+00:00,37625.0,37095.45
2020-09-27 04:00:00+00:00,38405.0,37786.2
2020-09-27 05:00:00+00:00,40153.0,40892.215
2020-09-27 06:00:00+00:00,43434.0,43612.375
2020-09-27 07:00:00+00:00,46939.0,46700.254
2020-09-27 08:00:00+00:00,50059.0,49397.996
2020-09-27 09:00:00+00:00,52121.0,52519.895
2020-09-27 10:00:00+00:00,52227.0,51430.227
2020-09-27 11:00:00+00:00,50386.0,50326.99
2020-09-27 12:00:00+00:00,48933.0,48792.203
2020-09-27 13:00:00+00:00,47464.0,48163.168
2020-09-27 14:00:00+00:00,47142.0,47572.195
2020-09-27 15:00:00+00:00,48604.0,49063.87
2020-09-27 16:00:00+00:00,50246.0,51918.07
2020-09-27 17:00:00+00:00,51534.0,52222.016
2020-09-27 18:00:00+00:00,49854.0,51045.367
2020-09-27 19:00:00+00:00,47286.0,48317.316
2020-09-27 20:00:00+00:00,46219.0,46444.082
2020-09-27 21:00:00+00:00,43398.0,43242.605
2020-09-27 22:00:00+00:00,41407.0,40460.617
2020-09-27 23:00:00+00:00,40414.0,39521.59
2020-09-28 00:00:00+00:00,39860.0,39488.25
2020-09-28 01:00:00+00:00,40207.0,39829.152
2020-09-28 02:00:00+00:00,42254.0,41600.844
2020-09-28 03:00:00+00:00,46180.0,46486.137
2020-09-28 04:00:00+00:00,54773.0,54263.285
2020-09-28 05:00:00+00:00,60862.0,60802.56
2020-09-28 06:00:00+00:00,63206.0,64031.414
2020-09-28 07:00:00+00:00,63599.0,64370.57
2020-09-28 08:00:00+00:00,64594.0,65170.734
2020-09-28 09:00:00+00:00,65635.0,65863.24
2020-09-28 10:00:00+00:00,65791.0,64946.72
2020-09-28 11:00:00+00:00,65568.0,65103.043
2020-09-28 12:00:00+00:00,64527.0,64536.473
2020-09-28 13:00:00+00:00,62485.0,63489.297
2020-09-28 14:00:00+00:00,61300.0,61318.02
2020-09-28 15:00:00+00:00,61369.0,61554.543
2020-09-28 16:00:00+00:00,61753.0,62511.434
2020-09-28 17:00:00+00:00,62806.0,64531.88
2020-09-28 18:00:00+00:00,60672.0,61914.93
2020-09-28 19:00:00+00:00,56994.0,57417.74
2020-09-28 20:00:00+00:00,53622.0,53490.426
2020-09-28 21:00:00+00:00,49617.0,49441.58
2020-09-28 22:00:00+00:00,46430.0,46432.195
2020-09-28 23:00:00+00:00,44632.0,44603.4
2020-09-29 00:00:00+00:00,44021.0,43760.723
2020-09-29 01:00:00+00:00,44199.0,44352.934
2020-09-29 02:00:00+00:00,45442.0,45509.047
2020-09-29 03:00:00+00:00,49234.0,48982.29
2020-09-29 04:00:00+00:00,56641.0,57843.695
2020-09-29 05:00:00+00:00,61230.0,61999.016
2020-09-29 06:00:00+00:00,63396.0,63937.81
2020-09-29 07:00:00+00:00,64699.0,64497.63
2020-09-29 08:00:00+00:00,66008.0,66365.64
2020-09-29 09:00:00+00:00,67478.0,67143.88
2020-09-29 10:00:00+00:00,67574.0,67077.0
2020-09-29 11:00:00+00:00,66534.0,67005.125
2020-09-29 12:00:00+00:00,65415.0,65427.754
2020-09-29 13:00:00+00:00,64276.0,64370.125
2020-09-29 14:00:00+00:00,62336.0,63024.312
2020-09-29 15:00:00+00:00,61883.0,62047.387
2020-09-29 16:00:00+00:00,62160.0,61793.19
2020-09-29 17:00:00+00:00,63759.0,62899.656
2020-09-29 18:00:00+00:00,60830.0,62751.52
2020-09-29 19:00:00+00:00,56775.0,57549.89
2020-09-29 20:00:00+00:00,53356.0,53295.33
2020-09-29 21:00:00+00:00,49467.0,49352.992
2020-09-29 22:00:00+00:00,46652.0,46431.84
2020-09-29 23:00:00+00:00,44895.0,44963.438
2020-09-30 00:00:00+00:00,44159.0,44089.805
2020-09-30 01:00:00+00:00,44415.0,44500.547
2020-09-30 02:00:00+00:00,45834.0,45789.12
2020-09-30 03:00:00+00:00,49486.0,49696.062
2020-09-30 04:00:00+00:00,57232.0,57918.77
2020-09-30 05:00:00+00:00,61960.0,62564.55
2020-09-30 06:00:00+00:00,63790.0,64537.74
2020-09-30 07:00:00+00:00,64904.0,64783.184
2020-09-30 08:00:00+00:00,65475.0,66638.51
2020-09-30 09:00:00+00:00,66669.0,66318.82
2020-09-30 10:00:00+00:00,66625.0,66184.07
2020-09-30 11:00:00+00:00,65402.0,65932.35
2020-09-30 12:00:00+00:00,64578.0,64298.312
2020-09-30 13:00:00+00:00,63259.0,63507.27
2020-09-30 14:00:00+00:00,61396.0,62081.89
2020-09-30 15:00:00+00:00,61436.0,61109.49
2020-09-30 16:00:00+00:00,61432.0,61938.047
2020-09-30 17:00:00+00:00,63459.0,62632.957
2020-09-30 18:00:00+00:00,61177.0,62071.605
2020-09-30 19:00:00+00:00,57559.0,57624.652
2020-09-30 20:00:00+00:00,54108.0,53937.25
2020-09-30 21:00:00+00:00,49845.0,49999.953
2020-09-30 22:00:00+00:00,46886.0,46578.59
2020-09-30 23:00:00+00:00,45461.0,45119.5
